game_id,objective_MostInvestors,objective_MostEngineers,objective_NewWorldExplorer,objective_BasicGoodsProducer,objective_ExplorerTrader,objective_LuxuryFactories,objective_SingleIslandBonus,objective_MostExpeditionCards,objective_ExtraAction,objective_ArtifactBonus,objective_NewWorldProductFactories,objective_AnimalBonus,objective_ArtisanGoodsFactories,objective_MostTradeChips,objective_PrestigeFactories,objective_ResidentCardsPenalty,objective_EngineerGoodsFactories,objective_DiscardResidentCard,objective_InvestorExhaustForGold,objective_MostResidentsTotal,rounds_played,game_end_status,winner_player,player_id_p1,seat_position_p1,is_start_player_p1,start_cards_l2_count_p1,start_cards_l5_count_p1,start_cards_l7_count_p1,start_reward_upgrade_count_p1,start_reward_tradepoints_count_p1,start_reward_gold_count_p1,start_reward_extraaction_count_p1,start_reward_expedition_count_p1,start_reward_discard_count_p1,start_reward_explorationpoints_count_p1,start_reward_freegoodschoice_count_p1,start_reward_gold_and_tradepoints_count_p1,strategy_name_p1,fulfill_needs_count_p1,final_points_p1,rank_p1,is_winner_p1,player_id_p2,seat_position_p2,is_start_player_p2,start_cards_l2_count_p2,start_cards_l5_count_p2,start_cards_l7_count_p2,start_reward_upgrade_count_p2,start_reward_tradepoints_count_p2,start_reward_gold_count_p2,start_reward_extraaction_count_p2,start_reward_expedition_count_p2,start_reward_discard_count_p2,start_reward_explorationpoints_count_p2,start_reward_freegoodschoice_count_p2,start_reward_gold_and_tradepoints_count_p2,strategy_name_p2,fulfill_needs_count_p2,final_points_p2,rank_p2,is_winner_p2,player_id_p3,seat_position_p3,is_start_player_p3,start_cards_l2_count_p3,start_cards_l5_count_p3,start_cards_l7_count_p3,start_reward_upgrade_count_p3,start_reward_tradepoints_count_p3,start_reward_gold_count_p3,start_reward_extraaction_count_p3,start_reward_expedition_count_p3,start_reward_discard_count_p3,start_reward_explorationpoints_count_p3,start_reward_freegoodschoice_count_p3,start_reward_gold_and_tradepoints_count_p3,strategy_name_p3,fulfill_needs_count_p3,final_points_p3,rank_p3,is_winner_p3
1,0,0,1,0,0,0,0,0,1,0,0,0,0,1,0,1,0,1,0,0,125,,1,2,1,1,7,2,0,2,1,1,0,0,0,0,0,0,explorationFocus,28,82,3,0,0,2,0,7,2,0,1,2,1,1,0,0,0,0,0,adaptiveResidentStrategy,31,145,1,1,1,3,0,7,2,0,2,2,1,0,1,0,0,1,0,balanced,55,145,1,1
2,0,0,0,0,0,0,0,1,0,1,0,0,0,0,0,1,0,0,1,1,90,,2,0,1,1,7,2,0,1,1,2,0,2,0,0,0,0,adaptiveResidentStrategy,136,149,2,0,1,2,0,7,2,0,1,1,1,1,0,0,0,0,0,eliteResidentProduction,141,160,1,1,2,3,0,7,2,0,2,2,0,1,0,0,0,0,0,adaptiveResidentStrategy,154,93,3,0
3,1,1,0,0,1,0,1,0,0,0,0,0,0,0,0,0,0,0,0,1,103,,1,1,1,1,7,2,0,1,2,1,2,0,0,0,0,0,balanced,76,91,3,0,2,2,0,7,2,0,3,1,0,2,0,0,0,0,0,factoryVariety,80,113,2,0,0,3,0,7,2,0,0,2,0,0,0,0,2,0,0,factoryVariety,37,148,1,1
4,1,0,1,0,0,0,0,0,0,0,0,0,0,0,1,1,0,0,0,1,105,,2,1,1,1,7,2,0,2,0,1,0,0,0,0,1,0,factoryVariety,112,160,1,1,2,2,0,7,2,0,2,1,0,1,0,1,0,0,0,balanced,153,106,3,0,0,3,0,7,2,0,2,2,1,0,2,0,0,0,0,adaptiveResidentStrategy,29,112,2,0
5,1,0,0,0,1,0,0,0,0,0,0,0,0,0,0,1,0,1,1,0,173,,3,2,1,1,7,2,0,2,2,0,1,0,0,1,0,0,shipBuilding,155,145,1,1,0,2,0,7,2,0,2,0,1,1,1,0,0,0,0,explorationFocus,38,103,3,0,1,3,0,7,2,0,1,0,1,1,0,0,1,0,0,explorationFocus,74,118,2,0
6,1,0,1,0,1,0,0,0,0,0,0,0,0,1,0,1,0,0,0,0,205,,1,1,1,1,7,2,0,2,2,0,0,1,0,0,0,0,factoryVariety,88,83,3,0,2,2,0,7,2,0,2,1,3,0,1,1,0,0,0,explorationFocus,44,116,2,0,0,3,0,7,2,0,1,1,0,1,0,0,0,1,0,balanced,89,135,1,1
7,1,0,0,0,0,0,0,0,0,0,1,0,0,0,1,0,0,0,1,1,135,,3,2,1,1,7,2,0,1,3,1,0,0,0,1,0,0,factoryVariety,89,125,1,1,0,2,0,7,2,0,2,1,2,1,0,0,0,0,0,factoryVariety,88,107,2,0,1,3,0,7,2,0,4,0,1,0,2,0,0,0,0,balanced,72,94,3,0
8,1,0,1,0,0,0,0,0,0,1,0,1,0,0,0,0,0,0,0,1,73,,2,0,1,1,7,2,0,0,2,1,0,1,0,0,0,0,eliteResidentProduction,29,148,2,0,1,2,0,7,2,0,3,2,0,0,0,0,0,0,0,adaptiveResidentStrategy,136,152,1,1,2,3,0,7,2,0,0,2,1,0,0,2,0,0,0,eliteResidentProduction,90,136,3,0
9,0,1,0,0,0,0,0,0,0,0,0,1,0,0,0,1,0,1,0,1,85,,3,0,1,1,7,2,0,2,2,0,0,0,0,0,0,0,adaptiveResidentStrategy,65,107,3,0,1,2,0,7,2,0,2,0,2,0,0,1,0,0,0,balanced,77,141,2,0,2,3,0,7,2,0,2,3,1,0,1,0,0,0,0,factoryVariety,114,156,1,1
10,0,1,1,0,0,0,0,0,0,1,1,0,0,0,1,0,0,0,0,0,64,,3,2,1,1,7,2,0,1,1,0,1,0,0,0,0,0,shipBuilding,68,162,1,1,0,2,0,7,2,0,2,3,0,0,1,0,0,1,0,factoryVariety,135,145,2,0,1,3,0,7,2,0,2,3,1,0,0,0,0,1,0,shipBuilding,131,104,3,0
11,1,0,1,0,1,0,0,0,0,0,0,0,0,0,0,1,0,0,1,0,145,,2,1,1,1,7,2,0,1,1,1,0,0,1,0,1,0,eliteResidentProduction,128,137,1,1,2,2,0,7,2,0,2,1,4,0,0,0,1,0,0,explorationFocus,95,118,2,0,0,3,0,7,2,0,2,3,0,2,0,0,0,0,0,eliteResidentProduction,81,115,3,0
12,0,0,0,0,0,0,1,1,1,1,0,0,0,0,0,1,0,0,0,0,210,,3,0,1,1,7,2,0,3,2,1,1,0,0,0,0,0,explorationFocus,59,144,2,0,1,2,0,7,2,0,1,0,2,1,0,1,0,0,0,eliteResidentProduction,151,115,3,0,2,3,0,7,2,0,1,2,0,0,0,1,0,0,0,adaptiveResidentStrategy,86,154,1,1
13,0,1,0,0,0,0,1,1,1,0,0,1,0,0,0,0,0,0,0,0,77,,1,1,1,1,7,2,0,1,1,0,1,0,1,0,0,0,factoryVariety,131,112,3,0,2,2,0,7,2,0,3,1,1,0,1,0,0,1,0,explorationFocus,70,130,2,0,0,3,0,7,2,0,1,2,1,1,0,1,0,0,0,explorationFocus,68,145,1,1
14,0,1,1,0,0,0,0,0,0,0,0,1,0,0,0,0,0,1,1,0,113,,3,2,1,1,7,2,0,3,0,1,1,0,1,0,0,0,factoryVariety,149,147,1,1,0,2,0,7,2,0,0,3,2,0,0,0,0,1,0,adaptiveResidentStrategy,90,138,2,0,1,3,0,7,2,0,0,0,2,2,0,0,0,0,0,eliteResidentProduction,127,117,3,0
15,0,1,1,0,0,0,1,0,0,0,0,1,0,1,0,0,0,0,0,0,222,,1,2,1,1,7,2,0,1,1,0,1,0,1,0,0,0,balanced,144,110,2,0,0,2,0,7,2,0,3,1,1,0,0,0,0,0,0,eliteResidentProduction,117,132,1,1,1,3,0,7,2,0,3,3,0,0,0,0,0,0,0,explorationFocus,45,82,3,0
16,0,1,0,0,1,0,0,0,1,1,0,0,0,0,0,0,0,0,1,0,164,,3,2,1,1,7,2,0,1,0,1,0,0,1,0,0,0,explorationFocus,125,131,1,1,0,2,0,7,2,0,3,2,0,1,0,1,0,0,0,balanced,92,117,2,0,1,3,0,7,2,0,1,3,1,0,1,0,1,0,0,shipBuilding,110,88,3,0
17,1,1,1,0,0,0,1,0,0,0,0,0,0,1,0,0,0,0,0,0,173,,1,0,1,1,7,2,0,1,2,2,0,0,1,0,0,0,eliteResidentProduction,71,160,1,1,1,2,0,7,2,0,1,2,0,0,2,0,0,0,0,explorationFocus,110,88,3,0,2,3,0,7,2,0,3,1,1,0,0,0,1,0,0,explorationFocus,46,115,2,0
18,1,1,0,0,0,0,0,1,0,0,0,0,0,0,0,0,0,1,1,0,55,,3,0,1,1,7,2,0,2,0,1,0,0,2,0,0,0,shipBuilding,75,106,2,0,1,2,0,7,2,0,0,2,1,2,0,0,0,0,0,explorationFocus,29,82,3,0,2,3,0,7,2,0,1,2,2,1,0,0,0,0,0,adaptiveResidentStrategy,81,121,1,1
19,0,0,1,0,0,0,0,1,1,0,0,0,0,0,0,1,0,0,1,0,300,aborted_300_rounds,1,1,1,1,7,2,0,1,1,2,0,0,1,0,0,0,balanced,130,131,2,0,2,2,0,7,2,0,2,2,2,1,0,0,1,0,0,balanced,131,107,3,0,0,3,0,7,2,0,2,0,1,1,0,0,0,1,0,balanced,114,154,1,1
20,0,0,1,0,0,0,1,0,1,0,0,0,0,0,0,0,0,0,1,1,153,,1,1,1,1,7,2,0,0,1,1,0,0,1,1,0,0,adaptiveResidentStrategy,80,93,3,0,2,2,0,7,2,0,2,0,1,1,0,0,1,0,0,eliteResidentProduction,50,122,2,0,0,3,0,7,2,0,1,1,2,0,0,1,0,0,0,factoryVariety,111,126,1,1
21,1,0,0,0,0,0,0,0,1,0,0,0,0,1,0,0,0,1,0,1,217,,1,2,1,1,7,2,0,2,2,0,1,0,0,0,0,0,balanced,43,84,3,0,0,2,0,7,2,0,1,3,2,1,0,0,0,0,0,explorationFocus,114,127,1,1,1,3,0,7,2,0,2,0,1,0,1,1,0,0,0,balanced,144,106,2,0
22,0,0,0,1,0,0,1,0,1,0,0,0,0,0,0,1,0,0,1,0,245,,2,0,1,1,7,2,0,1,3,0,0,0,1,1,0,0,factoryVariety,81,116,3,0,1,2,0,7,2,0,2,1,0,1,0,1,0,0,0,adaptiveResidentStrategy,136,151,1,1,2,3,0,7,2,0,1,2,2,0,0,1,0,0,0,explorationFocus,134,127,2,0
23,0,1,0,0,1,0,1,1,0,0,0,1,0,0,0,0,0,0,0,0,217,,2,2,1,1,7,2,0,0,3,1,0,0,1,0,0,0,explorationFocus,53,84,3,0,0,2,0,7,2,0,0,1,1,0,0,1,1,0,0,eliteResidentProduction,132,109,2,0,1,3,0,7,2,0,2,3,0,0,0,1,0,0,0,shipBuilding,130,149,1,1
24,1,0,0,0,1,0,1,0,0,0,0,0,0,0,0,0,0,1,1,0,178,,3,0,1,1,7,2,0,3,0,0,0,1,0,0,0,0,explorationFocus,38,109,3,0,1,2,0,7,2,0,2,1,2,1,0,0,0,1,0,eliteResidentProduction,130,128,2,0,2,3,0,7,2,0,1,1,0,1,0,1,0,0,0,balanced,55,153,1,1
25,0,0,1,0,1,0,0,0,0,1,0,1,0,1,0,0,0,0,0,0,190,,1,0,1,1,7,2,0,1,1,0,1,0,1,0,0,0,eliteResidentProduction,86,114,1,1,1,2,0,7,2,0,0,0,3,2,0,0,0,0,0,adaptiveResidentStrategy,76,106,3,0,2,3,0,7,2,0,0,3,2,0,0,0,0,0,0,balanced,62,107,2,0
26,0,1,0,0,1,0,1,0,1,0,0,0,0,0,0,1,0,0,0,0,115,,2,0,1,1,7,2,0,2,1,2,1,0,0,0,1,0,balanced,54,98,3,0,1,2,0,7,2,0,1,2,0,2,0,0,0,0,0,factoryVariety,147,161,1,1,2,3,0,7,2,0,2,2,1,1,0,0,0,0,0,shipBuilding,54,136,2,0
27,0,0,0,0,0,0,0,0,1,0,0,0,0,1,0,1,0,1,1,0,123,,1,1,1,1,7,2,0,1,4,0,0,0,0,0,1,0,factoryVariety,136,104,2,0,2,2,0,7,2,0,2,1,1,1,0,0,1,0,0,adaptiveResidentStrategy,141,87,3,0,0,3,0,7,2,0,2,3,0,0,0,1,0,0,0,adaptiveResidentStrategy,142,114,1,1
28,0,0,1,0,0,0,1,0,0,1,0,0,0,1,0,1,0,0,0,0,275,,1,1,1,1,7,2,0,1,0,1,0,0,0,1,0,0,factoryVariety,131,119,3,0,2,2,0,7,2,0,1,4,2,0,1,0,0,0,0,balanced,155,137,2,0,0,3,0,7,2,0,0,2,1,1,0,0,0,1,0,balanced,76,149,1,1
29,1,1,0,0,0,0,1,0,0,0,0,0,0,0,0,0,0,0,1,1,155,,2,1,1,1,7,2,0,2,1,1,0,0,0,0,0,0,factoryVariety,123,147,1,1,2,2,0,7,2,0,1,2,2,1,0,0,1,0,0,factoryVariety,140,109,2,0,0,3,0,7,2,0,0,2,2,0,0,2,0,0,0,adaptiveResidentStrategy,107,99,3,0
30,0,1,0,0,0,0,0,0,1,0,0,0,0,1,0,1,0,0,1,0,300,aborted_300_rounds,3,1,1,1,7,2,0,1,1,0,1,0,0,1,0,0,shipBuilding,92,100,3,0,2,2,0,7,2,0,1,0,3,0,0,1,0,0,0,adaptiveResidentStrategy,62,157,1,1,0,3,0,7,2,0,2,1,0,1,0,1,0,0,0,explorationFocus,123,137,2,0
31,0,0,0,0,0,0,1,0,0,0,0,1,0,1,0,0,0,1,0,1,210,,3,0,1,1,7,2,0,4,1,0,0,0,1,0,0,0,eliteResidentProduction,125,131,2,0,1,2,0,7,2,0,0,2,3,1,0,0,0,0,0,eliteResidentProduction,98,86,3,0,2,3,0,7,2,0,1,1,0,0,1,0,0,0,0,factoryVariety,74,153,1,1
32,0,0,1,0,0,0,1,0,0,0,0,0,0,0,0,1,0,1,1,0,115,,3,2,1,1,7,2,0,3,0,1,1,0,0,0,0,0,factoryVariety,116,158,1,1,0,2,0,7,2,0,1,3,0,0,1,1,0,0,0,factoryVariety,87,114,3,0,1,3,0,7,2,0,0,2,0,2,0,0,0,0,0,balanced,54,125,2,0
33,0,0,0,0,1,0,0,1,0,0,0,1,0,0,0,0,0,1,0,1,114,,3,0,1,1,7,2,0,2,1,1,2,0,0,0,0,0,balanced,78,126,2,0,1,2,0,7,2,0,2,0,1,1,0,1,0,0,0,adaptiveResidentStrategy,37,84,3,0,2,3,0,7,2,0,0,1,0,1,1,0,0,0,0,balanced,67,158,1,1
34,0,0,1,0,1,0,0,0,0,1,0,0,0,1,0,0,0,0,0,1,133,,2,0,1,1,7,2,0,1,1,1,1,0,1,0,0,0,adaptiveResidentStrategy,46,138,2,0,1,2,0,7,2,0,1,2,1,1,1,0,0,0,0,adaptiveResidentStrategy,114,141,1,1,2,3,0,7,2,0,4,1,0,1,0,0,0,0,0,balanced,38,133,3,0
35,1,0,0,1,0,0,0,0,0,0,0,1,0,0,0,0,0,1,1,0,200,,3,1,1,1,7,2,0,2,2,1,2,0,0,0,0,0,factoryVariety,35,107,2,0,2,2,0,7,2,0,3,0,2,2,0,0,0,0,0,eliteResidentProduction,39,134,1,1,0,3,0,7,2,0,3,1,0,0,0,1,0,0,0,adaptiveResidentStrategy,147,89,3,0
36,1,0,0,0,0,0,1,1,0,0,0,0,0,1,0,1,0,0,0,0,125,,3,2,1,1,7,2,0,0,2,3,1,0,0,0,1,0,explorationFocus,139,134,1,1,0,2,0,7,2,0,2,3,0,1,0,0,0,1,0,adaptiveResidentStrategy,63,129,2,0,1,3,0,7,2,0,0,2,1,0,0,1,0,0,0,adaptiveResidentStrategy,148,103,3,0
37,0,1,0,0,0,0,1,1,0,0,0,0,0,0,0,0,0,1,0,1,90,,2,0,1,1,7,2,0,1,2,1,1,0,0,1,0,0,eliteResidentProduction,70,130,2,0,1,2,0,7,2,0,2,1,1,1,1,0,0,0,0,factoryVariety,122,157,1,1,2,3,0,7,2,0,2,2,0,2,0,0,0,0,0,eliteResidentProduction,90,125,3,0
38,0,1,0,0,1,0,0,0,0,1,0,1,0,0,0,0,0,0,0,1,103,,3,1,1,1,7,2,0,1,3,0,1,0,0,0,0,0,adaptiveResidentStrategy,51,82,3,0,2,2,0,7,2,0,3,1,1,1,0,0,0,0,0,eliteResidentProduction,66,143,1,1,0,3,0,7,2,0,1,3,0,0,0,1,0,0,0,explorationFocus,74,134,2,0
39,0,0,1,0,0,0,0,0,1,0,0,1,0,1,0,1,0,0,0,0,105,,2,0,1,1,7,2,0,0,4,1,0,0,0,0,1,0,adaptiveResidentStrategy,153,88,3,0,1,2,0,7,2,0,2,1,1,1,0,0,0,0,0,balanced,46,164,1,1,2,3,0,7,2,0,2,1,0,1,0,0,1,0,0,eliteResidentProduction,30,105,2,0
40,0,0,0,0,0,0,1,1,0,0,0,0,0,1,0,0,0,0,1,1,173,,3,2,1,1,7,2,0,1,1,1,1,0,1,0,0,0,eliteResidentProduction,30,131,1,1,0,2,0,7,2,0,1,1,0,0,0,1,1,0,0,eliteResidentProduction,64,97,2,0,1,3,0,7,2,0,1,1,1,1,0,0,0,0,0,adaptiveResidentStrategy,29,91,3,0
41,0,0,1,0,0,1,0,0,0,0,0,1,0,1,0,0,0,1,0,0,205,,3,1,1,1,7,2,0,0,2,1,0,0,0,0,1,0,balanced,127,140,2,0,2,2,0,7,2,0,1,4,0,0,0,1,1,0,0,eliteResidentProduction,134,165,1,1,0,3,0,7,2,0,2,2,1,0,2,0,0,0,0,adaptiveResidentStrategy,91,116,3,0
42,0,1,0,0,1,0,1,0,0,1,0,0,0,0,0,0,0,1,0,0,135,,1,2,1,1,7,2,0,1,2,0,1,0,0,0,1,0,balanced,132,110,3,0,0,2,0,7,2,0,2,2,1,1,1,0,0,0,0,factoryVariety,149,141,1,1,1,3,0,7,2,0,1,1,1,0,0,0,0,0,0,adaptiveResidentStrategy,52,128,2,0
43,0,0,0,0,1,0,0,0,0,1,0,1,0,1,0,0,0,0,1,0,73,,3,1,1,1,7,2,0,0,2,0,2,0,0,0,0,0,shipBuilding,29,110,3,0,2,2,0,7,2,0,4,1,1,0,0,0,1,0,0,eliteResidentProduction,140,128,1,1,0,3,0,7,2,0,1,0,2,1,1,0,0,0,0,eliteResidentProduction,151,126,2,0
44,0,0,0,0,0,0,0,1,0,1,0,0,0,1,0,1,0,0,1,0,85,,3,2,1,1,7,2,0,1,2,3,1,0,0,0,1,0,explorationFocus,129,162,1,1,0,2,0,7,2,0,3,2,1,0,0,1,0,0,0,factoryVariety,42,110,3,0,1,3,0,7,2,0,1,1,0,1,0,1,0,0,0,adaptiveResidentStrategy,127,150,2,0
45,0,1,1,0,0,0,0,0,0,1,0,0,0,0,0,0,0,1,1,0,64,,2,2,1,1,7,2,0,2,2,1,1,0,1,0,0,0,eliteResidentProduction,142,110,3,0,0,2,0,7,2,0,0,2,2,0,0,0,2,0,0,eliteResidentProduction,140,122,2,0,1,3,0,7,2,0,1,1,2,1,1,0,0,0,0,factoryVariety,74,126,1,1
46,1,0,1,0,0,0,0,0,0,0,0,0,0,1,0,1,0,0,0,1,145,,1,0,1,1,7,2,0,2,2,1,1,1,0,0,0,0,adaptiveResidentStrategy,50,146,1,1,1,2,0,7,2,0,1,0,0,0,0,1,0,1,0,adaptiveResidentStrategy,52,138,3,0,2,3,0,7,2,0,1,2,0,0,0,2,0,0,0,adaptiveResidentStrategy,75,145,2,0
47,0,0,0,0,1,0,0,1,1,1,0,0,0,1,0,0,0,0,0,0,210,,1,1,1,1,7,2,0,2,1,1,1,0,0,0,0,0,explorationFocus,84,85,3,0,2,2,0,7,2,0,2,1,2,1,0,0,0,0,0,explorationFocus,135,94,2,0,0,3,0,7,2,0,1,3,1,0,0,0,0,0,0,shipBuilding,34,121,1,1
48,1,0,1,0,0,0,0,1,1,0,0,0,0,1,0,0,0,0,0,0,77,,1,2,1,1,7,2,0,0,3,0,1,0,0,0,1,0,explorationFocus,107,126,1,1,0,2,0,7,2,0,2,0,1,1,0,0,0,0,0,explorationFocus,56,126,1,1,1,3,0,7,2,0,4,0,2,1,0,1,0,0,0,factoryVariety,126,96,3,0
49,1,1,0,0,0,0,0,0,1,1,0,0,0,0,0,0,0,0,0,1,113,,1,2,1,1,7,2,0,4,2,0,1,0,0,0,0,0,shipBuilding,39,113,2,0,0,2,0,7,2,0,2,1,1,0,1,0,1,0,0,eliteResidentProduction,33,131,1,1,1,3,0,7,2,0,2,0,1,0,0,1,0,0,0,eliteResidentProduction,109,102,3,0
50,1,1,1,0,1,0,0,0,1,0,0,0,0,0,0,0,0,0,0,0,222,,3,2,1,1,7,2,0,4,1,2,0,0,0,0,0,0,explorationFocus,61,155,1,1,0,2,0,7,2,0,3,1,0,0,0,1,0,0,0,factoryVariety,102,112,2,0,1,3,0,7,2,0,0,6,0,1,0,0,0,0,0,balanced,91,83,3,0
51,1,0,0,0,0,0,1,1,0,0,0,0,0,0,0,0,0,1,1,0,164,,3,1,1,1,7,2,0,1,2,0,0,0,2,0,0,0,eliteResidentProduction,70,112,3,0,2,2,0,7,2,0,1,4,3,1,0,0,0,0,0,factoryVariety,42,122,1,1,0,3,0,7,2,0,1,0,1,0,1,1,0,0,0,factoryVariety,101,116,2,0
52,0,1,0,0,0,0,1,0,0,1,0,0,0,0,0,0,0,0,1,1,173,,3,1,1,1,7,2,0,1,3,0,2,0,0,0,0,0,factoryVariety,122,104,3,0,2,2,0,7,2,0,2,1,0,1,0,0,1,0,0,eliteResidentProduction,134,149,1,1,0,3,0,7,2,0,1,2,2,0,1,0,0,0,0,eliteResidentProduction,76,140,2,0
53,0,0,1,0,0,0,0,0,0,1,0,1,0,0,0,1,0,1,0,0,55,,1,0,1,1,7,2,0,1,0,2,0,0,1,1,0,0,eliteResidentProduction,32,142,1,1,1,2,0,7,2,0,3,2,1,0,0,1,0,0,0,explorationFocus,47,104,3,0,2,3,0,7,2,0,1,3,1,1,0,0,0,0,0,factoryVariety,82,111,2,0
54,0,0,0,0,0,0,0,0,0,0,0,1,0,1,0,1,0,1,1,0,300,aborted_300_rounds,1,1,1,1,7,2,0,0,0,2,0,0,0,1,1,0,adaptiveResidentStrategy,29,88,3,0,2,2,0,7,2,0,3,1,1,1,1,0,0,0,0,shipBuilding,87,100,2,0,0,3,0,7,2,0,2,1,1,2,0,0,0,0,0,adaptiveResidentStrategy,57,118,1,1
55,1,0,1,0,1,0,0,0,0,0,0,0,0,1,0,0,0,0,0,1,153,,3,0,1,1,7,2,0,1,1,2,1,0,0,1,0,0,explorationFocus,119,92,3,0,1,2,0,7,2,0,1,1,1,1,0,0,1,0,0,eliteResidentProduction,129,105,2,0,2,3,0,7,2,0,3,3,0,0,0,1,0,1,0,factoryVariety,56,143,1,1
56,0,0,0,0,0,0,0,0,1,0,0,1,0,1,0,1,0,1,0,0,217,,1,0,1,1,7,2,0,0,0,1,1,0,0,0,1,0,balanced,41,138,1,1,1,2,0,7,2,0,2,3,0,0,0,0,1,0,0,factoryVariety,113,96,2,0,2,3,0,7,2,0,3,3,1,0,0,1,0,0,0,eliteResidentProduction,51,93,3,0
57,0,0,0,0,1,0,1,1,1,0,0,0,0,0,0,0,0,0,1,0,245,,3,1,1,1,7,2,0,2,1,0,0,0,1,0,0,0,shipBuilding,98,87,3,0,2,2,0,7,2,0,2,3,0,1,1,0,0,0,0,balanced,93,124,1,1,0,3,0,7,2,0,1,1,1,1,0,1,0,0,0,factoryVariety,43,103,2,0
58,0,0,1,0,1,0,0,0,0,0,0,0,0,1,0,0,0,1,0,1,217,,3,2,1,1,7,2,0,1,1,1,1,0,0,0,0,0,adaptiveResidentStrategy,143,159,1,1,0,2,0,7,2,0,2,2,0,0,0,1,1,0,0,adaptiveResidentStrategy,145,112,2,0,1,3,0,7,2,0,1,1,0,0,0,2,0,0,0,adaptiveResidentStrategy,73,90,3,0
59,1,0,0,0,1,0,0,0,0,0,0,0,0,0,0,0,0,1,1,1,178,,2,0,1,1,7,2,0,3,1,2,0,0,0,1,0,0,adaptiveResidentStrategy,65,146,2,0,1,2,0,7,2,0,4,1,0,0,0,0,1,0,0,factoryVariety,122,163,1,1,2,3,0,7,2,0,1,1,1,0,2,0,0,0,0,factoryVariety,50,113,3,0
60,1,0,0,0,1,0,0,1,0,0,0,1,0,1,0,0,0,0,0,0,190,,2,2,1,1,7,2,0,2,0,2,0,1,0,0,0,0,shipBuilding,102,154,2,0,0,2,0,7,2,0,2,3,0,1,0,0,0,0,0,explorationFocus,56,130,3,0,1,3,0,7,2,0,2,2,1,0,0,1,0,0,0,shipBuilding,126,165,1,1
61,0,0,0,0,1,0,0,0,1,1,0,1,0,1,0,0,0,0,0,0,115,,3,1,1,1,7,2,0,1,3,1,1,0,1,0,0,0,shipBuilding,141,111,2,0,2,2,0,7,2,0,3,2,0,0,1,0,0,0,0,explorationFocus,74,129,1,1,0,3,0,7,2,0,3,2,1,1,0,0,0,0,0,factoryVariety,138,85,3,0
62,1,1,1,0,0,0,0,0,0,0,0,1,0,1,0,0,0,0,0,0,123,,1,0,1,1,7,2,0,0,3,1,1,0,0,0,0,0,adaptiveResidentStrategy,70,164,1,1,1,2,0,7,2,0,0,1,1,2,0,0,0,0,0,balanced,95,151,3,0,2,3,0,7,2,0,2,1,2,1,0,0,0,0,0,eliteResidentProduction,109,162,2,0
63,0,0,1,0,0,0,0,0,0,1,0,1,0,0,0,0,0,1,0,1,275,,3,0,1,1,7,2,0,2,2,0,0,0,1,0,1,0,adaptiveResidentStrategy,108,93,2,0,1,2,0,7,2,0,1,2,2,0,0,0,0,1,0,eliteResidentProduction,153,90,3,0,2,3,0,7,2,0,1,0,1,1,0,1,0,0,0,balanced,80,144,1,1
64,0,0,0,0,0,0,0,1,0,1,0,1,0,1,0,0,0,0,1,0,155,,3,1,1,1,7,2,0,3,0,2,0,0,2,0,0,0,shipBuilding,87,135,3,0,2,2,0,7,2,0,0,3,1,1,0,1,0,0,0,adaptiveResidentStrategy,54,150,1,1,0,3,0,7,2,0,2,1,0,1,0,1,0,0,0,factoryVariety,77,144,2,0
65,1,1,1,0,0,0,1,0,0,0,0,0,0,0,0,0,0,0,0,1,300,aborted_300_rounds,2,1,1,1,7,2,0,2,2,1,1,0,0,0,0,0,adaptiveResidentStrategy,59,136,1,1,2,2,0,7,2,0,2,2,2,1,0,0,0,0,0,factoryVariety,43,105,3,0,0,3,0,7,2,0,1,2,0,0,0,0,1,0,0,balanced,133,127,2,0
66,1,0,1,0,0,0,0,1,0,1,0,0,0,0,0,0,0,0,0,1,210,,2,0,1,1,7,2,0,2,1,1,1,0,0,1,0,0,balanced,58,129,2,0,1,2,0,7,2,0,2,1,0,1,0,1,0,0,0,adaptiveResidentStrategy,153,161,1,1,2,3,0,7,2,0,1,3,1,0,0,1,0,1,0,balanced,147,94,3,0
67,1,1,0,0,0,0,0,0,0,0,0,1,0,0,0,1,0,0,0,1,115,,2,0,1,1,7,2,0,2,1,0,0,0,1,1,0,0,eliteResidentProduction,34,87,3,0,1,2,0,7,2,0,1,2,1,1,0,0,0,1,0,explorationFocus,58,123,1,1,2,3,0,7,2,0,2,1,1,0,0,1,1,0,0,shipBuilding,56,112,2,0
68,1,1,0,0,0,0,0,0,0,1,0,0,0,0,0,1,0,0,1,0,114,,2,0,1,1,7,2,0,1,2,0,0,1,0,0,0,0,explorationFocus,114,156,2,0,1,2,0,7,2,0,3,1,1,1,0,1,0,0,0,explorationFocus,124,165,1,1,2,3,0,7,2,0,3,0,2,1,0,1,0,0,0,explorationFocus,71,121,3,0
69,0,0,1,0,1,0,1,0,0,0,0,0,0,1,0,0,0,0,1,0,133,,1,2,1,1,7,2,0,1,2,0,1,0,0,1,0,0,eliteResidentProduction,93,86,3,0,0,2,0,7,2,0,2,1,1,1,0,0,1,0,0,eliteResidentProduction,36,121,1,1,1,3,0,7,2,0,1,0,3,0,0,2,0,0,0,balanced,113,119,2,0
70,0,0,0,0,0,0,0,1,0,1,0,1,0,0,0,0,0,0,1,1,200,,3,1,1,1,7,2,0,1,3,1,1,0,0,1,0,0,adaptiveResidentStrategy,142,137,3,0,2,2,0,7,2,0,2,1,0,0,1,0,1,0,0,balanced,134,156,1,1,0,3,0,7,2,0,0,3,0,0,0,1,0,0,0,factoryVariety,139,142,2,0
71,1,0,0,0,0,0,1,1,0,0,0,1,0,0,0,0,0,1,0,0,125,,1,2,1,1,7,2,0,2,2,2,1,0,0,0,0,0,balanced,28,104,2,0,0,2,0,7,2,0,2,1,1,0,1,0,0,1,0,factoryVariety,146,154,1,1,1,3,0,7,2,0,1,0,1,0,0,2,0,0,0,balanced,107,84,3,0
72,0,0,1,0,0,0,0,1,0,0,0,1,0,0,0,0,0,1,0,1,90,,1,0,1,1,7,2,0,1,1,0,1,1,0,0,0,0,factoryVariety,35,159,1,1,1,2,0,7,2,0,2,2,1,1,0,0,1,0,0,eliteResidentProduction,124,97,3,0,2,3,0,7,2,0,2,1,1,0,0,0,1,0,0,balanced,98,124,2,0
73,0,1,0,0,1,0,0,0,0,1,0,0,0,0,0,1,0,0,0,1,103,,3,0,1,1,7,2,0,1,1,2,0,1,0,0,0,0,factoryVariety,68,162,2,0,1,2,0,7,2,0,4,0,0,1,0,1,0,0,0,factoryVariety,94,139,3,0,2,3,0,7,2,0,1,3,0,1,0,0,0,1,0,eliteResidentProduction,144,164,1,1
74,0,0,0,0,1,0,0,0,1,1,0,0,0,1,0,1,0,0,0,0,105,,1,1,1,1,7,2,0,1,1,1,0,0,0,1,0,0,eliteResidentProduction,32,128,3,0,2,2,0,7,2,0,3,2,0,1,1,0,0,0,0,eliteResidentProduction,134,152,2,0,0,3,0,7,2,0,1,1,1,2,0,0,0,0,0,balanced,131,163,1,1
75,0,1,1,0,1,0,1,0,1,0,0,0,0,0,0,0,0,0,0,0,173,,2,2,1,1,7,2,0,0,2,1,1,0,1,0,0,0,explorationFocus,65,118,3,0,0,2,0,7,2,0,1,1,1,1,0,1,0,0,0,adaptiveResidentStrategy,89,122,2,0,1,3,0,7,2,0,1,2,1,1,0,1,0,0,0,explorationFocus,135,129,1,1
76,1,0,1,0,0,0,0,0,0,0,0,1,0,1,0,0,0,0,0,1,205,,2,0,1,1,7,2,0,2,2,2,0,0,1,0,0,0,eliteResidentProduction,130,145,2,0,1,2,0,7,2,0,2,4,1,0,0,0,1,0,0,factoryVariety,88,155,1,1,2,3,0,7,2,0,2,1,0,1,1,0,0,0,0,balanced,114,102,3,0
77,1,0,0,0,0,0,0,1,1,1,0,0,0,0,0,0,0,1,0,0,135,,3,2,1,1,7,2,0,2,2,0,0,0,1,0,0,0,explorationFocus,97,115,1,1,0,2,0,7,2,0,2,3,2,0,0,0,0,0,0,explorationFocus,82,92,3,0,1,3,0,7,2,0,1,2,1,1,0,0,0,0,0,adaptiveResidentStrategy,91,99,2,0
78,0,1,0,0,0,0,1,0,0,1,0,0,0,0,0,0,0,1,0,1,73,,2,2,1,1,7,2,0,1,1,0,0,1,0,0,0,0,factoryVariety,140,128,2,0,0,2,0,7,2,0,1,3,1,1,0,0,0,0,0,eliteResidentProduction,71,110,3,0,1,3,0,7,2,0,1,2,2,2,0,0,0,0,0,balanced,114,164,1,1
79,1,0,0,0,0,0,1,0,0,0,0,0,0,1,0,0,0,1,0,1,85,,3,1,1,1,7,2,0,1,2,0,0,0,0,1,0,0,balanced,112,153,3,0,2,2,0,7,2,0,1,1,4,1,0,0,0,0,0,eliteResidentProduction,98,163,1,1,0,3,0,7,2,0,0,0,1,1,1,0,0,0,0,balanced,148,155,2,0
80,0,0,0,0,0,0,0,1,0,0,0,1,0,1,0,0,0,1,1,0,64,,2,0,1,1,7,2,0,1,1,1,0,0,0,2,0,0,factoryVariety,84,104,3,0,1,2,0,7,2,0,2,1,1,0,0,1,0,0,0,balanced,144,140,1,1,2,3,0,7,2,0,0,1,1,1,1,0,0,0,0,explorationFocus,115,139,2,0
81,0,1,0,0,1,0,0,0,0,1,0,1,0,0,0,0,0,1,0,0,145,,1,2,1,1,7,2,0,1,0,1,2,0,0,0,0,0,shipBuilding,53,145,2,0,0,2,0,7,2,0,0,3,1,1,0,1,0,0,0,eliteResidentProduction,88,164,1,1,1,3,0,7,2,0,1,1,2,1,0,1,0,0,0,adaptiveResidentStrategy,72,95,3,0
82,1,0,0,0,0,0,1,0,0,0,0,1,0,0,0,1,0,1,0,0,210,,1,2,1,1,7,2,0,1,1,1,0,0,1,0,1,0,adaptiveResidentStrategy,63,119,2,0,0,2,0,7,2,0,1,3,1,0,0,1,0,0,0,shipBuilding,119,149,1,1,1,3,0,7,2,0,4,0,0,1,0,0,0,0,0,shipBuilding,145,115,3,0
83,0,1,0,0,0,0,0,0,1,1,0,0,0,0,0,0,0,1,0,1,77,,3,2,1,1,7,2,0,1,0,2,1,1,0,0,0,0,explorationFocus,109,154,1,1,0,2,0,7,2,0,3,4,0,1,0,1,0,0,0,explorationFocus,28,125,2,0,1,3,0,7,2,0,1,2,1,1,0,0,0,0,0,explorationFocus,105,111,3,0
84,0,0,1,0,1,0,0,0,0,1,0,0,0,1,0,0,0,1,0,0,113,,1,2,1,1,7,2,0,3,1,3,0,0,0,1,0,0,shipBuilding,106,85,3,0,0,2,0,7,2,0,0,1,1,1,0,1,0,0,0,shipBuilding,38,131,1,1,1,3,0,7,2,0,5,0,1,0,0,0,0,0,0,factoryVariety,141,128,2,0
85,1,1,0,0,0,0,0,0,1,0,0,0,0,0,0,1,0,0,0,1,222,,3,0,1,1,7,2,0,2,2,0,0,0,0,1,0,0,explorationFocus,35,96,3,0,1,2,0,7,2,0,1,1,1,0,0,1,0,0,0,eliteResidentProduction,109,146,2,0,2,3,0,7,2,0,2,3,1,1,0,0,0,0,0,explorationFocus,150,163,1,1
86,0,0,0,0,1,0,0,1,1,0,0,0,0,1,0,0,0,0,0,1,164,,3,2,1,1,7,2,0,1,1,2,0,0,1,0,0,0,balanced,136,124,1,1,0,2,0,7,2,0,1,2,1,1,0,0,1,0,0,eliteResidentProduction,83,111,2,0,1,3,0,7,2,0,2,1,1,1,0,0,1,0,0,adaptiveResidentStrategy,72,87,3,0
87,0,1,0,0,0,0,1,0,1,1,0,0,0,0,0,0,0,1,0,0,173,,3,2,1,1,7,2,0,3,2,1,0,1,1,0,0,0,eliteResidentProduction,92,158,1,1,0,2,0,7,2,0,1,1,1,1,0,0,0,0,0,explorationFocus,86,137,2,0,1,3,0,7,2,0,3,3,1,0,0,0,0,0,0,eliteResidentProduction,122,129,3,0
88,1,0,0,0,1,0,0,0,0,0,0,1,0,1,0,1,0,0,0,0,55,,1,2,1,1,7,2,0,1,1,0,0,0,0,2,0,0,factoryVariety,32,103,3,0,0,2,0,7,2,0,1,2,1,0,1,0,0,1,0,explorationFocus,118,117,1,1,1,3,0,7,2,0,1,3,0,1,0,0,0,0,0,eliteResidentProduction,33,111,2,0
89,0,1,1,0,1,0,1,0,1,0,0,0,0,0,0,0,0,0,0,0,300,aborted_300_rounds,1,1,1,1,7,2,0,1,2,1,1,0,0,0,0,0,explorationFocus,46,87,3,0,2,2,0,7,2,0,2,2,1,0,0,1,0,0,0,explorationFocus,31,110,2,0,0,3,0,7,2,0,1,1,1,0,0,0,2,0,0,explorationFocus,89,131,1,1
90,1,0,0,0,1,0,0,0,0,0,0,0,0,1,0,0,0,1,1,0,153,,1,1,1,1,7,2,0,2,1,0,0,1,1,0,0,0,explorationFocus,142,128,2,0,2,2,0,7,2,0,0,2,3,0,0,1,0,0,0,shipBuilding,133,100,3,0,0,3,0,7,2,0,1,3,1,0,0,0,0,0,0,balanced,28,129,1,1
91,1,0,0,0,0,0,1,0,1,1,0,0,0,0,0,0,0,0,1,0,217,,1,2,1,1,7,2,0,3,2,0,0,1,0,0,0,0,balanced,48,99,2,0,0,2,0,7,2,0,0,1,1,1,0,1,0,0,0,factoryVariety,78,147,1,1,1,3,0,7,2,0,3,0,1,1,0,0,0,0,0,eliteResidentProduction,87,83,3,0
92,0,0,1,0,0,0,0,1,0,1,0,1,0,0,0,0,0,0,1,0,245,,1,0,1,1,7,2,0,1,1,1,1,0,0,0,0,0,eliteResidentProduction,68,128,1,1,1,2,0,7,2,0,2,1,0,1,0,0,0,1,0,adaptiveResidentStrategy,60,91,2,0,2,3,0,7,2,0,1,1,0,0,0,2,0,0,0,explorationFocus,60,90,3,0
93,1,0,0,0,0,0,0,0,0,0,0,0,0,0,0,1,0,1,1,1,217,,2,0,1,1,7,2,0,2,1,0,1,0,0,1,0,0,factoryVariety,117,150,2,0,1,2,0,7,2,0,3,0,1,0,0,0,0,0,0,factoryVariety,74,163,1,1,2,3,0,7,2,0,0,2,2,1,0,0,0,1,0,adaptiveResidentStrategy,72,145,3,0
94,0,0,1,0,0,0,0,0,1,0,0,1,0,0,0,0,0,1,1,0,178,,1,1,1,1,7,2,0,1,2,1,0,0,1,0,0,0,factoryVariety,126,92,3,0,2,2,0,7,2,0,2,3,2,0,1,0,0,0,0,adaptiveResidentStrategy,64,137,2,0,0,3,0,7,2,0,2,2,1,0,0,1,0,0,0,adaptiveResidentStrategy,56,161,1,1
95,0,1,1,0,0,0,0,0,0,0,0,1,0,1,0,0,0,1,0,0,190,,1,1,1,1,7,2,0,1,5,0,1,0,0,0,0,0,factoryVariety,103,125,2,0,2,2,0,7,2,0,0,2,0,1,0,0,0,0,0,eliteResidentProduction,56,85,3,0,0,3,0,7,2,0,0,0,0,0,1,0,1,0,0,shipBuilding,37,145,1,1
96,1,0,0,0,0,0,0,0,1,0,0,0,0,0,0,1,0,0,1,1,115,,3,1,1,1,7,2,0,2,2,1,1,0,1,0,0,0,adaptiveResidentStrategy,62,119,2,0,2,2,0,7,2,0,2,3,0,0,0,0,0,0,0,factoryVariety,37,120,1,1,0,3,0,7,2,0,1,1,0,1,0,0,0,1,0,factoryVariety,48,94,3,0
97,1,0,1,0,0,0,0,1,0,0,0,0,0,1,0,0,0,0,1,0,123,,1,1,1,1,7,2,0,4,1,1,1,0,0,0,0,0,eliteResidentProduction,46,121,3,0,2,2,0,7,2,0,0,2,1,0,0,1,0,0,0,factoryVariety,85,136,2,0,0,3,0,7,2,0,3,0,1,1,0,1,0,0,0,balanced,135,147,1,1
98,0,0,0,0,0,0,0,1,0,1,0,1,0,1,0,1,0,0,0,0,275,,3,2,1,1,7,2,0,3,1,0,0,0,0,0,1,0,factoryVariety,30,96,1,1,0,2,0,7,2,0,2,2,2,0,0,0,0,0,0,eliteResidentProduction,74,93,2,0,1,3,0,7,2,0,2,4,1,0,0,0,1,0,0,adaptiveResidentStrategy,112,90,3,0
99,0,1,0,0,1,0,0,0,0,0,0,0,0,0,0,0,0,1,1,1,300,aborted_300_rounds,1,2,1,1,7,2,0,3,0,0,1,0,0,1,0,0,adaptiveResidentStrategy,90,100,3,0,0,2,0,7,2,0,1,1,2,1,0,0,1,0,0,explorationFocus,47,160,1,1,1,3,0,7,2,0,1,0,1,1,0,1,0,0,0,adaptiveResidentStrategy,146,113,2,0
100,1,0,0,0,0,0,1,1,0,0,0,0,0,0,0,0,0,1,1,0,125,,3,1,1,1,7,2,0,1,1,1,1,0,0,0,1,0,eliteResidentProduction,107,82,3,0,2,2,0,7,2,0,3,2,1,0,0,1,0,0,0,shipBuilding,58,130,1,1,0,3,0,7,2,0,2,2,2,0,0,0,1,0,0,explorationFocus,111,98,2,0
101,0,0,1,0,0,0,1,0,0,1,0,0,0,1,0,0,0,0,1,0,90,,2,1,1,1,7,2,0,2,0,0,0,0,0,1,0,0,adaptiveResidentStrategy,93,152,1,1,2,2,0,7,2,0,0,3,1,0,0,0,0,1,0,eliteResidentProduction,93,114,3,0,0,3,0,7,2,0,3,2,1,0,1,1,0,0,0,eliteResidentProduction,68,140,2,0
102,1,0,1,0,1,0,0,0,0,0,0,0,0,0,0,0,0,1,1,0,103,,1,1,1,1,7,2,0,0,0,1,2,0,0,0,0,0,eliteResidentProduction,71,146,3,0,2,2,0,7,2,0,1,2,1,0,0,2,0,0,0,shipBuilding,69,155,2,0,0,3,0,7,2,0,1,2,0,1,0,1,0,0,0,factoryVariety,49,164,1,1
103,1,0,0,0,1,0,0,0,1,0,0,0,0,0,0,1,0,1,0,0,105,,1,2,1,1,7,2,0,1,1,1,2,0,0,0,0,0,shipBuilding,35,90,2,0,0,2,0,7,2,0,1,1,1,0,0,2,0,0,0,balanced,91,130,1,1,1,3,0,7,2,0,1,1,0,0,0,1,1,0,0,adaptiveResidentStrategy,147,82,3,0
104,1,0,0,0,1,0,0,0,0,1,0,0,0,0,0,0,0,1,1,0,173,,3,0,1,1,7,2,0,1,3,0,1,0,1,0,0,0,factoryVariety,139,111,3,0,1,2,0,7,2,0,2,1,1,0,1,1,0,0,0,shipBuilding,100,141,2,0,2,3,0,7,2,0,1,2,0,0,0,0,0,0,0,eliteResidentProduction,68,146,1,1
105,0,0,1,0,0,0,0,0,1,0,0,1,0,0,0,1,0,0,1,0,205,,2,1,1,1,7,2,0,2,3,0,1,0,0,0,0,0,factoryVariety,91,161,1,1,2,2,0,7,2,0,1,0,1,1,0,1,0,0,0,factoryVariety,50,124,2,0,0,3,0,7,2,0,2,1,3,0,1,1,0,0,0,balanced,119,82,3,0
106,0,1,1,0,0,0,1,1,0,1,0,0,0,0,0,0,0,0,0,0,135,,1,2,1,1,7,2,0,2,1,0,0,1,0,0,0,0,eliteResidentProduction,146,113,2,0,0,2,0,7,2,0,0,1,1,1,0,0,0,0,0,explorationFocus,60,152,1,1,1,3,0,7,2,0,2,3,1,0,0,1,1,0,0,eliteResidentProduction,47,107,3,0
107,0,0,1,0,0,0,0,1,1,0,0,1,0,0,0,0,0,0,1,0,73,,1,1,1,1,7,2,0,3,0,2,0,0,1,1,0,0,explorationFocus,143,128,2,0,2,2,0,7,2,0,0,3,1,1,0,0,1,0,0,adaptiveResidentStrategy,123,96,3,0,0,3,0,7,2,0,1,0,1,1,1,0,0,0,0,adaptiveResidentStrategy,82,163,1,1
108,1,1,0,0,0,0,0,0,0,0,0,0,0,0,0,1,0,0,1,1,85,,2,2,1,1,7,2,0,0,0,1,1,0,1,0,0,0,balanced,97,152,2,0,0,2,0,7,2,0,2,3,1,0,0,1,1,0,0,explorationFocus,41,150,3,0,1,3,0,7,2,0,2,2,0,2,0,0,0,0,0,balanced,149,162,1,1
109,0,1,0,0,0,0,1,1,0,0,0,0,0,0,0,1,0,0,1,0,64,,2,1,1,1,7,2,0,2,3,0,0,0,0,0,0,0,balanced,65,121,1,1,2,2,0,7,2,0,2,1,1,1,0,1,0,0,0,factoryVariety,76,96,3,0,0,3,0,7,2,0,1,2,2,0,2,0,0,0,0,balanced,150,113,2,0
110,1,1,0,0,0,0,0,1,0,0,0,0,0,1,0,0,0,1,0,0,145,,3,0,1,1,7,2,0,1,2,1,0,0,0,0,0,0,balanced,99,86,3,0,1,2,0,7,2,0,0,2,2,2,0,0,0,0,0,eliteResidentProduction,117,136,2,0,2,3,0,7,2,0,0,3,1,1,0,0,0,0,0,explorationFocus,127,142,1,1
111,0,0,1,0,1,0,0,1,0,0,0,0,0,0,0,1,0,1,0,0,210,,3,0,1,1,7,2,0,0,3,1,1,0,0,0,0,0,adaptiveResidentStrategy,39,100,3,0,1,2,0,7,2,0,0,0,0,1,0,1,0,0,0,eliteResidentProduction,32,110,2,0,2,3,0,7,2,0,2,1,1,1,0,1,0,0,0,explorationFocus,88,116,1,1
112,1,0,0,0,0,0,0,0,1,1,0,0,0,1,0,0,0,0,1,0,77,,1,0,1,1,7,2,0,1,2,0,0,0,0,0,1,0,adaptiveResidentStrategy,95,158,1,1,1,2,0,7,2,0,2,2,0,1,0,0,0,0,0,explorationFocus,131,132,2,0,2,3,0,7,2,0,2,1,1,0,1,0,0,1,0,adaptiveResidentStrategy,129,95,3,0
113,1,0,0,0,0,0,0,1,0,1,0,1,0,1,0,0,0,0,0,0,113,,1,2,1,1,7,2,0,0,3,0,1,0,0,0,0,0,adaptiveResidentStrategy,145,90,2,0,0,2,0,7,2,0,3,0,1,0,1,0,0,0,0,eliteResidentProduction,29,150,1,1,1,3,0,7,2,0,3,0,1,0,0,1,0,0,0,adaptiveResidentStrategy,130,89,3,0
114,0,0,0,0,1,0,1,1,1,0,0,0,0,1,0,0,0,0,0,0,222,,2,1,1,1,7,2,0,0,3,1,0,1,0,1,0,0,explorationFocus,141,153,1,1,2,2,0,7,2,0,2,1,3,0,0,1,0,0,0,adaptiveResidentStrategy,88,113,3,0,0,3,0,7,2,0,1,2,1,1,0,0,1,0,0,explorationFocus,118,120,2,0
115,0,0,1,0,0,0,1,0,0,0,0,0,0,1,0,0,0,1,0,1,164,,2,2,1,1,7,2,0,2,1,1,0,0,0,1,0,0,eliteResidentProduction,150,92,3,0,0,2,0,7,2,0,1,2,0,1,0,0,0,1,0,adaptiveResidentStrategy,145,130,2,0,1,3,0,7,2,0,2,0,0,0,0,2,0,0,0,adaptiveResidentStrategy,147,148,1,1
116,1,0,1,0,0,0,1,0,0,0,0,0,0,1,0,0,0,1,0,0,173,,3,2,1,1,7,2,0,2,2,0,1,0,0,0,1,0,explorationFocus,143,157,1,1,0,2,0,7,2,0,0,1,1,0,0,2,0,0,0,balanced,114,111,3,0,1,3,0,7,2,0,2,1,1,1,0,0,0,0,0,eliteResidentProduction,77,129,2,0
117,0,0,0,0,1,0,0,0,0,0,0,1,0,1,0,1,0,1,0,0,55,,1,0,1,1,7,2,0,2,3,0,0,1,1,0,0,0,adaptiveResidentStrategy,150,129,1,1,1,2,0,7,2,0,0,2,2,2,0,0,0,0,0,adaptiveResidentStrategy,126,100,2,0,2,3,0,7,2,0,0,3,1,2,0,0,0,0,0,shipBuilding,50,91,3,0
118,0,1,0,0,0,0,1,0,0,1,0,0,0,1,0,1,0,0,0,0,300,aborted_300_rounds,1,1,1,1,7,2,0,3,2,1,0,0,0,0,0,0,adaptiveResidentStrategy,61,107,3,0,2,2,0,7,2,0,0,1,2,1,0,1,0,0,0,factoryVariety,104,147,2,0,0,3,0,7,2,0,1,4,0,0,1,1,0,0,0,explorationFocus,41,156,1,1
119,1,0,0,0,0,0,1,0,1,1,0,0,0,0,0,0,0,1,0,0,153,,3,2,1,1,7,2,0,1,0,1,0,1,0,1,0,0,factoryVariety,75,153,1,1,0,2,0,7,2,0,2,1,0,2,0,0,0,0,0,factoryVariety,104,86,3,0,1,3,0,7,2,0,1,2,1,1,0,1,0,0,0,eliteResidentProduction,44,151,2,0
120,1,1,0,0,0,0,0,0,1,0,0,1,0,0,0,0,0,1,0,0,217,,2,1,1,1,7,2,0,2,3,1,0,0,1,0,0,0,adaptiveResidentStrategy,60,110,1,1,2,2,0,7,2,0,2,1,0,1,0,0,0,0,0,eliteResidentProduction,108,104,2,0,0,3,0,7,2,0,1,2,0,0,0,2,0,0,0,factoryVariety,98,86,3,0
121,1,1,0,0,1,0,1,0,1,0,0,0,0,0,0,0,0,0,0,0,245,,3,1,1,1,7,2,0,1,3,1,0,0,2,0,0,0,balanced,108,94,3,0,2,2,0,7,2,0,0,3,1,0,0,1,0,0,0,factoryVariety,142,156,1,1,0,3,0,7,2,0,2,0,1,0,0,0,1,0,0,explorationFocus,30,96,2,0
122,1,0,1,0,1,0,0,0,0,0,0,1,0,0,0,0,0,0,0,1,217,,3,0,1,1,7,2,0,1,1,1,1,1,0,0,0,0,explorationFocus,71,105,2,0,1,2,0,7,2,0,1,3,0,0,1,1,0,0,0,eliteResidentProduction,59,93,3,0,2,3,0,7,2,0,1,3,1,0,0,1,1,0,0,factoryVariety,75,108,1,1
123,0,0,1,0,1,0,1,0,1,0,0,1,0,0,0,0,0,0,0,0,178,,2,0,1,1,7,2,0,2,1,1,1,0,1,0,0,0,shipBuilding,58,126,3,0,1,2,0,7,2,0,1,0,1,1,0,0,0,1,0,shipBuilding,101,158,1,1,2,3,0,7,2,0,3,2,1,0,0,0,0,0,0,shipBuilding,66,139,2,0
124,1,0,0,0,1,0,0,0,1,0,0,1,0,0,0,0,0,1,0,0,190,,1,1,1,1,7,2,0,1,3,0,0,0,0,1,0,0,balanced,29,88,3,0,2,2,0,7,2,0,0,2,0,1,0,0,0,1,0,shipBuilding,79,114,2,0,0,3,0,7,2,0,2,3,2,0,0,1,0,0,0,explorationFocus,41,154,1,1
125,0,0,0,0,1,0,1,0,0,0,0,0,0,1,0,0,0,1,1,0,115,,1,0,1,1,7,2,0,3,2,1,1,0,1,0,0,0,balanced,146,156,1,1,1,2,0,7,2,0,1,3,1,1,0,0,0,0,0,balanced,134,87,3,0,2,3,0,7,2,0,2,0,0,1,1,0,0,0,0,adaptiveResidentStrategy,50,116,2,0
126,0,0,0,0,1,0,1,0,0,0,0,1,0,0,0,1,0,0,1,0,123,,1,0,1,1,7,2,0,1,3,0,0,0,1,0,0,0,adaptiveResidentStrategy,106,137,1,1,1,2,0,7,2,0,1,1,1,1,0,1,0,0,0,eliteResidentProduction,35,129,2,0,2,3,0,7,2,0,3,0,2,1,0,0,0,1,0,eliteResidentProduction,48,94,3,0
127,1,1,0,0,0,0,0,0,0,0,0,1,0,0,0,0,0,1,1,0,275,,1,0,1,1,7,2,0,1,1,2,1,0,1,0,0,0,shipBuilding,127,132,1,1,1,2,0,7,2,0,1,1,1,0,0,0,1,0,0,shipBuilding,56,105,3,0,2,3,0,7,2,0,1,3,1,1,1,0,0,0,0,explorationFocus,126,118,2,0
128,0,1,1,0,1,0,0,0,0,0,0,0,0,0,0,0,0,1,1,0,155,,1,1,1,1,7,2,0,0,1,3,0,0,1,1,0,0,adaptiveResidentStrategy,117,120,2,0,2,2,0,7,2,0,2,2,1,1,0,1,0,0,0,factoryVariety,118,95,3,0,0,3,0,7,2,0,2,3,0,0,1,0,0,0,0,eliteResidentProduction,92,143,1,1
129,1,1,0,0,1,0,0,1,0,0,0,0,0,0,0,1,0,0,0,0,300,aborted_300_rounds,2,2,1,1,7,2,0,2,2,2,0,0,1,0,0,0,balanced,66,135,3,0,0,2,0,7,2,0,0,0,2,2,0,0,0,0,0,balanced,126,141,2,0,1,3,0,7,2,0,1,1,1,1,0,1,0,0,0,explorationFocus,113,147,1,1
130,0,0,0,0,0,0,1,0,1,0,0,1,0,0,0,1,0,1,0,0,210,,1,2,1,1,7,2,0,1,2,2,2,0,0,0,0,0,shipBuilding,30,138,2,0,0,2,0,7,2,0,1,0,3,1,1,0,0,0,0,eliteResidentProduction,49,159,1,1,1,3,0,7,2,0,2,1,0,1,0,0,1,0,0,eliteResidentProduction,134,116,3,0
131,0,0,0,0,1,0,1,1,0,0,0,0,0,1,0,0,0,1,0,0,115,,3,0,1,1,7,2,0,5,2,0,1,0,0,0,0,0,shipBuilding,28,92,2,0,1,2,0,7,2,0,1,1,1,1,0,0,1,0,0,explorationFocus,58,86,3,0,2,3,0,7,2,0,1,1,1,1,0,0,1,0,0,balanced,51,105,1,1
132,0,0,1,0,0,0,1,0,1,1,0,0,0,0,0,0,0,1,0,0,114,,2,0,1,1,7,2,0,3,3,0,0,0,1,0,0,0,explorationFocus,73,104,3,0,1,2,0,7,2,0,1,0,3,2,0,0,0,0,0,shipBuilding,42,132,1,1,2,3,0,7,2,0,1,2,2,0,1,0,0,0,0,factoryVariety,142,105,2,0
133,1,0,0,0,1,0,0,0,1,0,0,1,0,0,0,1,0,0,0,0,133,,1,1,1,1,7,2,0,2,0,0,0,0,1,0,1,0,explorationFocus,147,122,2,0,2,2,0,7,2,0,0,2,3,1,0,0,1,0,0,eliteResidentProduction,34,91,3,0,0,3,0,7,2,0,2,0,0,1,0,0,1,0,0,eliteResidentProduction,101,143,1,1
134,0,0,0,0,0,0,0,1,1,0,0,1,0,1,0,0,0,1,0,0,200,,2,2,1,1,7,2,0,0,3,0,1,0,0,0,1,0,shipBuilding,76,153,3,0,0,2,0,7,2,0,1,4,2,0,0,1,0,0,0,explorationFocus,135,159,2,0,1,3,0,7,2,0,1,1,2,1,0,0,0,0,0,eliteResidentProduction,79,162,1,1
135,0,0,1,0,1,0,1,0,1,0,0,0,0,0,0,1,0,0,0,0,125,,2,1,1,1,7,2,0,2,2,0,0,1,0,0,0,0,factoryVariety,96,155,1,1,2,2,0,7,2,0,2,4,0,1,0,0,0,0,0,eliteResidentProduction,85,116,3,0,0,3,0,7,2,0,1,2,1,1,0,1,0,0,0,balanced,148,153,2,0
136,0,1,0,0,1,0,1,1,0,0,0,1,0,0,0,0,0,0,0,0,90,,1,2,1,1,7,2,0,1,0,1,1,1,0,0,0,0,balanced,37,88,2,0,0,2,0,7,2,0,2,2,1,2,0,0,0,0,0,adaptiveResidentStrategy,103,150,1,1,1,3,0,7,2,0,0,1,1,1,0,1,0,0,0,balanced,64,85,3,0
137,0,0,0,0,1,0,0,0,1,0,0,0,0,1,0,1,0,1,0,0,103,,2,0,1,1,7,2,0,0,2,1,0,0,1,1,0,0,explorationFocus,124,114,3,0,1,2,0,7,2,0,1,1,1,2,0,0,0,0,0,balanced,106,141,1,1,2,3,0,7,2,0,4,0,0,0,0,0,0,0,0,factoryVariety,129,129,2,0
138,0,1,0,0,0,0,0,1,0,0,0,1,0,0,0,0,0,1,1,0,105,,1,1,1,1,7,2,0,2,0,1,0,0,2,0,0,0,shipBuilding,111,83,3,0,2,2,0,7,2,0,3,2,0,0,1,0,0,0,0,eliteResidentProduction,147,133,1,1,0,3,0,7,2,0,0,2,0,0,1,1,0,0,0,eliteResidentProduction,61,133,1,1
139,1,0,0,0,0,0,1,0,0,1,0,1,0,0,0,1,0,0,0,0,173,,2,0,1,1,7,2,0,0,0,0,1,0,1,0,0,0,adaptiveResidentStrategy,115,132,2,0,1,2,0,7,2,0,1,3,2,0,0,1,0,0,0,explorationFocus,117,156,1,1,2,3,0,7,2,0,0,4,0,1,0,0,0,0,0,shipBuilding,141,82,3,0
140,0,1,0,0,1,0,0,0,1,1,0,0,0,0,0,0,0,1,0,0,205,,3,1,1,1,7,2,0,2,1,1,1,0,0,0,0,0,balanced,111,84,3,0,2,2,0,7,2,0,0,3,1,0,1,1,0,0,0,balanced,138,106,1,1,0,3,0,7,2,0,1,0,1,0,1,1,0,0,0,balanced,48,92,2,0
141,0,0,1,0,1,0,1,0,0,0,0,0,0,0,0,1,0,0,1,0,135,,3,0,1,1,7,2,0,1,0,1,0,0,2,0,0,0,shipBuilding,137,104,2,0,1,2,0,7,2,0,1,3,1,0,1,0,0,1,0,factoryVariety,60,101,3,0,2,3,0,7,2,0,3,1,0,0,1,1,0,0,0,factoryVariety,76,149,1,1
142,0,0,0,0,0,0,0,0,1,0,0,1,0,1,0,1,0,1,0,0,73,,3,1,1,1,7,2,0,1,1,2,0,0,1,1,0,0,explorationFocus,147,105,3,0,2,2,0,7,2,0,2,0,0,1,0,0,1,0,0,eliteResidentProduction,45,152,1,1,0,3,0,7,2,0,1,3,1,2,0,0,0,0,0,explorationFocus,147,126,2,0
143,0,0,0,0,1,0,1,0,1,1,0,0,0,0,0,1,0,0,0,0,85,,2,0,1,1,7,2,0,3,1,1,0,0,1,0,0,0,explorationFocus,109,82,3,0,1,2,0,7,2,0,2,3,1,0,0,0,1,0,0,shipBuilding,105,149,1,1,2,3,0,7,2,0,1,1,0,1,0,0,1,0,0,explorationFocus,126,113,2,0
144,1,0,1,0,0,0,0,0,0,0,0,0,0,1,0,1,0,1,0,0,64,,3,2,1,1,7,2,0,3,4,0,1,0,0,0,0,0,shipBuilding,151,157,1,1,0,2,0,7,2,0,1,1,2,1,0,0,1,0,0,eliteResidentProduction,70,145,2,0,1,3,0,7,2,0,0,1,0,1,1,0,0,0,0,explorationFocus,103,141,3,0
145,1,0,1,0,0,0,1,0,0,0,0,1,0,0,0,0,0,0,1,0,145,,1,1,1,1,7,2,0,1,1,0,2,0,0,0,0,0,shipBuilding,84,119,2,0,2,2,0,7,2,0,1,2,0,0,1,1,0,0,0,explorationFocus,126,108,3,0,0,3,0,7,2,0,2,0,0,0,1,1,0,0,0,explorationFocus,154,121,1,1
146,0,1,1,0,0,0,1,0,0,0,0,0,0,0,0,1,0,1,0,0,210,,2,1,1,1,7,2,0,2,2,1,0,1,0,0,0,0,explorationFocus,108,154,1,1,2,2,0,7,2,0,1,4,0,0,0,0,1,0,0,balanced,99,114,3,0,0,3,0,7,2,0,1,2,0,0,0,2,0,0,0,shipBuilding,129,125,2,0
147,0,1,1,0,1,0,0,0,0,0,0,0,0,1,0,1,0,0,0,0,77,,1,1,1,1,7,2,0,1,1,1,0,0,1,0,0,0,explorationFocus,115,141,2,0,2,2,0,7,2,0,0,2,1,1,0,0,1,0,0,explorationFocus,131,123,3,0,0,3,0,7,2,0,3,2,2,0,0,0,0,0,0,factoryVariety,35,163,1,1
148,0,1,1,0,1,0,0,0,0,0,0,1,0,0,0,0,0,0,1,0,113,,1,0,1,1,7,2,0,2,2,1,0,0,0,1,0,0,shipBuilding,47,133,1,1,1,2,0,7,2,0,1,2,0,1,1,0,0,0,0,explorationFocus,52,96,3,0,2,3,0,7,2,0,2,1,1,1,0,0,0,0,0,eliteResidentProduction,89,115,2,0
149,0,1,0,0,1,0,0,0,0,0,0,0,0,1,0,0,0,1,1,0,222,,3,0,1,1,7,2,0,3,2,1,0,0,1,0,0,0,adaptiveResidentStrategy,67,85,3,0,1,2,0,7,2,0,2,1,2,0,1,0,0,0,0,balanced,59,93,2,0,2,3,0,7,2,0,1,1,0,1,0,1,0,0,0,balanced,104,101,1,1
150,0,0,0,0,1,0,1,0,1,0,0,0,0,0,0,0,0,1,0,1,164,,3,1,1,1,7,2,0,2,1,1,2,0,0,0,0,0,adaptiveResidentStrategy,96,123,3,0,2,2,0,7,2,0,0,2,1,1,0,1,0,0,0,adaptiveResidentStrategy,145,164,1,1,0,3,0,7,2,0,2,2,1,0,0,2,0,0,0,balanced,78,123,3,0
151,1,1,0,0,1,0,0,0,0,0,0,0,0,0,0,1,0,0,1,0,173,,3,2,1,1,7,2,0,0,3,2,1,0,0,1,0,0,explorationFocus,69,146,1,1,0,2,0,7,2,0,0,1,1,1,1,0,0,0,0,adaptiveResidentStrategy,43,104,3,0,1,3,0,7,2,0,2,2,1,1,0,0,0,0,0,eliteResidentProduction,121,123,2,0
152,1,0,0,0,1,0,0,1,0,0,0,0,0,0,0,1,0,0,1,0,55,,1,2,1,1,7,2,0,2,3,0,1,0,0,0,1,0,eliteResidentProduction,97,139,2,0,0,2,0,7,2,0,2,1,2,0,1,0,0,0,0,adaptiveResidentStrategy,131,151,1,1,1,3,0,7,2,0,1,1,1,0,0,1,1,0,0,adaptiveResidentStrategy,30,82,3,0
153,0,1,0,0,1,0,0,0,0,1,0,1,0,0,0,0,0,0,1,0,300,aborted_300_rounds,2,0,1,1,7,2,0,0,3,1,1,0,0,1,0,0,explorationFocus,123,139,2,0,1,2,0,7,2,0,1,3,0,0,0,1,0,0,0,shipBuilding,62,160,1,1,2,3,0,7,2,0,2,1,3,1,1,0,0,0,0,shipBuilding,81,128,3,0
154,1,0,0,0,0,0,0,0,0,0,0,0,0,0,0,1,0,1,1,1,153,,2,1,1,1,7,2,0,0,3,1,0,0,0,1,0,0,adaptiveResidentStrategy,73,133,1,1,2,2,0,7,2,0,1,0,1,2,0,0,0,0,0,factoryVariety,129,103,3,0,0,3,0,7,2,0,1,0,2,0,0,1,0,1,0,factoryVariety,137,125,2,0
155,1,0,1,0,0,0,1,0,1,0,0,0,0,0,0,1,0,0,0,0,217,,3,0,1,1,7,2,0,2,1,2,0,0,1,0,0,0,explorationFocus,149,94,2,0,1,2,0,7,2,0,1,2,0,2,0,0,0,0,0,factoryVariety,61,93,3,0,2,3,0,7,2,0,1,1,2,1,0,1,0,0,0,balanced,149,146,1,1
156,0,1,1,0,1,0,1,1,0,0,0,0,0,0,0,0,0,0,0,0,245,,1,0,1,1,7,2,0,1,4,0,1,0,1,0,0,0,balanced,152,143,1,1,1,2,0,7,2,0,0,0,3,1,0,0,0,1,0,explorationFocus,136,142,2,0,2,3,0,7,2,0,4,1,0,0,0,0,0,0,0,balanced,101,135,3,0
157,1,0,1,0,0,0,1,0,1,0,0,0,0,1,0,0,0,0,0,0,217,,3,0,1,1,7,2,0,2,1,1,0,0,0,0,0,0,shipBuilding,118,89,3,0,1,2,0,7,2,0,2,1,0,1,0,1,0,0,0,eliteResidentProduction,57,130,2,0,2,3,0,7,2,0,3,1,1,0,1,0,0,1,0,eliteResidentProduction,50,131,1,1
158,0,1,0,0,0,0,1,0,0,1,0,1,0,0,0,1,0,0,0,0,178,,2,2,1,1,7,2,0,1,4,1,0,0,0,0,1,0,eliteResidentProduction,140,84,3,0,0,2,0,7,2,0,1,1,1,1,0,0,1,0,0,adaptiveResidentStrategy,101,112,2,0,1,3,0,7,2,0,2,0,0,1,0,0,0,0,0,factoryVariety,88,161,1,1
159,0,1,0,0,0,0,0,1,0,0,0,1,0,0,0,0,0,1,1,0,190,,2,1,1,1,7,2,0,2,1,0,0,0,1,0,0,0,explorationFocus,83,145,1,1,2,2,0,7,2,0,1,0,3,0,0,1,0,1,0,shipBuilding,60,113,3,0,0,3,0,7,2,0,1,2,1,1,0,0,0,0,0,eliteResidentProduction,127,141,2,0
160,0,0,0,0,1,0,1,0,1,1,0,0,0,0,0,0,0,0,0,1,115,,1,1,1,1,7,2,0,1,1,1,0,0,1,0,1,0,factoryVariety,151,138,2,0,2,2,0,7,2,0,1,2,1,1,0,1,0,0,0,eliteResidentProduction,111,132,3,0,0,3,0,7,2,0,3,0,0,0,0,0,1,1,0,eliteResidentProduction,67,147,1,1
161,1,0,0,0,0,0,0,1,0,1,0,1,0,1,0,0,0,0,0,0,123,,3,2,1,1,7,2,0,1,2,0,2,0,0,0,0,0,balanced,143,140,1,1,0,2,0,7,2,0,3,0,1,0,1,0,0,0,0,balanced,46,92,3,0,1,3,0,7,2,0,0,4,0,0,1,0,0,0,0,adaptiveResidentStrategy,150,96,2,0
162,1,0,0,0,0,0,1,1,0,1,0,0,0,0,0,0,0,0,1,0,275,,1,2,1,1,7,2,0,1,1,1,0,0,2,0,0,0,adaptiveResidentStrategy,77,110,3,0,0,2,0,7,2,0,1,1,1,0,0,1,1,0,0,adaptiveResidentStrategy,117,160,1,1,1,3,0,7,2,0,2,1,0,1,0,0,0,0,0,shipBuilding,47,118,2,0
163,1,0,1,0,0,0,0,0,1,1,0,0,0,0,0,0,0,0,1,0,155,,1,0,1,1,7,2,0,1,3,1,1,0,0,0,0,0,balanced,96,151,1,1,1,2,0,7,2,0,3,1,1,1,0,0,0,0,0,eliteResidentProduction,105,92,3,0,2,3,0,7,2,0,0,1,1,0,1,1,0,0,0,shipBuilding,109,128,2,0
164,0,1,0,0,1,0,0,0,0,0,0,1,0,0,0,0,0,0,1,1,300,aborted_300_rounds,3,1,1,1,7,2,0,0,1,1,1,0,0,1,0,0,eliteResidentProduction,118,96,2,0,2,2,0,7,2,0,1,0,3,1,0,1,0,0,0,eliteResidentProduction,96,99,1,1,0,3,0,7,2,0,1,3,0,0,0,0,1,0,0,adaptiveResidentStrategy,57,92,3,0
165,0,1,1,0,0,0,0,0,1,1,0,0,0,0,0,1,0,0,0,0,210,,2,1,1,1,7,2,0,1,1,0,1,0,0,0,0,0,factoryVariety,59,139,1,1,2,2,0,7,2,0,2,4,1,0,0,0,0,0,0,eliteResidentProduction,99,121,3,0,0,3,0,7,2,0,0,3,1,0,1,1,0,0,0,factoryVariety,44,126,2,0
166,0,0,0,0,0,0,1,0,0,1,0,1,0,0,0,0,0,1,1,0,300,aborted_300_rounds,2,1,1,1,7,2,0,1,2,1,2,0,0,0,0,0,adaptiveResidentStrategy,144,133,1,1,2,2,0,7,2,0,1,2,3,1,0,0,0,0,0,balanced,55,118,2,0,0,3,0,7,2,0,2,1,2,0,0,2,0,0,0,eliteResidentProduction,146,98,3,0
167,0,0,0,0,1,0,0,0,1,1,0,1,0,0,0,1,0,0,0,0,125,,3,1,1,1,7,2,0,2,0,0,0,1,1,0,0,0,shipBuilding,55,102,3,0,2,2,0,7,2,0,2,2,0,0,0,1,0,0,0,factoryVariety,38,129,1,1,0,3,0,7,2,0,3,1,1,0,0,0,1,0,0,balanced,80,118,2,0
168,0,0,0,0,1,0,1,1,0,0,0,0,0,1,0,1,0,0,0,0,90,,1,2,1,1,7,2,0,3,1,1,0,0,1,1,0,0,balanced,45,95,2,0,0,2,0,7,2,0,2,0,0,0,1,0,1,0,0,adaptiveResidentStrategy,51,124,1,1,1,3,0,7,2,0,1,3,2,0,1,0,0,0,0,adaptiveResidentStrategy,78,90,3,0
169,0,1,1,0,0,0,0,0,0,1,0,0,0,1,0,1,0,0,0,0,103,,2,0,1,1,7,2,0,1,2,1,0,1,0,0,1,0,explorationFocus,75,116,3,0,1,2,0,7,2,0,1,1,1,1,0,0,0,0,0,adaptiveResidentStrategy,152,143,1,1,2,3,0,7,2,0,1,0,2,0,0,1,0,1,0,explorationFocus,64,139,2,0
170,1,0,0,0,0,0,0,1,1,1,0,0,0,1,0,0,0,0,0,0,105,,2,0,1,1,7,2,0,3,1,1,0,0,1,0,0,0,balanced,51,141,3,0,1,2,0,7,2,0,4,2,0,0,0,0,0,0,0,explorationFocus,136,157,1,1,2,3,0,7,2,0,1,2,1,2,0,0,0,0,0,adaptiveResidentStrategy,58,143,2,0
171,1,1,0,0,0,0,0,1,0,1,0,0,0,0,0,1,0,0,0,0,173,,2,2,1,1,7,2,0,2,2,0,1,0,0,1,0,0,explorationFocus,72,97,3,0,0,2,0,7,2,0,1,2,0,0,1,1,0,0,0,shipBuilding,51,103,2,0,1,3,0,7,2,0,0,2,2,1,0,1,0,0,0,explorationFocus,67,154,1,1
172,1,1,0,0,0,0,0,1,1,0,0,0,0,1,0,0,0,0,0,0,205,,1,1,1,1,7,2,0,1,2,2,1,0,0,0,0,0,balanced,91,85,2,0,2,2,0,7,2,0,4,2,1,0,0,0,0,0,0,eliteResidentProduction,107,82,3,0,0,3,0,7,2,0,1,1,1,2,0,0,0,0,0,eliteResidentProduction,31,142,1,1
173,1,0,0,0,0,0,0,0,0,1,0,1,0,0,0,0,0,0,1,1,135,,3,1,1,1,7,2,0,4,0,0,1,0,0,1,0,0,eliteResidentProduction,75,97,3,0,2,2,0,7,2,0,2,2,1,1,0,0,0,0,0,balanced,147,139,1,1,0,3,0,7,2,0,1,2,1,0,0,0,0,1,0,factoryVariety,125,138,2,0
174,0,0,0,0,0,0,0,1,1,1,0,1,0,1,0,0,0,0,0,0,73,,1,0,1,1,7,2,0,5,0,1,1,0,0,0,0,0,eliteResidentProduction,62,163,1,1,1,2,0,7,2,0,1,4,1,0,1,0,0,0,0,eliteResidentProduction,131,128,3,0,2,3,0,7,2,0,1,2,0,0,0,1,0,0,0,adaptiveResidentStrategy,39,139,2,0
175,1,0,1,0,0,0,0,0,0,0,0,0,0,0,0,1,0,1,1,0,85,,1,2,1,1,7,2,0,1,2,1,1,0,1,0,0,0,adaptiveResidentStrategy,125,116,3,0,0,2,0,7,2,0,1,2,2,0,0,0,0,0,0,explorationFocus,144,144,1,1,1,3,0,7,2,0,2,2,0,2,0,0,0,0,0,adaptiveResidentStrategy,128,141,2,0
176,1,0,0,0,0,0,0,0,0,0,0,1,0,0,0,1,0,0,1,1,64,,3,2,1,1,7,2,0,1,2,1,0,0,1,0,1,0,balanced,110,143,1,1,0,2,0,7,2,0,2,1,1,0,0,1,1,0,0,eliteResidentProduction,66,82,3,0,1,3,0,7,2,0,3,2,0,1,0,0,0,0,0,balanced,64,89,2,0
177,0,0,1,0,1,0,0,0,0,1,0,0,0,0,0,1,0,1,0,0,145,,1,0,1,1,7,2,0,1,2,0,1,0,0,0,1,0,factoryVariety,29,165,1,1,1,2,0,7,2,0,2,0,1,0,0,1,1,0,0,balanced,86,131,2,0,2,3,0,7,2,0,1,2,2,1,0,0,1,0,0,adaptiveResidentStrategy,31,110,3,0
178,0,1,0,0,0,0,0,1,1,0,0,0,0,0,0,0,0,0,1,1,210,,2,0,1,1,7,2,0,2,0,1,0,1,1,0,0,0,explorationFocus,135,127,2,0,1,2,0,7,2,0,0,1,1,0,0,2,0,0,0,adaptiveResidentStrategy,86,151,1,1,2,3,0,7,2,0,1,4,1,1,0,0,0,1,0,factoryVariety,127,106,3,0
179,1,0,0,0,0,0,0,1,0,0,0,0,0,1,0,0,0,0,1,1,77,,1,1,1,1,7,2,0,2,2,2,1,0,0,0,0,0,factoryVariety,39,127,3,0,2,2,0,7,2,0,3,1,0,1,0,0,0,0,0,factoryVariety,79,127,3,0,0,3,0,7,2,0,1,1,2,0,0,1,0,1,0,factoryVariety,121,157,1,1
180,0,0,0,0,0,0,0,0,1,1,0,1,0,0,0,1,0,0,0,1,113,,3,0,1,1,7,2,0,1,2,0,2,0,0,0,0,0,balanced,106,126,2,0,1,2,0,7,2,0,1,1,2,0,0,0,1,1,0,eliteResidentProduction,140,105,3,0,2,3,0,7,2,0,2,2,1,1,0,0,0,0,0,balanced,89,142,1,1
181,1,0,1,0,1,0,0,0,0,0,0,0,0,0,0,1,0,0,1,0,222,,2,2,1,1,7,2,0,1,2,0,1,0,1,0,0,0,explorationFocus,36,96,3,0,0,2,0,7,2,0,3,0,2,1,0,0,0,0,0,balanced,154,108,2,0,1,3,0,7,2,0,1,1,0,1,0,0,1,0,0,explorationFocus,130,156,1,1
182,0,1,0,0,1,0,0,1,0,0,0,0,0,0,0,0,0,1,0,1,164,,2,0,1,1,7,2,0,1,2,1,0,0,0,0,1,0,factoryVariety,61,89,3,0,1,2,0,7,2,0,1,1,2,1,0,0,0,1,0,explorationFocus,88,132,1,1,2,3,0,7,2,0,2,1,0,1,0,1,0,0,0,factoryVariety,67,132,1,1
183,0,0,0,0,1,0,1,1,1,1,0,0,0,0,0,0,0,0,0,0,173,,3,2,1,1,7,2,0,2,1,1,0,0,2,0,0,0,factoryVariety,111,162,1,1,0,2,0,7,2,0,0,2,0,1,0,0,0,1,0,adaptiveResidentStrategy,134,86,3,0,1,3,0,7,2,0,2,2,0,0,0,0,0,1,0,shipBuilding,32,106,2,0
184,0,0,1,0,0,0,0,1,0,0,0,0,0,1,0,0,0,1,1,0,55,,1,0,1,1,7,2,0,2,2,2,1,0,0,0,0,0,adaptiveResidentStrategy,102,142,1,1,1,2,0,7,2,0,3,0,1,0,0,1,0,0,0,factoryVariety,59,110,3,0,2,3,0,7,2,0,2,0,0,0,0,1,1,0,0,factoryVariety,127,141,2,0
185,0,1,0,0,1,0,0,0,1,0,0,0,0,0,0,0,0,1,1,0,300,aborted_300_rounds,3,0,1,1,7,2,0,1,0,2,0,1,0,1,0,0,adaptiveResidentStrategy,73,130,3,0,1,2,0,7,2,0,0,2,2,1,0,0,0,1,0,balanced,119,141,2,0,2,3,0,7,2,0,1,2,1,1,0,0,1,0,0,explorationFocus,42,143,1,1
186,1,1,0,0,0,0,0,0,0,0,0,0,0,0,0,1,0,1,1,0,153,,2,0,1,1,7,2,0,0,3,0,1,0,1,0,0,0,balanced,57,114,3,0,1,2,0,7,2,0,2,1,0,2,0,0,0,0,0,factoryVariety,149,147,1,1,2,3,0,7,2,0,3,1,1,0,0,1,0,0,0,adaptiveResidentStrategy,94,117,2,0
187,0,1,0,0,1,0,1,0,0,1,0,0,0,1,0,0,0,0,0,0,217,,3,2,1,1,7,2,0,1,0,2,2,0,0,0,0,0,balanced,83,158,1,1,0,2,0,7,2,0,1,1,2,0,0,1,1,0,0,adaptiveResidentStrategy,88,122,2,0,1,3,0,7,2,0,0,3,2,1,1,0,0,0,0,factoryVariety,78,120,3,0
188,0,0,0,0,0,0,1,1,1,0,0,0,0,0,0,1,0,0,0,1,245,,1,1,1,1,7,2,0,1,2,0,0,0,0,1,0,0,adaptiveResidentStrategy,85,89,3,0,2,2,0,7,2,0,2,2,2,0,0,0,0,0,0,adaptiveResidentStrategy,31,152,2,0,0,3,0,7,2,0,1,0,2,0,0,0,1,1,0,balanced,111,154,1,1
189,1,0,0,0,1,0,0,0,0,0,0,0,0,1,0,0,0,1,0,1,217,,1,2,1,1,7,2,0,2,2,1,0,0,1,0,0,0,balanced,117,84,3,0,0,2,0,7,2,0,1,3,0,1,0,1,0,0,0,factoryVariety,102,153,1,1,1,3,0,7,2,0,1,1,0,0,0,0,1,1,0,factoryVariety,140,107,2,0
190,1,1,1,0,0,0,0,1,0,0,0,0,0,0,0,0,0,1,0,0,178,,2,1,1,1,7,2,0,2,2,0,2,0,0,0,0,0,adaptiveResidentStrategy,81,165,1,1,2,2,0,7,2,0,2,0,1,1,1,0,0,0,0,balanced,143,137,3,0,0,3,0,7,2,0,2,2,0,0,0,1,0,0,0,adaptiveResidentStrategy,29,142,2,0
191,1,1,0,0,0,0,0,0,0,1,0,0,0,0,0,0,0,1,1,0,190,,3,0,1,1,7,2,0,0,4,1,1,0,0,0,0,0,adaptiveResidentStrategy,73,130,2,0,1,2,0,7,2,0,4,1,1,1,0,0,0,0,0,eliteResidentProduction,124,119,3,0,2,3,0,7,2,0,2,1,0,1,0,0,0,0,0,factoryVariety,68,145,1,1
192,1,0,0,0,0,0,0,0,0,0,0,1,0,1,0,1,0,1,0,0,115,,2,1,1,1,7,2,0,5,2,1,0,0,0,0,0,0,shipBuilding,66,94,1,1,2,2,0,7,2,0,0,2,0,0,0,1,1,0,0,balanced,46,87,3,0,0,3,0,7,2,0,3,1,2,1,0,1,0,0,0,balanced,67,91,2,0
193,1,1,0,0,0,0,0,1,1,0,0,0,0,0,0,0,0,0,0,1,123,,3,1,1,1,7,2,0,2,2,0,1,1,0,0,0,0,eliteResidentProduction,29,142,2,0,2,2,0,7,2,0,2,0,1,0,0,0,0,1,0,balanced,104,148,1,1,0,3,0,7,2,0,2,2,0,1,0,1,0,0,0,factoryVariety,90,126,3,0
194,0,1,1,0,0,0,0,0,0,1,0,0,0,0,0,1,0,0,0,1,275,,3,0,1,1,7,2,0,3,0,1,0,0,0,0,0,0,eliteResidentProduction,58,99,3,0,1,2,0,7,2,0,1,1,1,1,0,0,0,1,0,adaptiveResidentStrategy,123,124,2,0,2,3,0,7,2,0,1,1,1,1,0,1,0,0,0,eliteResidentProduction,62,165,1,1
195,1,0,0,0,0,0,1,0,1,1,0,0,0,1,0,0,0,0,0,0,155,,3,2,1,1,7,2,0,1,2,0,0,0,2,0,0,0,explorationFocus,110,164,1,1,0,2,0,7,2,0,1,1,1,0,0,1,0,1,0,balanced,133,100,2,0,1,3,0,7,2,0,3,0,2,0,0,0,0,0,0,eliteResidentProduction,109,87,3,0
196,1,1,0,0,0,0,0,0,1,1,0,0,0,0,0,0,0,1,0,0,300,aborted_300_rounds,1,0,1,1,7,2,0,1,2,0,0,0,2,0,0,0,balanced,91,146,1,1,1,2,0,7,2,0,3,2,0,0,0,0,1,0,0,shipBuilding,150,136,2,0,2,3,0,7,2,0,2,1,1,0,1,1,0,0,0,factoryVariety,81,118,3,0
197,0,1,0,0,0,0,0,1,0,1,0,1,0,0,0,0,0,1,0,0,210,,3,2,1,1,7,2,0,1,2,1,2,0,0,0,0,0,factoryVariety,131,149,1,1,0,2,0,7,2,0,2,0,1,0,0,1,1,0,0,adaptiveResidentStrategy,82,92,3,0,1,3,0,7,2,0,2,2,0,0,0,1,0,1,0,adaptiveResidentStrategy,96,124,2,0
198,0,1,1,0,1,0,1,0,0,0,0,1,0,0,0,0,0,0,0,0,115,,1,2,1,1,7,2,0,1,3,1,0,0,1,0,0,0,balanced,139,142,2,0,0,2,0,7,2,0,3,0,0,1,0,0,0,1,0,factoryVariety,99,146,1,1,1,3,0,7,2,0,1,3,2,0,1,0,0,0,0,eliteResidentProduction,83,121,3,0
199,0,0,1,0,1,0,0,1,1,0,0,0,0,0,0,0,0,1,0,0,114,,3,1,1,1,7,2,0,2,2,0,1,0,0,0,1,0,shipBuilding,143,98,3,0,2,2,0,7,2,0,1,3,1,1,0,1,0,0,0,shipBuilding,123,155,1,1,0,3,0,7,2,0,3,2,0,0,0,1,0,0,0,adaptiveResidentStrategy,139,153,2,0
200,1,0,1,0,1,0,0,0,1,0,0,0,0,0,0,1,0,0,0,0,133,,1,1,1,1,7,2,0,1,3,0,0,0,0,1,0,0,balanced,104,159,2,0,2,2,0,7,2,0,1,1,2,1,0,1,0,0,0,explorationFocus,60,153,3,0,0,3,0,7,2,0,1,1,0,0,0,1,0,0,0,balanced,48,162,1,1
201,1,0,1,0,0,0,0,0,0,0,0,1,0,1,0,0,0,1,0,0,200,,3,0,1,1,7,2,0,1,2,1,1,0,0,1,0,0,eliteResidentProduction,118,116,3,0,1,2,0,7,2,0,2,1,0,0,1,0,0,0,0,explorationFocus,47,139,2,0,2,3,0,7,2,0,0,1,2,1,1,0,0,0,0,adaptiveResidentStrategy,62,151,1,1
202,0,1,1,0,0,0,0,0,0,0,0,0,0,1,0,1,0,1,0,0,125,,3,1,1,1,7,2,0,2,2,0,0,1,0,0,0,0,factoryVariety,119,142,2,0,2,2,0,7,2,0,3,0,0,0,0,1,0,1,0,explorationFocus,118,163,1,1,0,3,0,7,2,0,1,1,3,0,0,1,0,0,0,adaptiveResidentStrategy,135,136,3,0
203,0,1,1,0,0,0,0,0,0,0,0,1,0,0,0,1,0,0,1,0,90,,2,2,1,1,7,2,0,2,3,2,0,0,0,0,1,0,eliteResidentProduction,93,96,2,0,0,2,0,7,2,0,1,1,1,1,1,0,0,0,0,factoryVariety,138,88,3,0,1,3,0,7,2,0,0,1,1,1,0,0,0,1,0,factoryVariety,107,149,1,1
204,0,0,0,0,1,0,0,1,0,1,0,0,0,0,0,1,0,0,1,0,103,,1,2,1,1,7,2,0,1,1,0,0,0,0,1,0,0,explorationFocus,113,107,2,0,0,2,0,7,2,0,1,3,2,1,0,0,0,0,0,adaptiveResidentStrategy,137,144,1,1,1,3,0,7,2,0,2,1,2,1,0,1,0,0,0,explorationFocus,78,82,3,0
205,1,0,0,0,0,0,1,1,0,0,0,1,0,0,0,0,0,0,1,0,105,,2,0,1,1,7,2,0,1,2,0,0,0,1,1,0,0,balanced,155,93,3,0,1,2,0,7,2,0,2,0,0,2,0,0,0,0,0,factoryVariety,87,106,1,1,2,3,0,7,2,0,1,2,1,0,0,1,0,1,0,eliteResidentProduction,152,102,2,0
206,0,0,1,0,1,0,1,1,0,0,0,0,0,0,0,0,0,0,0,1,173,,1,0,1,1,7,2,0,1,0,1,1,0,1,0,0,0,adaptiveResidentStrategy,39,158,1,1,1,2,0,7,2,0,1,2,0,1,0,1,0,0,0,eliteResidentProduction,29,127,2,0,2,3,0,7,2,0,3,0,1,0,1,0,1,0,0,balanced,144,117,3,0
207,0,0,1,0,1,0,0,1,0,1,0,0,0,0,0,1,0,0,0,0,205,,1,2,1,1,7,2,0,0,3,1,0,0,1,0,0,0,adaptiveResidentStrategy,102,124,2,0,0,2,0,7,2,0,1,1,0,0,0,1,0,1,0,balanced,150,156,1,1,1,3,0,7,2,0,3,0,0,2,0,0,0,0,0,factoryVariety,73,83,3,0
208,0,1,0,0,0,0,1,0,1,0,0,0,0,1,0,0,0,0,0,1,135,,1,2,1,1,7,2,0,1,3,0,1,0,0,0,0,0,eliteResidentProduction,51,124,2,0,0,2,0,7,2,0,2,1,1,0,0,1,0,1,0,explorationFocus,121,155,1,1,1,3,0,7,2,0,2,1,0,0,0,0,1,0,0,eliteResidentProduction,113,98,3,0
209,0,1,0,0,1,0,0,0,0,1,0,0,0,1,0,0,0,1,0,0,73,,3,0,1,1,7,2,0,1,2,0,2,0,0,0,0,0,shipBuilding,55,132,3,0,1,2,0,7,2,0,2,2,1,0,1,1,0,0,0,eliteResidentProduction,123,137,2,0,2,3,0,7,2,0,1,1,0,0,0,0,1,1,0,adaptiveResidentStrategy,54,160,1,1
210,1,0,0,0,1,0,0,0,1,1,0,0,0,0,0,1,0,0,0,0,300,aborted_300_rounds,1,2,1,1,7,2,0,1,2,1,1,0,0,0,0,0,balanced,64,126,3,0,0,2,0,7,2,0,1,2,1,0,0,2,0,0,0,balanced,29,160,1,1,1,3,0,7,2,0,3,0,0,0,1,0,0,0,0,eliteResidentProduction,46,157,2,0
211,1,0,0,0,1,0,1,0,1,0,0,1,0,0,0,0,0,0,0,0,125,,1,0,1,1,7,2,0,0,2,1,1,0,1,0,0,0,eliteResidentProduction,96,157,1,1,1,2,0,7,2,0,4,0,1,1,0,1,0,0,0,explorationFocus,74,139,2,0,2,3,0,7,2,0,1,4,1,0,0,0,0,0,0,eliteResidentProduction,64,135,3,0
212,1,0,0,0,0,0,0,1,0,0,0,1,0,1,0,0,0,0,1,0,90,,1,1,1,1,7,2,0,1,1,1,1,0,1,0,0,0,adaptiveResidentStrategy,69,104,3,0,2,2,0,7,2,0,2,3,1,1,0,0,1,0,0,balanced,123,136,2,0,0,3,0,7,2,0,1,4,1,1,0,0,0,0,0,explorationFocus,155,141,1,1
213,0,0,1,0,1,0,0,0,1,0,0,1,0,0,0,0,0,0,1,0,103,,3,0,1,1,7,2,0,1,1,0,2,0,0,0,0,0,shipBuilding,107,156,2,0,1,2,0,7,2,0,2,1,1,1,0,0,0,0,0,adaptiveResidentStrategy,108,97,3,0,2,3,0,7,2,0,3,1,0,1,0,0,0,0,0,balanced,72,158,1,1
214,0,1,1,0,1,0,1,0,0,0,0,0,0,1,0,0,0,0,0,0,105,,1,1,1,1,7,2,0,4,1,0,0,0,1,0,0,0,adaptiveResidentStrategy,38,93,3,0,2,2,0,7,2,0,1,1,1,1,0,0,0,0,0,shipBuilding,78,112,2,0,0,3,0,7,2,0,1,1,0,0,0,1,1,0,0,adaptiveResidentStrategy,92,132,1,1
215,1,1,0,0,0,0,0,1,1,1,0,0,0,0,0,0,0,0,0,0,173,,2,1,1,1,7,2,0,3,0,0,0,0,1,0,1,0,adaptiveResidentStrategy,57,149,1,1,2,2,0,7,2,0,2,1,0,1,0,1,0,0,0,eliteResidentProduction,116,106,3,0,0,3,0,7,2,0,1,2,2,0,0,0,2,0,0,explorationFocus,144,111,2,0
216,1,0,0,0,0,0,0,1,0,0,0,1,0,1,0,0,0,1,0,0,205,,2,2,1,1,7,2,0,0,1,0,1,0,0,1,0,0,eliteResidentProduction,117,121,2,0,0,2,0,7,2,0,3,0,1,0,1,0,0,0,0,factoryVariety,63,85,3,0,1,3,0,7,2,0,2,0,2,0,0,0,1,1,0,adaptiveResidentStrategy,117,145,1,1
217,1,0,0,0,0,0,0,1,0,1,0,0,0,0,0,1,0,1,0,0,135,,3,1,1,1,7,2,0,2,1,0,0,0,0,1,0,0,shipBuilding,87,82,3,0,2,2,0,7,2,0,2,3,1,0,0,0,0,0,0,factoryVariety,74,123,1,1,0,3,0,7,2,0,1,2,0,1,0,0,0,0,0,shipBuilding,42,93,2,0
218,1,0,1,0,1,0,0,0,0,0,0,0,0,0,0,1,0,0,1,0,73,,1,2,1,1,7,2,0,1,1,2,1,0,0,1,0,0,eliteResidentProduction,53,102,2,0,0,2,0,7,2,0,0,1,0,0,1,0,0,1,0,explorationFocus,66,145,1,1,1,3,0,7,2,0,1,3,1,0,0,0,1,0,0,balanced,112,87,3,0
219,1,1,0,0,1,0,1,0,0,0,0,0,0,0,0,0,0,0,1,0,85,,3,0,1,1,7,2,0,1,1,0,0,0,0,0,1,0,explorationFocus,147,124,2,0,1,2,0,7,2,0,2,2,0,1,0,0,0,0,0,eliteResidentProduction,53,109,3,0,2,3,0,7,2,0,0,3,1,2,0,0,0,0,0,eliteResidentProduction,77,155,1,1
220,1,0,1,0,0,0,0,0,0,0,0,0,0,1,0,0,0,1,1,0,64,,2,0,1,1,7,2,0,2,2,1,0,1,0,0,0,0,adaptiveResidentStrategy,70,143,2,0,1,2,0,7,2,0,1,2,0,1,0,0,0,0,0,adaptiveResidentStrategy,124,144,1,1,2,3,0,7,2,0,3,1,2,0,0,1,0,0,0,factoryVariety,153,132,3,0
221,0,0,0,0,1,0,1,1,1,0,0,0,0,0,0,0,0,1,0,0,145,,1,0,1,1,7,2,0,5,1,0,0,0,0,0,0,0,eliteResidentProduction,82,164,1,1,1,2,0,7,2,0,0,1,1,1,0,0,0,1,0,explorationFocus,148,126,3,0,2,3,0,7,2,0,2,1,2,1,0,0,0,0,0,shipBuilding,63,159,2,0
222,0,1,1,0,0,0,1,1,0,0,0,0,0,0,0,0,0,1,0,0,210,,3,0,1,1,7,2,0,1,2,1,1,0,0,0,0,0,eliteResidentProduction,62,99,2,0,1,2,0,7,2,0,1,2,2,0,0,0,0,0,0,explorationFocus,112,87,3,0,2,3,0,7,2,0,2,0,1,1,0,0,0,0,0,explorationFocus,122,123,1,1
223,0,1,0,0,0,0,1,0,1,0,0,0,0,0,0,1,0,0,1,0,77,,3,2,1,1,7,2,0,1,1,1,1,0,1,0,0,0,balanced,99,157,1,1,0,2,0,7,2,0,1,1,1,2,0,0,0,0,0,adaptiveResidentStrategy,85,121,2,0,1,3,0,7,2,0,3,2,0,0,0,0,1,0,0,balanced,70,103,3,0
224,1,1,0,0,0,0,1,0,0,0,0,0,0,1,0,1,0,0,0,0,113,,3,2,1,1,7,2,0,0,3,2,0,1,0,0,0,0,explorationFocus,111,138,1,1,0,2,0,7,2,0,0,1,1,1,0,1,0,0,0,explorationFocus,42,115,2,0,1,3,0,7,2,0,1,2,0,0,0,0,1,1,0,explorationFocus,40,103,3,0
225,1,0,0,0,0,0,0,0,0,1,0,1,0,0,0,0,0,0,1,1,222,,1,1,1,1,7,2,0,1,3,1,1,0,0,0,0,0,eliteResidentProduction,38,108,2,0,2,2,0,7,2,0,2,1,1,1,0,1,0,0,0,eliteResidentProduction,84,82,3,0,0,3,0,7,2,0,1,3,0,0,1,0,1,0,0,adaptiveResidentStrategy,104,131,1,1
226,0,1,0,0,1,0,1,0,0,0,0,0,0,1,0,0,0,0,1,0,164,,1,2,1,1,7,2,0,0,2,1,1,0,1,0,0,0,eliteResidentProduction,115,127,2,0,0,2,0,7,2,0,3,3,0,0,0,0,0,0,0,eliteResidentProduction,68,128,1,1,1,3,0,7,2,0,1,1,1,0,0,1,1,0,0,shipBuilding,117,104,3,0
227,1,1,0,0,0,0,0,1,0,0,0,1,0,0,0,1,0,0,0,0,173,,1,2,1,1,7,2,0,0,2,0,1,0,0,0,1,0,eliteResidentProduction,70,133,2,0,0,2,0,7,2,0,3,0,0,0,0,1,0,0,0,eliteResidentProduction,107,160,1,1,1,3,0,7,2,0,3,1,1,0,0,0,1,1,0,eliteResidentProduction,112,84,3,0
228,0,0,1,0,1,0,1,0,0,0,0,0,0,1,0,1,0,0,0,0,55,,2,2,1,1,7,2,0,1,1,2,1,0,1,0,0,0,eliteResidentProduction,63,88,3,0,0,2,0,7,2,0,1,1,0,0,0,0,1,0,0,factoryVariety,93,92,2,0,1,3,0,7,2,0,2,2,0,1,1,0,0,0,0,explorationFocus,122,137,1,1
229,0,0,1,0,0,0,0,0,1,1,0,0,0,0,0,0,0,1,0,1,300,aborted_300_rounds,3,2,1,1,7,2,0,2,2,1,0,0,1,0,0,0,factoryVariety,131,154,1,1,0,2,0,7,2,0,1,2,0,1,1,0,0,0,0,eliteResidentProduction,85,153,2,0,1,3,0,7,2,0,0,1,3,1,0,1,0,0,0,factoryVariety,68,141,3,0
230,0,0,0,0,1,0,1,1,0,0,0,1,0,0,0,0,0,1,0,0,153,,2,0,1,1,7,2,0,4,0,2,0,0,0,0,0,0,eliteResidentProduction,131,95,3,0,1,2,0,7,2,0,0,1,1,1,0,1,0,0,0,factoryVariety,59,163,1,1,2,3,0,7,2,0,1,1,1,0,1,0,0,0,0,adaptiveResidentStrategy,114,99,2,0
231,0,1,1,0,0,0,0,1,0,0,0,0,0,1,0,0,0,0,0,1,217,,2,1,1,1,7,2,0,1,0,4,1,0,1,0,0,0,balanced,34,139,1,1,2,2,0,7,2,0,0,3,1,0,0,2,0,0,0,explorationFocus,87,104,3,0,0,3,0,7,2,0,1,2,0,2,0,0,0,0,0,explorationFocus,155,113,2,0
232,0,1,0,0,0,0,0,0,1,1,0,0,0,1,0,0,0,1,0,0,245,,1,0,1,1,7,2,0,3,1,0,0,1,0,0,0,0,shipBuilding,144,153,1,1,1,2,0,7,2,0,1,2,1,0,1,0,0,0,0,factoryVariety,120,102,2,0,2,3,0,7,2,0,1,0,1,0,0,1,1,0,0,explorationFocus,81,96,3,0
233,0,0,1,0,0,0,0,1,0,0,0,0,0,1,0,1,0,0,1,0,217,,1,0,1,1,7,2,0,0,3,1,1,0,0,1,0,0,shipBuilding,129,119,1,1,1,2,0,7,2,0,1,1,0,2,0,0,0,0,0,balanced,114,100,2,0,2,3,0,7,2,0,4,0,2,1,0,0,0,0,0,explorationFocus,131,94,3,0
234,0,1,1,0,0,0,0,1,0,0,0,0,0,0,0,1,0,0,0,1,178,,3,0,1,1,7,2,0,2,3,1,0,1,1,0,0,0,factoryVariety,145,109,2,0,1,2,0,7,2,0,2,0,1,0,0,2,0,0,0,balanced,30,83,3,0,2,3,0,7,2,0,1,3,0,0,0,0,2,0,0,balanced,145,117,1,1
235,0,1,0,0,0,0,0,1,1,0,0,0,0,1,0,0,0,0,1,0,190,,2,0,1,1,7,2,0,0,1,2,1,0,1,0,0,0,factoryVariety,151,116,3,0,1,2,0,7,2,0,3,2,2,0,0,0,0,0,0,eliteResidentProduction,58,132,1,1,2,3,0,7,2,0,1,1,0,1,1,0,0,0,0,shipBuilding,103,120,2,0
236,0,1,1,0,1,0,0,0,0,0,0,0,0,0,0,0,0,1,0,1,115,,2,2,1,1,7,2,0,1,2,1,0,1,0,0,1,0,eliteResidentProduction,88,114,2,0,0,2,0,7,2,0,2,0,0,0,0,1,0,0,0,factoryVariety,155,92,3,0,1,3,0,7,2,0,0,2,2,0,0,0,1,1,0,adaptiveResidentStrategy,110,115,1,1
237,1,1,0,0,0,0,0,0,0,0,0,0,0,1,0,1,0,0,0,1,123,,3,2,1,1,7,2,0,0,2,0,1,0,1,0,0,0,shipBuilding,99,163,1,1,0,2,0,7,2,0,1,4,2,0,0,0,1,0,0,balanced,38,149,2,0,1,3,0,7,2,0,3,1,1,1,0,1,0,0,0,balanced,38,84,3,0
238,0,1,1,0,0,0,0,1,0,0,0,0,0,1,0,0,0,1,0,0,275,,1,0,1,1,7,2,0,0,2,1,0,0,1,0,1,0,explorationFocus,144,136,1,1,1,2,0,7,2,0,2,0,1,0,0,2,0,0,0,explorationFocus,79,86,2,0,2,3,0,7,2,0,1,2,0,1,0,0,1,0,0,balanced,142,83,3,0
239,0,0,0,0,0,0,0,0,0,1,0,1,0,1,0,1,0,1,0,0,155,,3,2,1,1,7,2,0,1,2,0,0,1,0,0,0,0,eliteResidentProduction,44,161,1,1,0,2,0,7,2,0,2,3,0,0,0,0,1,1,0,adaptiveResidentStrategy,78,117,3,0,1,3,0,7,2,0,0,1,3,1,0,1,0,0,0,factoryVariety,27,138,2,0
240,0,0,0,0,1,0,0,1,1,0,0,0,0,1,0,0,0,1,0,0,300,aborted_300_rounds,1,0,1,1,7,2,0,0,2,1,1,0,0,0,1,0,shipBuilding,52,149,1,1,1,2,0,7,2,0,3,1,0,1,0,0,0,1,0,factoryVariety,75,128,2,0,2,3,0,7,2,0,3,1,2,0,0,0,1,0,0,explorationFocus,155,93,3,0
241,1,0,0,0,1,0,0,0,0,1,0,1,0,1,0,0,0,0,0,0,210,,2,1,1,1,7,2,0,2,0,1,0,0,1,1,0,0,balanced,131,147,1,1,2,2,0,7,2,0,2,4,1,0,0,0,0,0,0,shipBuilding,34,96,3,0,0,3,0,7,2,0,3,1,0,1,0,0,1,0,0,explorationFocus,103,100,2,0
242,1,0,0,0,0,0,1,0,0,1,0,0,0,1,0,0,0,0,0,1,115,,1,2,1,1,7,2,0,2,2,0,0,0,0,0,0,0,adaptiveResidentStrategy,118,109,2,0,0,2,0,7,2,0,0,2,1,1,0,0,1,0,0,adaptiveResidentStrategy,141,164,1,1,1,3,0,7,2,0,0,4,0,0,0,1,1,0,0,eliteResidentProduction,48,94,3,0
243,1,1,1,0,0,0,1,0,0,0,0,0,0,0,0,0,0,0,1,0,114,,2,2,1,1,7,2,0,3,2,0,0,1,0,1,0,0,balanced,71,113,2,0,0,2,0,7,2,0,1,1,0,1,0,1,0,0,0,factoryVariety,56,99,3,0,1,3,0,7,2,0,1,0,1,1,0,1,0,0,0,eliteResidentProduction,82,162,1,1
244,1,0,1,0,1,0,0,0,1,0,0,0,0,0,0,0,0,1,0,0,133,,3,2,1,1,7,2,0,1,1,0,1,0,1,0,0,0,eliteResidentProduction,109,163,1,1,0,2,0,7,2,0,2,1,1,1,0,0,0,0,0,balanced,116,157,2,0,1,3,0,7,2,0,3,1,1,0,1,0,0,0,0,adaptiveResidentStrategy,50,84,3,0
245,1,0,1,0,0,0,1,0,1,1,0,0,0,0,0,0,0,0,0,0,200,,2,0,1,1,7,2,0,1,3,0,0,0,0,0,0,0,shipBuilding,113,150,2,0,1,2,0,7,2,0,0,2,0,0,0,1,1,0,0,balanced,124,158,1,1,2,3,0,7,2,0,1,2,0,0,1,0,0,0,0,factoryVariety,75,90,3,0
246,0,1,1,0,0,0,0,0,0,0,0,0,0,1,0,0,0,1,1,0,125,,2,1,1,1,7,2,0,1,3,2,1,1,0,0,0,0,eliteResidentProduction,98,146,1,1,2,2,0,7,2,0,4,1,0,0,1,0,0,0,0,explorationFocus,83,141,2,0,0,3,0,7,2,0,0,2,1,0,0,2,0,0,0,balanced,70,126,3,0
247,0,0,0,0,1,0,0,0,0,1,0,1,0,0,0,1,0,1,0,0,90,,3,2,1,1,7,2,0,1,2,0,0,1,1,0,0,0,eliteResidentProduction,115,159,1,1,0,2,0,7,2,0,1,2,0,1,0,0,0,0,0,shipBuilding,40,152,2,0,1,3,0,7,2,0,3,2,1,0,0,1,1,0,0,shipBuilding,153,88,3,0
248,0,0,1,0,1,0,0,0,0,1,0,0,0,1,0,1,0,0,0,0,103,,1,2,1,1,7,2,0,1,1,1,1,0,0,1,0,0,balanced,110,149,1,1,0,2,0,7,2,0,2,3,1,0,1,0,0,0,0,shipBuilding,141,149,1,1,1,3,0,7,2,0,3,2,0,1,0,0,0,0,0,adaptiveResidentStrategy,139,148,3,0
249,1,1,0,0,0,0,0,0,1,0,0,0,0,0,0,1,0,1,0,0,105,,2,2,1,1,7,2,0,2,2,1,1,0,0,0,1,0,balanced,63,90,3,0,0,2,0,7,2,0,1,3,0,1,1,0,0,0,0,eliteResidentProduction,68,117,2,0,1,3,0,7,2,0,0,1,2,1,0,1,0,0,0,factoryVariety,69,119,1,1
250,0,1,0,0,1,0,1,0,1,0,0,1,0,0,0,0,0,0,0,0,173,,2,2,1,1,7,2,0,3,0,0,0,0,0,1,0,0,shipBuilding,141,89,3,0,0,2,0,7,2,0,1,2,1,1,0,0,1,0,0,factoryVariety,52,128,2,0,1,3,0,7,2,0,0,2,2,0,1,1,0,0,0,adaptiveResidentStrategy,83,146,1,1
251,1,1,0,0,0,0,0,0,1,0,0,0,0,1,0,1,0,0,0,0,205,,2,2,1,1,7,2,0,1,1,1,2,0,0,0,0,0,factoryVariety,113,87,3,0,0,2,0,7,2,0,1,1,1,1,0,0,1,0,0,factoryVariety,33,133,2,0,1,3,0,7,2,0,4,1,2,0,0,0,0,0,0,explorationFocus,107,146,1,1
252,0,0,1,0,0,0,1,1,1,0,0,0,0,0,0,0,0,0,1,0,135,,2,0,1,1,7,2,0,2,2,1,0,0,1,1,0,0,eliteResidentProduction,29,96,3,0,1,2,0,7,2,0,0,0,1,2,0,0,0,0,0,adaptiveResidentStrategy,148,163,1,1,2,3,0,7,2,0,2,3,0,0,0,0,1,0,0,eliteResidentProduction,138,134,2,0
253,0,0,0,0,0,0,1,0,1,1,0,0,0,1,0,1,0,0,0,0,73,,1,1,1,1,7,2,0,2,1,0,1,0,1,0,0,0,adaptiveResidentStrategy,74,108,3,0,2,2,0,7,2,0,0,0,2,0,0,1,0,1,0,balanced,149,142,2,0,0,3,0,7,2,0,2,4,0,0,0,1,0,0,0,explorationFocus,73,158,1,1
254,1,1,1,0,0,0,0,0,0,0,0,0,0,1,0,1,0,0,0,0,85,,3,2,1,1,7,2,0,2,0,1,1,0,0,1,0,0,factoryVariety,149,157,1,1,0,2,0,7,2,0,1,2,1,0,1,0,0,1,0,factoryVariety,35,93,3,0,1,3,0,7,2,0,1,3,1,0,0,1,0,0,0,eliteResidentProduction,28,98,2,0
255,0,0,0,0,0,0,1,0,0,1,0,1,0,1,0,0,0,0,1,0,64,,2,2,1,1,7,2,0,0,4,0,0,0,2,0,0,0,balanced,33,105,2,0,0,2,0,7,2,0,2,0,1,1,1,0,0,0,0,balanced,66,100,3,0,1,3,0,7,2,0,3,0,0,1,1,0,0,0,0,eliteResidentProduction,37,113,1,1
256,0,1,0,0,1,0,1,0,0,0,0,1,0,0,0,0,0,1,0,0,145,,2,2,1,1,7,2,0,0,3,1,1,0,1,0,0,0,adaptiveResidentStrategy,115,107,2,0,0,2,0,7,2,0,3,2,1,0,0,0,0,0,0,explorationFocus,115,82,3,0,1,3,0,7,2,0,2,3,0,1,1,0,0,0,0,factoryVariety,136,152,1,1
257,1,0,0,0,0,0,1,0,0,1,0,0,0,1,0,0,0,1,0,0,210,,2,0,1,1,7,2,0,0,2,0,2,0,0,0,0,0,explorationFocus,52,117,2,0,1,2,0,7,2,0,1,1,1,0,0,1,0,1,0,factoryVariety,100,154,1,1,2,3,0,7,2,0,0,2,2,0,0,0,0,1,0,balanced,49,103,3,0
258,0,1,0,0,0,0,0,0,1,1,0,1,0,1,0,0,0,0,0,0,77,,1,0,1,1,7,2,0,1,1,0,0,1,1,0,0,0,eliteResidentProduction,112,153,1,1,1,2,0,7,2,0,2,1,1,1,0,1,0,0,0,eliteResidentProduction,41,135,2,0,2,3,0,7,2,0,2,1,2,0,0,1,0,0,0,adaptiveResidentStrategy,27,94,3,0
259,1,1,0,0,0,0,0,1,0,0,0,1,0,1,0,0,0,0,0,0,113,,3,0,1,1,7,2,0,1,3,0,0,0,1,0,0,0,factoryVariety,29,89,3,0,1,2,0,7,2,0,4,0,0,0,0,2,0,0,0,eliteResidentProduction,108,93,2,0,2,3,0,7,2,0,1,2,2,0,1,0,0,0,0,balanced,125,97,1,1
260,1,0,1,0,1,0,0,0,0,1,0,0,0,1,0,0,0,0,0,0,222,,2,2,1,1,7,2,0,3,2,1,1,0,0,1,0,0,adaptiveResidentStrategy,101,120,3,0,0,2,0,7,2,0,1,3,1,1,0,0,0,0,0,adaptiveResidentStrategy,45,144,2,0,1,3,0,7,2,0,1,0,2,1,0,0,0,0,0,balanced,121,150,1,1
261,1,1,0,0,0,0,1,0,0,0,0,1,0,0,0,1,0,0,0,0,164,,1,1,1,1,7,2,0,3,0,1,0,0,1,0,0,0,factoryVariety,125,105,3,0,2,2,0,7,2,0,1,3,0,2,0,0,0,0,0,explorationFocus,55,147,2,0,0,3,0,7,2,0,1,1,2,0,0,1,0,0,0,factoryVariety,47,159,1,1
262,0,0,1,0,1,0,0,1,0,0,0,0,0,0,0,0,0,1,1,0,173,,2,2,1,1,7,2,0,1,2,0,1,1,0,0,0,0,eliteResidentProduction,86,145,2,0,0,2,0,7,2,0,3,1,3,1,0,1,0,0,0,shipBuilding,54,138,3,0,1,3,0,7,2,0,0,1,2,0,1,1,0,0,0,explorationFocus,42,151,1,1
263,0,0,1,0,1,0,0,0,1,0,0,1,0,0,0,1,0,0,0,0,55,,3,2,1,1,7,2,0,0,2,1,1,0,1,0,0,0,explorationFocus,100,150,1,1,0,2,0,7,2,0,2,2,3,0,0,0,1,0,0,shipBuilding,152,141,3,0,1,3,0,7,2,0,3,2,1,0,0,1,0,0,0,factoryVariety,151,143,2,0
264,0,0,0,0,1,0,1,0,0,0,0,1,0,1,0,0,0,1,0,0,300,aborted_300_rounds,3,1,1,1,7,2,0,1,2,2,0,1,0,1,0,0,adaptiveResidentStrategy,150,97,2,0,2,2,0,7,2,0,2,1,1,1,1,0,0,0,0,eliteResidentProduction,103,117,1,1,0,3,0,7,2,0,3,0,0,1,0,0,0,0,0,factoryVariety,28,85,3,0
265,1,0,0,0,0,0,1,1,1,0,0,0,0,0,0,0,0,0,1,0,153,,2,1,1,1,7,2,0,2,2,0,0,0,1,0,0,0,explorationFocus,69,165,1,1,2,2,0,7,2,0,1,1,0,1,1,0,0,0,0,shipBuilding,149,162,2,0,0,3,0,7,2,0,3,1,1,0,0,1,1,0,0,adaptiveResidentStrategy,118,151,3,0
266,0,1,0,0,1,0,0,1,0,0,0,0,0,0,0,1,0,0,1,0,217,,3,1,1,1,7,2,0,3,1,1,0,0,1,0,0,0,adaptiveResidentStrategy,64,137,2,0,2,2,0,7,2,0,1,3,0,1,0,0,0,1,0,factoryVariety,129,143,1,1,0,3,0,7,2,0,2,0,3,1,0,0,0,1,0,shipBuilding,122,82,3,0
267,1,0,0,0,0,0,0,1,0,0,0,0,0,0,0,0,0,1,1,1,245,,3,1,1,1,7,2,0,0,2,0,1,0,1,0,0,0,balanced,40,96,3,0,2,2,0,7,2,0,1,2,3,1,0,1,0,0,0,explorationFocus,135,158,1,1,0,3,0,7,2,0,3,0,2,0,1,0,0,0,0,explorationFocus,125,101,2,0
268,1,0,1,0,0,0,0,1,1,0,0,0,0,0,0,0,0,0,0,1,217,,3,2,1,1,7,2,0,2,1,1,1,0,0,0,0,0,balanced,49,138,1,1,0,2,0,7,2,0,0,3,1,0,0,1,1,0,0,factoryVariety,53,111,2,0,1,3,0,7,2,0,1,2,0,0,0,1,0,1,0,eliteResidentProduction,74,91,3,0
269,0,0,1,0,1,0,1,1,1,0,0,0,0,0,0,0,0,0,0,0,178,,1,1,1,1,7,2,0,1,3,0,2,0,0,0,0,0,factoryVariety,59,153,2,0,2,2,0,7,2,0,1,0,1,1,0,1,0,0,0,factoryVariety,94,120,3,0,0,3,0,7,2,0,1,1,1,0,0,1,0,0,0,balanced,132,158,1,1
270,0,1,1,0,0,0,0,1,0,0,0,0,0,0,0,1,0,0,1,0,190,,3,1,1,1,7,2,0,1,2,2,0,1,0,1,0,0,eliteResidentProduction,111,83,3,0,2,2,0,7,2,0,2,3,0,0,0,1,0,0,0,factoryVariety,89,163,1,1,0,3,0,7,2,0,1,0,1,0,1,1,0,0,0,eliteResidentProduction,52,156,2,0
271,1,0,0,0,0,0,1,0,1,0,0,1,0,0,0,0,0,1,0,0,115,,3,1,1,1,7,2,0,1,2,1,0,0,1,1,0,0,eliteResidentProduction,74,99,3,0,2,2,0,7,2,0,2,1,1,0,0,0,0,0,0,shipBuilding,63,119,1,1,0,3,0,7,2,0,1,1,2,1,1,0,0,0,0,eliteResidentProduction,122,110,2,0
272,1,0,1,0,1,0,1,0,0,0,0,0,0,1,0,0,0,0,0,0,123,,1,1,1,1,7,2,0,2,1,2,0,0,1,1,0,0,explorationFocus,118,128,2,0,2,2,0,7,2,0,3,0,2,2,0,0,0,0,0,factoryVariety,104,93,3,0,0,3,0,7,2,0,1,2,0,1,0,1,0,0,0,factoryVariety,69,162,1,1
273,1,0,1,0,0,0,0,1,0,0,0,1,0,0,0,1,0,0,0,0,275,,3,0,1,1,7,2,0,2,1,0,1,0,1,0,0,0,explorationFocus,133,89,3,0,1,2,0,7,2,0,1,2,2,0,0,0,0,1,0,eliteResidentProduction,44,120,2,0,2,3,0,7,2,0,1,1,0,2,0,0,0,0,0,explorationFocus,67,147,1,1
274,0,1,0,0,1,0,0,0,0,0,0,0,0,0,0,0,0,1,1,1,155,,1,0,1,1,7,2,0,1,2,0,0,1,1,0,0,0,adaptiveResidentStrategy,113,151,1,1,1,2,0,7,2,0,2,0,2,1,0,1,0,0,0,explorationFocus,62,106,3,0,2,3,0,7,2,0,2,1,2,1,0,0,0,0,0,explorationFocus,107,121,2,0
275,1,1,0,0,0,0,1,0,0,0,0,1,0,1,0,0,0,0,0,0,300,aborted_300_rounds,1,2,1,1,7,2,0,3,2,1,1,0,1,0,0,0,adaptiveResidentStrategy,128,121,3,0,0,2,0,7,2,0,1,3,2,0,0,0,0,0,0,explorationFocus,43,160,1,1,1,3,0,7,2,0,0,1,1,2,0,0,0,0,0,factoryVariety,72,134,2,0
276,1,0,0,0,0,0,1,1,0,1,0,1,0,0,0,0,0,0,0,0,210,,3,1,1,1,7,2,0,2,4,0,0,0,1,1,0,0,explorationFocus,109,91,3,0,2,2,0,7,2,0,3,1,2,1,0,1,0,0,0,eliteResidentProduction,47,134,1,1,0,3,0,7,2,0,2,0,0,1,0,1,0,0,0,factoryVariety,115,101,2,0
277,1,0,0,0,1,0,0,0,1,0,0,1,0,0,0,0,0,0,1,0,115,,1,2,1,1,7,2,0,1,4,1,0,0,2,0,0,0,adaptiveResidentStrategy,97,140,3,0,0,2,0,7,2,0,2,0,0,1,0,0,1,0,0,shipBuilding,71,165,1,1,1,3,0,7,2,0,0,1,0,0,1,0,1,0,0,factoryVariety,152,157,2,0
278,0,1,0,0,0,0,0,1,1,0,0,1,0,1,0,0,0,0,0,0,114,,3,0,1,1,7,2,0,3,1,1,1,0,0,0,0,0,adaptiveResidentStrategy,116,108,2,0,1,2,0,7,2,0,2,0,3,0,0,1,0,0,0,balanced,110,89,3,0,2,3,0,7,2,0,0,3,1,1,0,0,1,0,0,adaptiveResidentStrategy,107,143,1,1
279,1,1,0,0,0,0,0,1,0,1,0,1,0,0,0,0,0,0,0,0,133,,3,0,1,1,7,2,0,0,1,1,1,0,0,1,0,0,explorationFocus,74,121,2,0,1,2,0,7,2,0,1,1,0,0,0,0,0,1,0,factoryVariety,74,104,3,0,2,3,0,7,2,0,2,2,1,0,0,1,1,0,0,eliteResidentProduction,63,145,1,1
280,1,1,1,0,0,0,0,0,0,0,0,1,0,0,0,1,0,0,0,0,200,,1,1,1,1,7,2,0,0,1,1,1,0,0,0,1,0,adaptiveResidentStrategy,46,115,3,0,2,2,0,7,2,0,3,3,0,0,0,0,1,0,0,explorationFocus,38,124,2,0,0,3,0,7,2,0,0,3,1,1,0,0,0,0,0,adaptiveResidentStrategy,121,129,1,1
281,1,0,0,0,1,0,0,0,0,0,0,0,0,0,0,1,0,0,1,1,125,,3,2,1,1,7,2,0,1,3,0,1,0,0,0,0,0,adaptiveResidentStrategy,131,118,1,1,0,2,0,7,2,0,2,1,1,1,1,0,0,0,0,balanced,59,86,3,0,1,3,0,7,2,0,2,3,1,2,0,0,0,0,0,factoryVariety,87,96,2,0
282,0,0,1,0,0,0,0,1,0,1,0,0,0,0,0,1,0,0,1,0,90,,3,0,1,1,7,2,0,2,1,1,2,0,0,0,0,0,adaptiveResidentStrategy,142,92,3,0,1,2,0,7,2,0,1,1,1,0,1,1,0,0,0,balanced,102,100,2,0,2,3,0,7,2,0,2,2,1,2,0,0,0,0,0,adaptiveResidentStrategy,41,151,1,1
283,1,1,0,0,0,0,0,1,0,0,0,0,0,0,0,1,0,1,0,0,103,,3,2,1,1,7,2,0,3,1,1,0,0,0,0,1,0,explorationFocus,152,130,1,1,0,2,0,7,2,0,1,3,1,1,1,0,0,0,0,balanced,45,83,3,0,1,3,0,7,2,0,1,1,2,0,2,0,0,0,0,explorationFocus,144,117,2,0
284,1,1,0,0,1,0,0,0,0,0,0,0,0,0,0,0,0,1,1,0,105,,2,2,1,1,7,2,0,4,1,0,1,0,0,1,0,0,balanced,94,132,2,0,0,2,0,7,2,0,1,0,0,2,0,0,0,0,0,factoryVariety,70,99,3,0,1,3,0,7,2,0,2,1,3,1,0,0,0,0,0,factoryVariety,36,165,1,1
285,0,0,0,0,1,0,1,0,0,1,0,0,0,0,0,0,0,1,1,0,173,,2,0,1,1,7,2,0,5,0,0,0,0,0,0,0,0,shipBuilding,136,120,3,0,1,2,0,7,2,0,3,2,1,0,1,0,0,0,0,factoryVariety,99,162,1,1,2,3,0,7,2,0,0,3,0,0,0,1,0,1,0,explorationFocus,141,122,2,0
286,0,1,0,0,0,0,1,0,0,0,0,0,0,1,0,1,0,0,0,1,205,,2,0,1,1,7,2,0,1,1,0,0,1,0,1,0,0,adaptiveResidentStrategy,33,90,3,0,1,2,0,7,2,0,2,0,2,0,0,0,1,0,0,balanced,108,123,1,1,2,3,0,7,2,0,0,3,1,1,0,1,0,0,0,adaptiveResidentStrategy,73,92,2,0
287,0,0,0,0,1,0,1,0,0,1,0,1,0,0,0,0,0,0,1,0,135,,2,0,1,1,7,2,0,1,1,1,1,0,0,0,1,0,balanced,28,135,3,0,1,2,0,7,2,0,1,1,1,0,0,1,0,0,0,eliteResidentProduction,93,159,1,1,2,3,0,7,2,0,1,2,0,1,0,0,1,0,0,shipBuilding,66,145,2,0
288,0,0,0,0,1,0,1,1,0,0,0,0,0,1,0,0,0,0,1,0,73,,1,1,1,1,7,2,0,3,1,1,2,0,0,0,0,0,adaptiveResidentStrategy,152,123,3,0,2,2,0,7,2,0,1,1,1,0,0,1,0,1,0,explorationFocus,83,136,2,0,0,3,0,7,2,0,0,2,1,1,0,1,0,0,0,balanced,50,161,1,1
289,0,0,1,0,1,0,1,0,1,0,0,0,0,0,0,1,0,0,0,0,85,,1,1,1,1,7,2,0,2,2,1,0,0,1,0,0,0,balanced,135,119,3,0,2,2,0,7,2,0,2,2,1,1,0,0,0,0,0,balanced,136,134,2,0,0,3,0,7,2,0,1,3,0,0,1,0,0,0,0,balanced,101,138,1,1
290,0,1,1,0,1,0,1,0,0,0,0,0,0,0,0,1,0,0,0,0,64,,3,2,1,1,7,2,0,2,1,0,0,0,0,0,1,0,factoryVariety,119,139,1,1,0,2,0,7,2,0,1,3,1,0,0,0,1,0,0,explorationFocus,146,111,3,0,1,3,0,7,2,0,2,0,2,2,0,0,0,0,0,shipBuilding,152,134,2,0
291,0,1,0,0,0,0,0,0,0,1,0,1,0,1,0,0,0,0,1,0,145,,3,0,1,1,7,2,0,1,1,0,1,0,1,0,0,0,explorationFocus,118,94,3,0,1,2,0,7,2,0,2,0,2,0,0,2,0,0,0,eliteResidentProduction,81,99,2,0,2,3,0,7,2,0,3,2,1,0,0,0,0,1,0,balanced,116,132,1,1
292,1,1,0,0,1,0,0,0,0,0,0,0,0,0,0,0,0,1,1,0,210,,2,0,1,1,7,2,0,0,2,1,0,0,0,1,1,0,eliteResidentProduction,45,94,3,0,1,2,0,7,2,0,2,3,1,1,0,0,0,0,0,adaptiveResidentStrategy,139,108,1,1,2,3,0,7,2,0,1,1,2,1,1,0,0,0,0,balanced,130,106,2,0
293,1,0,1,0,0,0,0,0,1,1,0,1,0,0,0,0,0,0,0,0,77,,3,1,1,1,7,2,0,1,1,0,1,0,1,0,0,0,explorationFocus,94,100,3,0,2,2,0,7,2,0,2,1,0,1,0,0,0,0,0,shipBuilding,126,132,1,1,0,3,0,7,2,0,0,0,2,1,0,0,0,1,0,shipBuilding,59,109,2,0
294,0,1,0,0,1,0,0,1,0,0,0,0,0,1,0,0,0,0,1,0,113,,3,2,1,1,7,2,0,0,1,0,1,1,0,0,0,0,shipBuilding,46,156,1,1,0,2,0,7,2,0,2,2,0,0,0,1,1,0,0,shipBuilding,46,138,2,0,1,3,0,7,2,0,2,1,2,0,0,1,0,0,0,eliteResidentProduction,106,99,3,0
295,0,0,1,0,0,0,0,0,1,0,0,1,0,1,0,0,0,0,1,0,222,,1,1,1,1,7,2,0,3,1,0,0,0,2,0,0,0,explorationFocus,97,121,2,0,2,2,0,7,2,0,0,3,2,1,0,0,0,0,0,explorationFocus,65,97,3,0,0,3,0,7,2,0,3,1,1,1,0,0,0,0,0,eliteResidentProduction,30,149,1,1
296,0,0,1,0,1,0,0,1,1,0,0,0,0,1,0,0,0,0,0,0,164,,2,2,1,1,7,2,0,1,1,1,1,0,1,0,0,0,explorationFocus,52,105,2,0,0,2,0,7,2,0,1,4,1,0,1,0,0,1,0,explorationFocus,72,99,3,0,1,3,0,7,2,0,2,0,1,0,0,1,0,0,0,adaptiveResidentStrategy,53,124,1,1
297,0,1,0,0,0,0,0,0,1,0,0,1,0,0,0,0,0,1,1,0,173,,2,1,1,1,7,2,0,2,0,0,1,0,0,0,1,0,eliteResidentProduction,117,163,1,1,2,2,0,7,2,0,1,0,1,0,0,2,0,0,0,shipBuilding,148,121,3,0,0,3,0,7,2,0,1,2,2,0,0,1,0,1,0,adaptiveResidentStrategy,29,160,2,0
298,1,0,0,0,0,0,0,1,0,1,0,0,0,0,0,1,0,1,0,0,55,,2,1,1,1,7,2,0,2,2,0,0,0,1,0,0,0,adaptiveResidentStrategy,40,118,1,1,2,2,0,7,2,0,1,1,1,1,0,0,0,1,0,shipBuilding,43,116,2,0,0,3,0,7,2,0,0,2,3,1,0,1,0,0,0,eliteResidentProduction,120,101,3,0
299,1,1,1,0,0,0,0,0,0,0,0,0,0,1,0,1,0,0,0,0,85,,2,2,1,1,7,2,0,2,0,1,1,0,0,1,0,0,factoryVariety,78,88,2,0,0,2,0,7,2,0,1,2,1,0,1,0,0,1,0,factoryVariety,93,84,3,0,1,3,0,7,2,0,1,3,1,0,0,1,0,0,0,eliteResidentProduction,146,140,1,1
300,0,0,0,0,0,0,1,0,0,1,0,1,0,1,0,0,0,0,1,0,64,,1,2,1,1,7,2,0,0,4,0,0,0,2,0,0,0,balanced,43,94,3,0,0,2,0,7,2,0,2,0,1,1,1,0,0,0,0,balanced,41,143,1,1,1,3,0,7,2,0,3,0,0,1,1,0,0,0,0,eliteResidentProduction,129,118,2,0
301,0,1,0,0,1,0,1,0,0,0,0,1,0,0,0,0,0,1,0,0,145,,1,2,1,1,7,2,0,0,3,1,1,0,1,0,0,0,adaptiveResidentStrategy,150,116,2,0,0,2,0,7,2,0,3,2,1,0,0,0,0,0,0,explorationFocus,55,138,1,1,1,3,0,7,2,0,2,3,0,1,1,0,0,0,0,factoryVariety,101,105,3,0
302,1,0,0,0,0,0,1,0,0,1,0,0,0,1,0,0,0,1,0,0,210,,3,0,1,1,7,2,0,0,2,0,2,0,0,0,0,0,explorationFocus,74,140,2,0,1,2,0,7,2,0,1,1,1,0,0,1,0,1,0,factoryVariety,150,135,3,0,2,3,0,7,2,0,0,2,2,0,0,0,0,1,0,balanced,103,149,1,1
303,0,1,0,0,0,0,0,0,1,1,0,1,0,1,0,0,0,0,0,0,77,,1,0,1,1,7,2,0,1,1,0,0,1,1,0,0,0,eliteResidentProduction,30,147,1,1,1,2,0,7,2,0,2,1,1,1,0,1,0,0,0,eliteResidentProduction,146,105,3,0,2,3,0,7,2,0,2,1,2,0,0,1,0,0,0,adaptiveResidentStrategy,109,129,2,0
304,1,1,0,0,0,0,0,1,0,0,0,1,0,1,0,0,0,0,0,0,113,,2,0,1,1,7,2,0,1,3,0,0,0,1,0,0,0,factoryVariety,35,122,3,0,1,2,0,7,2,0,4,0,0,0,0,2,0,0,0,eliteResidentProduction,141,140,1,1,2,3,0,7,2,0,1,2,2,0,1,0,0,0,0,balanced,150,126,2,0
305,1,0,1,0,1,0,0,0,0,1,0,0,0,1,0,0,0,0,0,0,222,,3,2,1,1,7,2,0,3,2,1,1,0,0,1,0,0,adaptiveResidentStrategy,150,164,1,1,0,2,0,7,2,0,1,3,1,1,0,0,0,0,0,adaptiveResidentStrategy,59,160,2,0,1,3,0,7,2,0,1,0,2,1,0,0,0,0,0,balanced,89,158,3,0
306,1,1,0,0,0,0,1,0,0,0,0,1,0,0,0,1,0,0,0,0,164,,1,1,1,1,7,2,0,3,0,1,0,0,1,0,0,0,factoryVariety,36,129,2,0,2,2,0,7,2,0,1,3,0,2,0,0,0,0,0,explorationFocus,74,125,3,0,0,3,0,7,2,0,1,1,2,0,0,1,0,0,0,factoryVariety,38,160,1,1
307,0,0,1,0,1,0,0,1,0,0,0,0,0,0,0,0,0,1,1,0,173,,2,2,1,1,7,2,0,1,2,0,1,1,0,0,0,0,eliteResidentProduction,51,93,3,0,0,2,0,7,2,0,3,1,3,1,0,1,0,0,0,shipBuilding,139,129,2,0,1,3,0,7,2,0,0,1,2,0,1,1,0,0,0,explorationFocus,100,135,1,1
308,0,0,1,0,1,0,0,0,1,0,0,1,0,0,0,1,0,0,0,0,55,,3,2,1,1,7,2,0,0,2,1,1,0,1,0,0,0,explorationFocus,54,151,1,1,0,2,0,7,2,0,2,2,3,0,0,0,1,0,0,shipBuilding,119,87,3,0,1,3,0,7,2,0,3,2,1,0,0,1,0,0,0,factoryVariety,128,116,2,0
309,0,0,0,0,1,0,1,0,0,0,0,1,0,1,0,0,0,1,0,0,300,aborted_300_rounds,1,1,1,1,7,2,0,1,2,2,0,1,0,1,0,0,adaptiveResidentStrategy,78,100,3,0,2,2,0,7,2,0,2,1,1,1,1,0,0,0,0,eliteResidentProduction,56,112,2,0,0,3,0,7,2,0,3,0,0,1,0,0,0,0,0,factoryVariety,40,133,1,1
310,1,0,0,0,0,0,1,1,1,0,0,0,0,0,0,0,0,0,1,0,153,,3,1,1,1,7,2,0,2,2,0,0,0,1,0,0,0,explorationFocus,74,118,2,0,2,2,0,7,2,0,1,1,0,1,1,0,0,0,0,shipBuilding,97,133,1,1,0,3,0,7,2,0,3,1,1,0,0,1,1,0,0,adaptiveResidentStrategy,146,117,3,0
311,0,1,0,0,1,0,0,1,0,0,0,0,0,0,0,1,0,0,1,0,217,,1,1,1,1,7,2,0,3,1,1,0,0,1,0,0,0,adaptiveResidentStrategy,50,124,2,0,2,2,0,7,2,0,1,3,0,1,0,0,0,1,0,factoryVariety,37,99,3,0,0,3,0,7,2,0,2,0,3,1,0,0,0,1,0,shipBuilding,131,148,1,1
312,1,0,0,0,0,0,0,1,0,0,0,0,0,0,0,0,0,1,1,1,245,,3,1,1,1,7,2,0,0,2,0,1,0,1,0,0,0,balanced,148,149,2,0,2,2,0,7,2,0,1,2,3,1,0,1,0,0,0,explorationFocus,41,165,1,1,0,3,0,7,2,0,3,0,2,0,1,0,0,0,0,explorationFocus,48,132,3,0
313,1,0,1,0,0,0,0,1,1,0,0,0,0,0,0,0,0,0,0,1,217,,3,2,1,1,7,2,0,2,1,1,1,0,0,0,0,0,balanced,48,104,1,1,0,2,0,7,2,0,0,3,1,0,0,1,1,0,0,factoryVariety,74,83,3,0,1,3,0,7,2,0,1,2,0,0,0,1,0,1,0,eliteResidentProduction,102,97,2,0
314,0,0,1,0,1,0,1,1,1,0,0,0,0,0,0,0,0,0,0,0,178,,1,1,1,1,7,2,0,1,3,0,2,0,0,0,0,0,factoryVariety,102,114,2,0,2,2,0,7,2,0,1,0,1,1,0,1,0,0,0,factoryVariety,86,111,3,0,0,3,0,7,2,0,1,1,1,0,0,1,0,0,0,balanced,45,138,1,1
315,0,1,1,0,0,0,0,1,0,0,0,0,0,0,0,1,0,0,1,0,190,,2,1,1,1,7,2,0,1,2,2,0,1,0,1,0,0,eliteResidentProduction,142,124,1,1,2,2,0,7,2,0,2,3,0,0,0,1,0,0,0,factoryVariety,73,122,2,0,0,3,0,7,2,0,1,0,1,0,1,1,0,0,0,eliteResidentProduction,125,83,3,0
316,1,0,0,0,0,0,1,0,1,0,0,1,0,0,0,0,0,1,0,0,115,,1,1,1,1,7,2,0,1,2,1,0,0,1,1,0,0,eliteResidentProduction,31,107,3,0,2,2,0,7,2,0,2,1,1,0,0,0,0,0,0,shipBuilding,133,113,2,0,0,3,0,7,2,0,1,1,2,1,1,0,0,0,0,eliteResidentProduction,37,155,1,1
317,1,0,1,0,1,0,1,0,0,0,0,0,0,1,0,0,0,0,0,0,123,,2,1,1,1,7,2,0,2,1,2,0,0,1,1,0,0,explorationFocus,153,159,1,1,2,2,0,7,2,0,3,0,2,2,0,0,0,0,0,factoryVariety,89,91,3,0,0,3,0,7,2,0,1,2,0,1,0,1,0,0,0,factoryVariety,43,115,2,0
318,1,0,1,0,0,0,0,1,0,0,0,1,0,0,0,1,0,0,0,0,275,,1,0,1,1,7,2,0,2,1,0,1,0,1,0,0,0,explorationFocus,119,154,1,1,1,2,0,7,2,0,1,2,2,0,0,0,0,1,0,eliteResidentProduction,142,131,2,0,2,3,0,7,2,0,1,1,0,2,0,0,0,0,0,explorationFocus,79,127,3,0
319,0,1,0,0,1,0,0,0,0,0,0,0,0,0,0,0,0,1,1,1,155,,3,0,1,1,7,2,0,1,2,0,0,1,1,0,0,0,adaptiveResidentStrategy,111,99,3,0,1,2,0,7,2,0,2,0,2,1,0,1,0,0,0,explorationFocus,132,99,3,0,2,3,0,7,2,0,2,1,2,1,0,0,0,0,0,explorationFocus,59,134,1,1
320,1,1,0,0,0,0,1,0,0,0,0,1,0,1,0,0,0,0,0,0,300,aborted_300_rounds,3,2,1,1,7,2,0,3,2,1,1,0,1,0,0,0,adaptiveResidentStrategy,29,145,1,1,0,2,0,7,2,0,1,3,2,0,0,0,0,0,0,explorationFocus,83,135,2,0,1,3,0,7,2,0,0,1,1,2,0,0,0,0,0,factoryVariety,28,104,3,0
321,1,0,0,0,0,0,1,1,0,1,0,1,0,0,0,0,0,0,0,0,210,,3,1,1,1,7,2,0,2,4,0,0,0,1,1,0,0,explorationFocus,41,124,3,0,2,2,0,7,2,0,3,1,2,1,0,1,0,0,0,eliteResidentProduction,60,153,1,1,0,3,0,7,2,0,2,0,0,1,0,1,0,0,0,factoryVariety,124,127,2,0
322,1,0,0,0,1,0,0,0,1,0,0,1,0,0,0,0,0,0,1,0,115,,1,2,1,1,7,2,0,1,4,1,0,0,2,0,0,0,adaptiveResidentStrategy,27,98,2,0,0,2,0,7,2,0,2,0,0,1,0,0,1,0,0,shipBuilding,99,126,1,1,1,3,0,7,2,0,0,1,0,0,1,0,1,0,0,factoryVariety,135,90,3,0
323,0,1,0,0,0,0,0,1,1,0,0,1,0,1,0,0,0,0,0,0,114,,2,0,1,1,7,2,0,3,1,1,1,0,0,0,0,0,adaptiveResidentStrategy,65,100,3,0,1,2,0,7,2,0,2,0,3,0,0,1,0,0,0,balanced,58,148,1,1,2,3,0,7,2,0,0,3,1,1,0,0,1,0,0,adaptiveResidentStrategy,104,146,2,0
324,1,1,0,0,0,0,0,1,0,1,0,1,0,0,0,0,0,0,0,0,133,,3,0,1,1,7,2,0,0,1,1,1,0,0,1,0,0,explorationFocus,133,99,2,0,1,2,0,7,2,0,1,1,0,0,0,0,0,1,0,factoryVariety,116,94,3,0,2,3,0,7,2,0,2,2,1,0,0,1,1,0,0,eliteResidentProduction,138,165,1,1
325,1,1,1,0,0,0,0,0,0,0,0,1,0,0,0,1,0,0,0,0,200,,3,1,1,1,7,2,0,0,1,1,1,0,0,0,1,0,adaptiveResidentStrategy,137,146,2,0,2,2,0,7,2,0,3,3,0,0,0,0,1,0,0,explorationFocus,133,151,1,1,0,3,0,7,2,0,0,3,1,1,0,0,0,0,0,adaptiveResidentStrategy,98,122,3,0
326,1,0,0,0,1,0,0,0,0,0,0,0,0,0,0,1,0,0,1,1,125,,3,2,1,1,7,2,0,1,3,0,1,0,0,0,0,0,adaptiveResidentStrategy,33,145,1,1,0,2,0,7,2,0,2,1,1,1,1,0,0,0,0,balanced,112,139,3,0,1,3,0,7,2,0,2,3,1,2,0,0,0,0,0,factoryVariety,66,142,2,0
327,0,0,1,0,0,0,0,1,0,1,0,0,0,0,0,1,0,0,1,0,90,,3,0,1,1,7,2,0,2,1,1,2,0,0,0,0,0,adaptiveResidentStrategy,36,99,3,0,1,2,0,7,2,0,1,1,1,0,1,1,0,0,0,balanced,135,156,2,0,2,3,0,7,2,0,2,2,1,2,0,0,0,0,0,adaptiveResidentStrategy,57,160,1,1
328,1,1,0,0,0,0,0,1,0,0,0,0,0,0,0,1,0,1,0,0,103,,3,2,1,1,7,2,0,3,1,1,0,0,0,0,1,0,explorationFocus,152,134,1,1,0,2,0,7,2,0,1,3,1,1,1,0,0,0,0,balanced,119,128,2,0,1,3,0,7,2,0,1,1,2,0,2,0,0,0,0,explorationFocus,133,86,3,0
329,1,1,0,0,1,0,0,0,0,0,0,0,0,0,0,0,0,1,1,0,105,,2,2,1,1,7,2,0,4,1,0,1,0,0,1,0,0,balanced,90,99,2,0,0,2,0,7,2,0,1,0,0,2,0,0,0,0,0,factoryVariety,40,84,3,0,1,3,0,7,2,0,2,1,3,1,0,0,0,0,0,factoryVariety,102,123,1,1
330,0,0,0,0,1,0,1,0,0,1,0,0,0,0,0,0,0,1,1,0,173,,2,0,1,1,7,2,0,5,0,0,0,0,0,0,0,0,shipBuilding,141,123,3,0,1,2,0,7,2,0,3,2,1,0,1,0,0,0,0,factoryVariety,95,154,1,1,2,3,0,7,2,0,0,3,0,0,0,1,0,1,0,explorationFocus,65,146,2,0
331,0,1,0,0,0,0,1,0,0,0,0,0,0,1,0,1,0,0,0,1,205,,3,0,1,1,7,2,0,1,1,0,0,1,0,1,0,0,adaptiveResidentStrategy,122,86,3,0,1,2,0,7,2,0,2,0,2,0,0,0,1,0,0,balanced,119,102,2,0,2,3,0,7,2,0,0,3,1,1,0,1,0,0,0,adaptiveResidentStrategy,114,165,1,1
332,0,0,0,0,1,0,1,0,0,1,0,1,0,0,0,0,0,0,1,0,135,,1,0,1,1,7,2,0,1,1,1,1,0,0,0,1,0,balanced,64,153,1,1,1,2,0,7,2,0,1,1,1,0,0,1,0,0,0,eliteResidentProduction,98,107,3,0,2,3,0,7,2,0,1,2,0,1,0,0,1,0,0,shipBuilding,109,122,2,0
333,0,0,0,0,1,0,1,1,0,0,0,0,0,1,0,0,0,0,1,0,73,,3,1,1,1,7,2,0,3,1,1,2,0,0,0,0,0,adaptiveResidentStrategy,78,111,3,0,2,2,0,7,2,0,1,1,1,0,0,1,0,1,0,explorationFocus,87,142,1,1,0,3,0,7,2,0,0,2,1,1,0,1,0,0,0,balanced,113,132,2,0
334,0,0,1,0,1,0,1,0,1,0,0,0,0,0,0,1,0,0,0,0,85,,2,1,1,1,7,2,0,2,2,1,0,0,1,0,0,0,balanced,65,138,1,1,2,2,0,7,2,0,2,2,1,1,0,0,0,0,0,balanced,88,92,3,0,0,3,0,7,2,0,1,3,0,0,1,0,0,0,0,balanced,46,107,2,0
335,0,0,1,0,1,0,0,0,0,1,0,0,0,1,0,0,0,0,0,1,133,,2,0,1,1,7,2,0,1,1,1,1,0,1,0,0,0,adaptiveResidentStrategy,46,138,2,0,1,2,0,7,2,0,1,2,1,1,1,0,0,0,0,adaptiveResidentStrategy,114,141,1,1,2,3,0,7,2,0,4,1,0,1,0,0,0,0,0,balanced,38,133,3,0
336,1,0,0,1,0,0,0,0,0,0,0,1,0,0,0,0,0,1,1,0,200,,3,1,1,1,7,2,0,2,2,1,2,0,0,0,0,0,factoryVariety,35,107,2,0,2,2,0,7,2,0,3,0,2,2,0,0,0,0,0,eliteResidentProduction,39,134,1,1,0,3,0,7,2,0,3,1,0,0,0,1,0,0,0,adaptiveResidentStrategy,147,89,3,0
337,1,0,0,0,0,0,1,1,0,0,0,0,0,1,0,1,0,0,0,0,125,,3,2,1,1,7,2,0,0,2,3,1,0,0,0,1,0,explorationFocus,139,134,1,1,0,2,0,7,2,0,2,3,0,1,0,0,0,1,0,adaptiveResidentStrategy,63,129,2,0,1,3,0,7,2,0,0,2,1,0,0,1,0,0,0,adaptiveResidentStrategy,148,103,3,0
338,0,1,0,0,0,0,1,1,0,0,0,0,0,0,0,0,0,1,0,1,90,,2,0,1,1,7,2,0,1,2,1,1,0,0,1,0,0,eliteResidentProduction,70,130,2,0,1,2,0,7,2,0,2,1,1,1,1,0,0,0,0,factoryVariety,122,157,1,1,2,3,0,7,2,0,2,2,0,2,0,0,0,0,0,eliteResidentProduction,90,125,3,0
339,0,1,0,0,1,0,0,0,0,1,0,1,0,0,0,0,0,0,0,1,103,,3,1,1,1,7,2,0,1,3,0,1,0,0,0,0,0,adaptiveResidentStrategy,51,82,3,0,2,2,0,7,2,0,3,1,1,1,0,0,0,0,0,eliteResidentProduction,66,143,1,1,0,3,0,7,2,0,1,3,0,0,0,1,0,0,0,explorationFocus,74,134,2,0
340,0,0,1,0,0,0,0,0,1,0,0,1,0,1,0,1,0,0,0,0,105,,2,0,1,1,7,2,0,0,4,1,0,0,0,0,1,0,adaptiveResidentStrategy,153,88,3,0,1,2,0,7,2,0,2,1,1,1,0,0,0,0,0,balanced,46,164,1,1,2,3,0,7,2,0,2,1,0,1,0,0,1,0,0,eliteResidentProduction,30,105,2,0
341,0,0,0,0,0,0,1,1,0,0,0,0,0,1,0,0,0,0,1,1,173,,3,2,1,1,7,2,0,1,1,1,1,0,1,0,0,0,eliteResidentProduction,30,131,1,1,0,2,0,7,2,0,1,1,0,0,0,1,1,0,0,eliteResidentProduction,64,97,2,0,1,3,0,7,2,0,1,1,1,1,0,0,0,0,0,adaptiveResidentStrategy,29,91,3,0
342,0,0,1,0,0,1,0,0,0,0,0,1,0,1,0,0,0,1,0,0,205,,3,1,1,1,7,2,0,0,2,1,0,0,0,0,1,0,balanced,127,140,2,0,2,2,0,7,2,0,1,4,0,0,0,1,1,0,0,eliteResidentProduction,134,165,1,1,0,3,0,7,2,0,2,2,1,0,2,0,0,0,0,adaptiveResidentStrategy,91,116,3,0
343,0,1,0,0,1,0,1,0,0,1,0,0,0,0,0,0,0,1,0,0,135,,1,2,1,1,7,2,0,1,2,0,1,0,0,0,1,0,balanced,132,110,3,0,0,2,0,7,2,0,2,2,1,1,1,0,0,0,0,factoryVariety,149,141,1,1,1,3,0,7,2,0,1,1,1,0,0,0,0,0,0,adaptiveResidentStrategy,52,128,2,0
344,0,0,0,0,1,0,0,0,0,1,0,1,0,1,0,0,0,0,1,0,73,,3,1,1,1,7,2,0,0,2,0,2,0,0,0,0,0,shipBuilding,29,110,3,0,2,2,0,7,2,0,4,1,1,0,0,0,1,0,0,eliteResidentProduction,140,128,1,1,0,3,0,7,2,0,1,0,2,1,1,0,0,0,0,eliteResidentProduction,151,126,2,0
345,0,0,0,0,0,0,0,1,0,1,0,0,0,1,0,1,0,0,1,0,85,,3,2,1,1,7,2,0,1,2,3,1,0,0,0,1,0,explorationFocus,129,162,1,1,0,2,0,7,2,0,3,2,1,0,0,1,0,0,0,factoryVariety,42,110,3,0,1,3,0,7,2,0,1,1,0,1,0,1,0,0,0,adaptiveResidentStrategy,127,150,2,0
346,0,1,1,0,0,0,0,0,0,1,0,0,0,0,0,0,0,1,1,0,64,,2,2,1,1,7,2,0,2,2,1,1,0,1,0,0,0,eliteResidentProduction,142,110,3,0,0,2,0,7,2,0,0,2,2,0,0,0,2,0,0,eliteResidentProduction,140,122,2,0,1,3,0,7,2,0,1,1,2,1,1,0,0,0,0,factoryVariety,74,126,1,1
347,1,0,1,0,0,0,0,0,0,0,0,0,0,1,0,1,0,0,0,1,145,,1,0,1,1,7,2,0,2,2,1,1,1,0,0,0,0,adaptiveResidentStrategy,50,146,1,1,1,2,0,7,2,0,1,0,0,0,0,1,0,1,0,adaptiveResidentStrategy,52,138,3,0,2,3,0,7,2,0,1,2,0,0,0,2,0,0,0,adaptiveResidentStrategy,75,145,2,0
348,0,0,0,0,1,0,0,1,1,1,0,0,0,1,0,0,0,0,0,0,210,,1,1,1,1,7,2,0,2,1,1,1,0,0,0,0,0,explorationFocus,84,85,3,0,2,2,0,7,2,0,2,1,2,1,0,0,0,0,0,explorationFocus,135,94,2,0,0,3,0,7,2,0,1,3,1,0,0,0,0,0,0,shipBuilding,34,121,1,1
349,1,0,1,0,0,0,0,1,1,0,0,0,0,1,0,0,0,0,0,0,77,,1,2,1,1,7,2,0,0,3,0,1,0,0,0,1,0,explorationFocus,107,126,1,1,0,2,0,7,2,0,2,0,1,1,0,0,0,0,0,explorationFocus,56,126,1,1,1,3,0,7,2,0,4,0,2,1,0,1,0,0,0,factoryVariety,126,96,3,0
350,1,1,0,0,0,0,0,0,1,1,0,0,0,0,0,0,0,0,0,1,113,,1,2,1,1,7,2,0,4,2,0,1,0,0,0,0,0,shipBuilding,39,113,2,0,0,2,0,7,2,0,2,1,1,0,1,0,1,0,0,eliteResidentProduction,33,131,1,1,1,3,0,7,2,0,2,0,1,0,0,1,0,0,0,eliteResidentProduction,109,102,3,0
351,1,1,1,0,1,0,0,0,1,0,0,0,0,0,0,0,0,0,0,0,222,,3,2,1,1,7,2,0,4,1,2,0,0,0,0,0,0,explorationFocus,61,155,1,1,0,2,0,7,2,0,3,1,0,0,0,1,0,0,0,factoryVariety,102,112,2,0,1,3,0,7,2,0,0,6,0,1,0,0,0,0,0,balanced,91,83,3,0
352,1,0,0,0,0,0,1,1,0,0,0,0,0,0,0,0,0,1,1,0,164,,3,1,1,1,7,2,0,1,2,0,0,0,2,0,0,0,eliteResidentProduction,70,112,3,0,2,2,0,7,2,0,1,4,3,1,0,0,0,0,0,factoryVariety,42,122,1,1,0,3,0,7,2,0,1,0,1,0,1,1,0,0,0,factoryVariety,101,116,2,0
353,0,1,0,0,0,0,1,0,0,1,0,0,0,0,0,0,0,0,1,1,173,,3,1,1,1,7,2,0,1,3,0,2,0,0,0,0,0,factoryVariety,122,104,3,0,2,2,0,7,2,0,2,1,0,1,0,0,1,0,0,eliteResidentProduction,134,149,1,1,0,3,0,7,2,0,1,2,2,0,1,0,0,0,0,eliteResidentProduction,76,140,2,0
354,0,0,1,0,0,0,0,0,0,1,0,1,0,0,0,1,0,1,0,0,55,,1,0,1,1,7,2,0,1,0,2,0,0,1,1,0,0,eliteResidentProduction,32,142,1,1,1,2,0,7,2,0,3,2,1,0,0,1,0,0,0,explorationFocus,47,104,3,0,2,3,0,7,2,0,1,3,1,1,0,0,0,0,0,factoryVariety,82,111,2,0
355,0,0,0,0,0,0,0,0,0,0,0,1,0,1,0,1,0,1,1,0,300,aborted_300_rounds,1,1,1,1,7,2,0,0,0,2,0,0,0,1,1,0,adaptiveResidentStrategy,29,88,3,0,2,2,0,7,2,0,3,1,1,1,1,0,0,0,0,shipBuilding,87,100,2,0,0,3,0,7,2,0,2,1,1,2,0,0,0,0,0,adaptiveResidentStrategy,57,118,1,1
356,1,0,1,0,1,0,0,0,0,0,0,0,0,1,0,0,0,0,0,1,153,,3,0,1,1,7,2,0,1,1,2,1,0,0,1,0,0,explorationFocus,119,92,3,0,1,2,0,7,2,0,1,1,1,1,0,0,1,0,0,eliteResidentProduction,129,105,2,0,2,3,0,7,2,0,3,3,0,0,0,1,0,1,0,factoryVariety,56,143,1,1
357,0,0,0,0,0,0,0,0,1,0,0,1,0,1,0,1,0,1,0,0,217,,1,0,1,1,7,2,0,0,0,1,1,0,0,0,1,0,balanced,41,138,1,1,1,2,0,7,2,0,2,3,0,0,0,0,1,0,0,factoryVariety,113,96,2,0,2,3,0,7,2,0,3,3,1,0,0,1,0,0,0,eliteResidentProduction,51,93,3,0
358,0,0,0,0,1,0,1,1,1,0,0,0,0,0,0,0,0,0,1,0,245,,3,1,1,1,7,2,0,2,1,0,0,0,1,0,0,0,shipBuilding,98,87,3,0,2,2,0,7,2,0,2,3,0,1,1,0,0,0,0,balanced,93,124,1,1,0,3,0,7,2,0,1,1,1,1,0,1,0,0,0,factoryVariety,43,103,2,0
359,0,0,1,0,1,0,0,0,0,0,0,0,0,1,0,0,0,1,0,1,217,,3,2,1,1,7,2,0,1,1,1,1,0,0,0,0,0,adaptiveResidentStrategy,143,159,1,1,0,2,0,7,2,0,2,2,0,0,0,1,1,0,0,adaptiveResidentStrategy,145,112,2,0,1,3,0,7,2,0,1,1,0,0,0,2,0,0,0,adaptiveResidentStrategy,73,90,3,0
360,1,0,0,0,1,0,0,0,0,0,0,0,0,0,0,0,0,1,1,1,178,,2,0,1,1,7,2,0,3,1,2,0,0,0,1,0,0,adaptiveResidentStrategy,65,146,2,0,1,2,0,7,2,0,4,1,0,0,0,0,1,0,0,factoryVariety,122,163,1,1,2,3,0,7,2,0,1,1,1,0,2,0,0,0,0,factoryVariety,50,113,3,0
361,1,0,0,0,1,0,0,1,0,0,0,1,0,1,0,0,0,0,0,0,190,,2,2,1,1,7,2,0,2,0,2,0,1,0,0,0,0,shipBuilding,102,154,2,0,0,2,0,7,2,0,2,3,0,1,0,0,0,0,0,explorationFocus,56,130,3,0,1,3,0,7,2,0,2,2,1,0,0,1,0,0,0,shipBuilding,126,165,1,1
362,0,0,0,0,1,0,0,0,1,1,0,1,0,1,0,0,0,0,0,0,115,,3,1,1,1,7,2,0,1,3,1,1,0,1,0,0,0,shipBuilding,141,111,2,0,2,2,0,7,2,0,3,2,0,0,1,0,0,0,0,explorationFocus,74,129,1,1,0,3,0,7,2,0,3,2,1,1,0,0,0,0,0,factoryVariety,138,85,3,0
363,1,1,1,0,0,0,0,0,0,0,0,1,0,1,0,0,0,0,0,0,123,,1,0,1,1,7,2,0,0,3,1,1,0,0,0,0,0,adaptiveResidentStrategy,70,164,1,1,1,2,0,7,2,0,0,1,1,2,0,0,0,0,0,balanced,95,151,3,0,2,3,0,7,2,0,2,1,2,1,0,0,0,0,0,eliteResidentProduction,109,162,2,0
364,0,0,1,0,0,0,0,0,0,1,0,1,0,0,0,0,0,1,0,1,275,,3,0,1,1,7,2,0,2,2,0,0,0,1,0,1,0,adaptiveResidentStrategy,108,93,2,0,1,2,0,7,2,0,1,2,2,0,0,0,0,1,0,eliteResidentProduction,153,90,3,0,2,3,0,7,2,0,1,0,1,1,0,1,0,0,0,balanced,80,144,1,1
365,0,0,0,0,0,0,0,1,0,1,0,1,0,1,0,0,0,0,1,0,155,,3,1,1,1,7,2,0,3,0,2,0,0,2,0,0,0,shipBuilding,87,135,3,0,2,2,0,7,2,0,0,3,1,1,0,1,0,0,0,adaptiveResidentStrategy,54,150,1,1,0,3,0,7,2,0,2,1,0,1,0,1,0,0,0,factoryVariety,77,144,2,0
366,1,1,1,0,0,0,1,0,0,0,0,0,0,0,0,0,0,0,0,1,300,aborted_300_rounds,2,1,1,1,7,2,0,2,2,1,1,0,0,0,0,0,adaptiveResidentStrategy,59,136,1,1,2,2,0,7,2,0,2,2,2,1,0,0,0,0,0,factoryVariety,43,105,3,0,0,3,0,7,2,0,1,2,0,0,0,0,1,0,0,balanced,133,127,2,0
367,1,0,1,0,0,0,0,1,0,1,0,0,0,0,0,0,0,0,0,1,210,,2,0,1,1,7,2,0,2,1,1,1,0,0,1,0,0,balanced,58,129,2,0,1,2,0,7,2,0,2,1,0,1,0,1,0,0,0,adaptiveResidentStrategy,153,161,1,1,2,3,0,7,2,0,1,3,1,0,0,1,0,1,0,balanced,147,94,3,0
368,1,1,0,0,0,0,0,0,0,0,0,1,0,0,0,1,0,0,0,1,115,,2,0,1,1,7,2,0,2,1,0,0,0,1,1,0,0,eliteResidentProduction,34,87,3,0,1,2,0,7,2,0,1,2,1,1,0,0,0,1,0,explorationFocus,58,123,1,1,2,3,0,7,2,0,2,1,1,0,0,1,1,0,0,shipBuilding,56,112,2,0
369,1,1,0,0,0,0,0,0,0,1,0,0,0,0,0,1,0,0,1,0,114,,2,0,1,1,7,2,0,1,2,0,0,1,0,0,0,0,explorationFocus,114,156,2,0,1,2,0,7,2,0,3,1,1,1,0,1,0,0,0,explorationFocus,124,165,1,1,2,3,0,7,2,0,3,0,2,1,0,1,0,0,0,explorationFocus,71,121,3,0
370,0,0,1,0,1,0,1,0,0,0,0,0,0,1,0,0,0,0,1,0,133,,1,2,1,1,7,2,0,1,2,0,1,0,0,1,0,0,eliteResidentProduction,93,86,3,0,0,2,0,7,2,0,2,1,1,1,0,0,1,0,0,eliteResidentProduction,36,121,1,1,1,3,0,7,2,0,1,0,3,0,0,2,0,0,0,balanced,113,119,2,0
371,0,0,0,0,0,0,0,1,0,1,0,1,0,0,0,0,0,0,1,1,200,,3,1,1,1,7,2,0,1,3,1,1,0,0,1,0,0,adaptiveResidentStrategy,142,137,3,0,2,2,0,7,2,0,2,1,0,0,1,0,1,0,0,balanced,134,156,1,1,0,3,0,7,2,0,0,3,0,0,0,1,0,0,0,factoryVariety,139,142,2,0
372,1,0,0,0,0,0,1,1,0,0,0,1,0,0,0,0,0,1,0,0,125,,1,2,1,1,7,2,0,2,2,2,1,0,0,0,0,0,balanced,28,104,2,0,0,2,0,7,2,0,2,1,1,0,1,0,0,1,0,factoryVariety,146,154,1,1,1,3,0,7,2,0,1,0,1,0,0,2,0,0,0,balanced,107,84,3,0
373,0,0,1,0,0,0,0,1,0,0,0,1,0,0,0,0,0,1,0,1,90,,1,0,1,1,7,2,0,1,1,0,1,1,0,0,0,0,factoryVariety,35,159,1,1,1,2,0,7,2,0,2,2,1,1,0,0,1,0,0,eliteResidentProduction,124,97,3,0,2,3,0,7,2,0,2,1,1,0,0,0,1,0,0,balanced,98,124,2,0
374,0,1,0,0,1,0,0,0,0,1,0,0,0,0,0,1,0,0,0,1,103,,3,0,1,1,7,2,0,1,1,2,0,1,0,0,0,0,factoryVariety,68,162,2,0,1,2,0,7,2,0,4,0,0,1,0,1,0,0,0,factoryVariety,94,139,3,0,2,3,0,7,2,0,1,3,0,1,0,0,0,1,0,eliteResidentProduction,144,164,1,1
375,0,0,0,0,1,0,0,0,1,1,0,0,0,1,0,1,0,0,0,0,105,,1,1,1,1,7,2,0,1,1,1,0,0,0,1,0,0,eliteResidentProduction,32,128,3,0,2,2,0,7,2,0,3,2,0,1,1,0,0,0,0,eliteResidentProduction,134,152,2,0,0,3,0,7,2,0,1,1,1,2,0,0,0,0,0,balanced,131,163,1,1
376,0,1,1,0,1,0,1,0,1,0,0,0,0,0,0,0,0,0,0,0,173,,2,2,1,1,7,2,0,0,2,1,1,0,1,0,0,0,explorationFocus,65,118,3,0,0,2,0,7,2,0,1,1,1,1,0,1,0,0,0,adaptiveResidentStrategy,89,122,2,0,1,3,0,7,2,0,1,2,1,1,0,1,0,0,0,explorationFocus,135,129,1,1
377,1,0,1,0,0,0,0,0,0,0,0,1,0,1,0,0,0,0,0,1,205,,2,0,1,1,7,2,0,2,2,2,0,0,1,0,0,0,eliteResidentProduction,130,145,2,0,1,2,0,7,2,0,2,4,1,0,0,0,1,0,0,factoryVariety,88,155,1,1,2,3,0,7,2,0,2,1,0,1,1,0,0,0,0,balanced,114,102,3,0
378,1,0,0,0,0,0,0,1,1,1,0,0,0,0,0,0,0,1,0,0,135,,3,2,1,1,7,2,0,2,2,0,0,0,1,0,0,0,explorationFocus,97,115,1,1,0,2,0,7,2,0,2,3,2,0,0,0,0,0,0,explorationFocus,82,92,3,0,1,3,0,7,2,0,1,2,1,1,0,0,0,0,0,adaptiveResidentStrategy,91,99,2,0
379,0,1,0,0,0,0,1,0,0,1,0,0,0,0,0,0,0,1,0,1,73,,2,2,1,1,7,2,0,1,1,0,0,1,0,0,0,0,factoryVariety,140,128,2,0,0,2,0,7,2,0,1,3,1,1,0,0,0,0,0,eliteResidentProduction,71,110,3,0,1,3,0,7,2,0,1,2,2,2,0,0,0,0,0,balanced,114,164,1,1
380,1,0,0,0,0,0,1,0,0,0,0,0,0,1,0,0,0,1,0,1,85,,3,1,1,1,7,2,0,1,2,0,0,0,0,1,0,0,balanced,112,153,3,0,2,2,0,7,2,0,1,1,4,1,0,0,0,0,0,eliteResidentProduction,98,163,1,1,0,3,0,7,2,0,0,0,1,1,1,0,0,0,0,balanced,148,155,2,0
381,0,0,0,0,0,0,0,1,0,0,0,1,0,1,0,0,0,1,1,0,64,,2,0,1,1,7,2,0,1,1,1,0,0,0,2,0,0,factoryVariety,84,104,3,0,1,2,0,7,2,0,2,1,1,0,0,1,0,0,0,balanced,144,140,1,1,2,3,0,7,2,0,0,1,1,1,1,0,0,0,0,explorationFocus,115,139,2,0
382,0,1,0,0,1,0,0,0,0,1,0,1,0,0,0,0,0,1,0,0,145,,1,2,1,1,7,2,0,1,0,1,2,0,0,0,0,0,shipBuilding,53,145,2,0,0,2,0,7,2,0,0,3,1,1,0,1,0,0,0,eliteResidentProduction,88,164,1,1,1,3,0,7,2,0,1,1,2,1,0,1,0,0,0,adaptiveResidentStrategy,72,95,3,0
383,1,0,0,0,0,0,1,0,0,0,0,1,0,0,0,1,0,1,0,0,210,,1,2,1,1,7,2,0,1,1,1,0,0,1,0,1,0,adaptiveResidentStrategy,63,119,2,0,0,2,0,7,2,0,1,3,1,0,0,1,0,0,0,shipBuilding,119,149,1,1,1,3,0,7,2,0,4,0,0,1,0,0,0,0,0,shipBuilding,145,115,3,0
384,0,1,0,0,0,0,0,0,1,1,0,0,0,0,0,0,0,1,0,1,77,,3,2,1,1,7,2,0,1,0,2,1,1,0,0,0,0,explorationFocus,109,154,1,1,0,2,0,7,2,0,3,4,0,1,0,1,0,0,0,explorationFocus,28,125,2,0,1,3,0,7,2,0,1,2,1,1,0,0,0,0,0,explorationFocus,105,111,3,0
385,0,0,1,0,1,0,0,0,0,1,0,0,0,1,0,0,0,1,0,0,113,,1,2,1,1,7,2,0,3,1,3,0,0,0,1,0,0,shipBuilding,106,85,3,0,0,2,0,7,2,0,0,1,1,1,0,1,0,0,0,shipBuilding,38,131,1,1,1,3,0,7,2,0,5,0,1,0,0,0,0,0,0,factoryVariety,141,128,2,0
386,1,1,0,0,0,0,0,0,1,0,0,0,0,0,0,1,0,0,0,1,222,,3,0,1,1,7,2,0,2,2,0,0,0,0,1,0,0,explorationFocus,35,96,3,0,1,2,0,7,2,0,1,1,1,0,0,1,0,0,0,eliteResidentProduction,109,146,2,0,2,3,0,7,2,0,2,3,1,1,0,0,0,0,0,explorationFocus,150,163,1,1
387,0,0,0,0,1,0,0,1,1,0,0,0,0,1,0,0,0,0,0,1,164,,3,2,1,1,7,2,0,1,1,2,0,0,1,0,0,0,balanced,136,124,1,1,0,2,0,7,2,0,1,2,1,1,0,0,1,0,0,eliteResidentProduction,83,111,2,0,1,3,0,7,2,0,2,1,1,1,0,0,1,0,0,adaptiveResidentStrategy,72,87,3,0
388,0,1,0,0,0,0,1,0,1,1,0,0,0,0,0,0,0,1,0,0,173,,3,2,1,1,7,2,0,3,2,1,0,1,1,0,0,0,eliteResidentProduction,92,158,1,1,0,2,0,7,2,0,1,1,1,1,0,0,0,0,0,explorationFocus,86,137,2,0,1,3,0,7,2,0,3,3,1,0,0,0,0,0,0,eliteResidentProduction,122,129,3,0
389,1,0,0,0,1,0,0,0,0,0,0,1,0,1,0,1,0,0,0,0,55,,1,2,1,1,7,2,0,1,1,0,0,0,0,2,0,0,factoryVariety,32,103,3,0,0,2,0,7,2,0,1,2,1,0,1,0,0,1,0,explorationFocus,118,117,1,1,1,3,0,7,2,0,1,3,0,1,0,0,0,0,0,eliteResidentProduction,33,111,2,0
390,0,1,1,0,1,0,1,0,1,0,0,0,0,0,0,0,0,0,0,0,300,aborted_300_rounds,1,1,1,1,7,2,0,1,2,1,1,0,0,0,0,0,explorationFocus,46,87,3,0,2,2,0,7,2,0,2,2,1,0,0,1,0,0,0,explorationFocus,31,110,2,0,0,3,0,7,2,0,1,1,1,0,0,0,2,0,0,explorationFocus,89,131,1,1
391,1,0,0,0,1,0,0,0,0,0,0,0,0,1,0,0,0,1,1,0,153,,1,1,1,1,7,2,0,2,1,0,0,1,1,0,0,0,explorationFocus,142,128,2,0,2,2,0,7,2,0,0,2,3,0,0,1,0,0,0,shipBuilding,133,100,3,0,0,3,0,7,2,0,1,3,1,0,0,0,0,0,0,balanced,28,129,1,1
392,1,0,0,0,0,0,1,0,1,1,0,0,0,0,0,0,0,0,1,0,217,,1,2,1,1,7,2,0,3,2,0,0,1,0,0,0,0,balanced,48,99,2,0,0,2,0,7,2,0,0,1,1,1,0,1,0,0,0,factoryVariety,78,147,1,1,1,3,0,7,2,0,3,0,1,1,0,0,0,0,0,eliteResidentProduction,87,83,3,0
393,0,0,1,0,0,0,0,1,0,1,0,1,0,0,0,0,0,0,1,0,245,,1,0,1,1,7,2,0,1,1,1,1,0,0,0,0,0,eliteResidentProduction,68,128,1,1,1,2,0,7,2,0,2,1,0,1,0,0,0,1,0,adaptiveResidentStrategy,60,91,2,0,2,3,0,7,2,0,1,1,0,0,0,2,0,0,0,explorationFocus,60,90,3,0
394,1,0,0,0,0,0,0,0,0,0,0,0,0,0,0,1,0,1,1,1,217,,2,0,1,1,7,2,0,2,1,0,1,0,0,1,0,0,factoryVariety,117,150,2,0,1,2,0,7,2,0,3,0,1,0,0,0,0,0,0,factoryVariety,74,163,1,1,2,3,0,7,2,0,0,2,2,1,0,0,0,1,0,adaptiveResidentStrategy,72,145,3,0
395,0,0,1,0,0,0,0,0,1,0,0,1,0,0,0,0,0,1,1,0,178,,1,1,1,1,7,2,0,1,2,1,0,0,1,0,0,0,factoryVariety,126,92,3,0,2,2,0,7,2,0,2,3,2,0,1,0,0,0,0,adaptiveResidentStrategy,64,137,2,0,0,3,0,7,2,0,2,2,1,0,0,1,0,0,0,adaptiveResidentStrategy,56,161,1,1
396,0,1,1,0,0,0,0,0,0,0,0,1,0,1,0,0,0,1,0,0,190,,1,1,1,1,7,2,0,1,5,0,1,0,0,0,0,0,factoryVariety,103,125,2,0,2,2,0,7,2,0,0,2,0,1,0,0,0,0,0,eliteResidentProduction,56,85,3,0,0,3,0,7,2,0,0,0,0,0,1,0,1,0,0,shipBuilding,37,145,1,1
397,1,0,0,0,0,0,0,0,1,0,0,0,0,0,0,1,0,0,1,1,115,,3,1,1,1,7,2,0,2,2,1,1,0,1,0,0,0,adaptiveResidentStrategy,62,119,2,0,2,2,0,7,2,0,2,3,0,0,0,0,0,0,0,factoryVariety,37,120,1,1,0,3,0,7,2,0,1,1,0,1,0,0,0,1,0,factoryVariety,48,94,3,0
398,1,0,1,0,0,0,0,1,0,0,0,0,0,1,0,0,0,0,1,0,123,,1,1,1,1,7,2,0,4,1,1,1,0,0,0,0,0,eliteResidentProduction,46,121,3,0,2,2,0,7,2,0,0,2,1,0,0,1,0,0,0,factoryVariety,85,136,2,0,0,3,0,7,2,0,3,0,1,1,0,1,0,0,0,balanced,135,147,1,1
399,0,0,0,0,0,0,0,1,0,1,0,1,0,1,0,1,0,0,0,0,275,,3,2,1,1,7,2,0,3,1,0,0,0,0,0,1,0,factoryVariety,30,96,1,1,0,2,0,7,2,0,2,2,2,0,0,0,0,0,0,eliteResidentProduction,74,93,2,0,1,3,0,7,2,0,2,4,1,0,0,0,1,0,0,adaptiveResidentStrategy,112,90,3,0
400,0,1,0,0,1,0,0,0,0,0,0,0,0,0,0,0,0,1,1,1,300,aborted_300_rounds,1,2,1,1,7,2,0,3,0,0,1,0,0,1,0,0,adaptiveResidentStrategy,90,100,3,0,0,2,0,7,2,0,1,1,2,1,0,0,1,0,0,explorationFocus,47,160,1,1,1,3,0,7,2,0,1,0,1,1,0,1,0,0,0,adaptiveResidentStrategy,146,113,2,0
401,1,0,0,0,0,0,1,1,0,0,0,0,0,0,0,0,0,1,1,0,125,,3,1,1,1,7,2,0,1,1,1,1,0,0,0,1,0,eliteResidentProduction,107,82,3,0,2,2,0,7,2,0,3,2,1,0,0,1,0,0,0,shipBuilding,58,130,1,1,0,3,0,7,2,0,2,2,2,0,0,0,1,0,0,explorationFocus,111,98,2,0
402,0,0,1,0,0,0,1,0,0,1,0,0,0,1,0,0,0,0,1,0,90,,2,1,1,1,7,2,0,2,0,0,0,0,0,1,0,0,adaptiveResidentStrategy,93,152,1,1,2,2,0,7,2,0,0,3,1,0,0,0,0,1,0,eliteResidentProduction,93,114,3,0,0,3,0,7,2,0,3,2,1,0,1,1,0,0,0,eliteResidentProduction,68,140,2,0
403,1,0,1,0,1,0,0,0,0,0,0,0,0,0,0,0,0,1,1,0,103,,1,1,1,1,7,2,0,0,0,1,2,0,0,0,0,0,eliteResidentProduction,71,146,3,0,2,2,0,7,2,0,1,2,1,0,0,2,0,0,0,shipBuilding,69,155,2,0,0,3,0,7,2,0,1,2,0,1,0,1,0,0,0,factoryVariety,49,164,1,1
404,1,0,0,0,1,0,0,0,1,0,0,0,0,0,0,1,0,1,0,0,105,,1,2,1,1,7,2,0,1,1,1,2,0,0,0,0,0,shipBuilding,35,90,2,0,0,2,0,7,2,0,1,1,1,0,0,2,0,0,0,balanced,91,130,1,1,1,3,0,7,2,0,1,1,0,0,0,1,1,0,0,adaptiveResidentStrategy,147,82,3,0
405,1,0,0,0,1,0,0,0,0,1,0,0,0,0,0,0,0,1,1,0,173,,3,0,1,1,7,2,0,1,3,0,1,0,1,0,0,0,factoryVariety,139,111,3,0,1,2,0,7,2,0,2,1,1,0,1,1,0,0,0,shipBuilding,100,141,2,0,2,3,0,7,2,0,1,2,0,0,0,0,0,0,0,eliteResidentProduction,68,146,1,1
406,0,0,1,0,0,0,0,0,1,0,0,1,0,0,0,1,0,0,1,0,205,,2,1,1,1,7,2,0,2,3,0,1,0,0,0,0,0,factoryVariety,91,161,1,1,2,2,0,7,2,0,1,0,1,1,0,1,0,0,0,factoryVariety,50,124,2,0,0,3,0,7,2,0,2,1,3,0,1,1,0,0,0,balanced,119,82,3,0
407,0,1,1,0,0,0,1,1,0,1,0,0,0,0,0,0,0,0,0,0,135,,1,2,1,1,7,2,0,2,1,0,0,1,0,0,0,0,eliteResidentProduction,146,113,2,0,0,2,0,7,2,0,0,1,1,1,0,0,0,0,0,explorationFocus,60,152,1,1,1,3,0,7,2,0,2,3,1,0,0,1,1,0,0,eliteResidentProduction,47,107,3,0
408,0,0,1,0,0,0,0,1,1,0,0,1,0,0,0,0,0,0,1,0,73,,1,1,1,1,7,2,0,3,0,2,0,0,1,1,0,0,explorationFocus,143,128,2,0,2,2,0,7,2,0,0,3,1,1,0,0,1,0,0,adaptiveResidentStrategy,123,96,3,0,0,3,0,7,2,0,1,0,1,1,1,0,0,0,0,adaptiveResidentStrategy,82,163,1,1
409,1,1,0,0,0,0,0,0,0,0,0,0,0,0,0,1,0,0,1,1,85,,2,2,1,1,7,2,0,0,0,1,1,0,1,0,0,0,balanced,97,152,2,0,0,2,0,7,2,0,2,3,1,0,0,1,1,0,0,explorationFocus,41,150,3,0,1,3,0,7,2,0,2,2,0,2,0,0,0,0,0,balanced,149,162,1,1
410,0,1,0,0,0,0,1,1,0,0,0,0,0,0,0,1,0,0,1,0,64,,2,1,1,1,7,2,0,2,3,0,0,0,0,0,0,0,balanced,65,121,1,1,2,2,0,7,2,0,2,1,1,1,0,1,0,0,0,factoryVariety,76,96,3,0,0,3,0,7,2,0,1,2,2,0,2,0,0,0,0,balanced,150,113,2,0
411,1,1,0,0,0,0,0,1,0,0,0,0,0,1,0,0,0,1,0,0,145,,3,0,1,1,7,2,0,1,2,1,0,0,0,0,0,0,balanced,99,86,3,0,1,2,0,7,2,0,0,2,2,2,0,0,0,0,0,eliteResidentProduction,117,136,2,0,2,3,0,7,2,0,0,3,1,1,0,0,0,0,0,explorationFocus,127,142,1,1
412,0,0,1,0,1,0,0,1,0,0,0,0,0,0,0,1,0,1,0,0,210,,3,0,1,1,7,2,0,0,3,1,1,0,0,0,0,0,adaptiveResidentStrategy,39,100,3,0,1,2,0,7,2,0,0,0,0,1,0,1,0,0,0,eliteResidentProduction,32,110,2,0,2,3,0,7,2,0,2,1,1,1,0,1,0,0,0,explorationFocus,88,116,1,1
413,1,0,0,0,0,0,0,0,1,1,0,0,0,1,0,0,0,0,1,0,77,,1,0,1,1,7,2,0,1,2,0,0,0,0,0,1,0,adaptiveResidentStrategy,95,158,1,1,1,2,0,7,2,0,2,2,0,1,0,0,0,0,0,explorationFocus,131,132,2,0,2,3,0,7,2,0,2,1,1,0,1,0,0,1,0,adaptiveResidentStrategy,129,95,3,0
414,1,0,0,0,0,0,0,1,0,1,0,1,0,1,0,0,0,0,0,0,113,,1,2,1,1,7,2,0,0,3,0,1,0,0,0,0,0,adaptiveResidentStrategy,145,90,2,0,0,2,0,7,2,0,3,0,1,0,1,0,0,0,0,eliteResidentProduction,29,150,1,1,1,3,0,7,2,0,3,0,1,0,0,1,0,0,0,adaptiveResidentStrategy,130,89,3,0
415,0,0,0,0,1,0,1,1,1,0,0,0,0,1,0,0,0,0,0,0,222,,2,1,1,1,7,2,0,0,3,1,0,1,0,1,0,0,explorationFocus,141,153,1,1,2,2,0,7,2,0,2,1,3,0,0,1,0,0,0,adaptiveResidentStrategy,88,113,3,0,0,3,0,7,2,0,1,2,1,1,0,0,1,0,0,explorationFocus,118,120,2,0
416,0,0,1,0,0,0,1,0,0,0,0,0,0,1,0,0,0,1,0,1,164,,2,2,1,1,7,2,0,2,1,1,0,0,0,1,0,0,eliteResidentProduction,150,92,3,0,0,2,0,7,2,0,1,2,0,1,0,0,0,1,0,adaptiveResidentStrategy,145,130,2,0,1,3,0,7,2,0,2,0,0,0,0,2,0,0,0,adaptiveResidentStrategy,147,148,1,1
417,1,0,1,0,0,0,1,0,0,0,0,0,0,1,0,0,0,1,0,0,173,,3,2,1,1,7,2,0,2,2,0,1,0,0,0,1,0,explorationFocus,143,157,1,1,0,2,0,7,2,0,0,1,1,0,0,2,0,0,0,balanced,114,111,3,0,1,3,0,7,2,0,2,1,1,1,0,0,0,0,0,eliteResidentProduction,77,129,2,0
418,0,0,0,0,1,0,0,0,0,0,0,1,0,1,0,1,0,1,0,0,55,,1,0,1,1,7,2,0,2,3,0,0,1,1,0,0,0,adaptiveResidentStrategy,150,129,1,1,1,2,0,7,2,0,0,2,2,2,0,0,0,0,0,adaptiveResidentStrategy,126,100,2,0,2,3,0,7,2,0,0,3,1,2,0,0,0,0,0,shipBuilding,50,91,3,0
419,0,1,0,0,0,0,1,0,0,1,0,0,0,1,0,1,0,0,0,0,300,aborted_300_rounds,1,1,1,1,7,2,0,3,2,1,0,0,0,0,0,0,adaptiveResidentStrategy,61,107,3,0,2,2,0,7,2,0,0,1,2,1,0,1,0,0,0,factoryVariety,104,147,2,0,0,3,0,7,2,0,1,4,0,0,1,1,0,0,0,explorationFocus,41,156,1,1
420,1,0,0,0,0,0,1,0,1,1,0,0,0,0,0,0,0,1,0,0,153,,3,2,1,1,7,2,0,1,0,1,0,1,0,1,0,0,factoryVariety,75,153,1,1,0,2,0,7,2,0,2,1,0,2,0,0,0,0,0,factoryVariety,104,86,3,0,1,3,0,7,2,0,1,2,1,1,0,1,0,0,0,eliteResidentProduction,44,151,2,0
421,1,1,0,0,0,0,0,0,1,0,0,1,0,0,0,0,0,1,0,0,217,,2,1,1,1,7,2,0,2,3,1,0,0,1,0,0,0,adaptiveResidentStrategy,60,110,1,1,2,2,0,7,2,0,2,1,0,1,0,0,0,0,0,eliteResidentProduction,108,104,2,0,0,3,0,7,2,0,1,2,0,0,0,2,0,0,0,factoryVariety,98,86,3,0
422,1,1,0,0,1,0,1,0,1,0,0,0,0,0,0,0,0,0,0,0,245,,3,1,1,1,7,2,0,1,3,1,0,0,2,0,0,0,balanced,108,94,3,0,2,2,0,7,2,0,0,3,1,0,0,1,0,0,0,factoryVariety,142,156,1,1,0,3,0,7,2,0,2,0,1,0,0,0,1,0,0,explorationFocus,30,96,2,0
423,1,0,1,0,1,0,0,0,0,0,0,1,0,0,0,0,0,0,0,1,217,,3,0,1,1,7,2,0,1,1,1,1,1,0,0,0,0,explorationFocus,71,105,2,0,1,2,0,7,2,0,1,3,0,0,1,1,0,0,0,eliteResidentProduction,59,93,3,0,2,3,0,7,2,0,1,3,1,0,0,1,1,0,0,factoryVariety,75,108,1,1
424,0,0,1,0,1,0,1,0,1,0,0,1,0,0,0,0,0,0,0,0,178,,2,0,1,1,7,2,0,2,1,1,1,0,1,0,0,0,shipBuilding,58,126,3,0,1,2,0,7,2,0,1,0,1,1,0,0,0,1,0,shipBuilding,101,158,1,1,2,3,0,7,2,0,3,2,1,0,0,0,0,0,0,shipBuilding,66,139,2,0
425,1,0,0,0,1,0,0,0,1,0,0,1,0,0,0,0,0,1,0,0,190,,1,1,1,1,7,2,0,1,3,0,0,0,0,1,0,0,balanced,29,88,3,0,2,2,0,7,2,0,0,2,0,1,0,0,0,1,0,shipBuilding,79,114,2,0,0,3,0,7,2,0,2,3,2,0,0,1,0,0,0,explorationFocus,41,154,1,1
426,0,0,0,0,1,0,1,0,0,0,0,0,0,1,0,0,0,1,1,0,115,,1,0,1,1,7,2,0,3,2,1,1,0,1,0,0,0,balanced,146,156,1,1,1,2,0,7,2,0,1,3,1,1,0,0,0,0,0,balanced,134,87,3,0,2,3,0,7,2,0,2,0,0,1,1,0,0,0,0,adaptiveResidentStrategy,50,116,2,0
427,0,0,0,0,1,0,1,0,0,0,0,1,0,0,0,1,0,0,1,0,123,,1,0,1,1,7,2,0,1,3,0,0,0,1,0,0,0,adaptiveResidentStrategy,106,137,1,1,1,2,0,7,2,0,1,1,1,1,0,1,0,0,0,eliteResidentProduction,35,129,2,0,2,3,0,7,2,0,3,0,2,1,0,0,0,1,0,eliteResidentProduction,48,94,3,0
428,1,1,0,0,0,0,0,0,0,0,0,1,0,0,0,0,0,1,1,0,275,,1,0,1,1,7,2,0,1,1,2,1,0,1,0,0,0,shipBuilding,127,132,1,1,1,2,0,7,2,0,1,1,1,0,0,0,1,0,0,shipBuilding,56,105,3,0,2,3,0,7,2,0,1,3,1,1,1,0,0,0,0,explorationFocus,126,118,2,0
429,0,1,1,0,1,0,0,0,0,0,0,0,0,0,0,0,0,1,1,0,155,,1,1,1,1,7,2,0,0,1,3,0,0,1,1,0,0,adaptiveResidentStrategy,117,120,2,0,2,2,0,7,2,0,2,2,1,1,0,1,0,0,0,factoryVariety,118,95,3,0,0,3,0,7,2,0,2,3,0,0,1,0,0,0,0,eliteResidentProduction,92,143,1,1
430,1,1,0,0,1,0,0,1,0,0,0,0,0,0,0,1,0,0,0,0,300,aborted_300_rounds,2,2,1,1,7,2,0,2,2,2,0,0,1,0,0,0,balanced,66,135,3,0,0,2,0,7,2,0,0,0,2,2,0,0,0,0,0,balanced,126,141,2,0,1,3,0,7,2,0,1,1,1,1,0,1,0,0,0,explorationFocus,113,147,1,1
431,0,0,0,0,0,0,1,0,1,0,0,1,0,0,0,1,0,1,0,0,210,,1,2,1,1,7,2,0,1,2,2,2,0,0,0,0,0,shipBuilding,30,138,2,0,0,2,0,7,2,0,1,0,3,1,1,0,0,0,0,eliteResidentProduction,49,159,1,1,1,3,0,7,2,0,2,1,0,1,0,0,1,0,0,eliteResidentProduction,134,116,3,0
432,0,0,0,0,1,0,1,1,0,0,0,0,0,1,0,0,0,1,0,0,115,,3,0,1,1,7,2,0,5,2,0,1,0,0,0,0,0,shipBuilding,28,92,2,0,1,2,0,7,2,0,1,1,1,1,0,0,1,0,0,explorationFocus,58,86,3,0,2,3,0,7,2,0,1,1,1,1,0,0,1,0,0,balanced,51,105,1,1
433,0,0,1,0,0,0,1,0,1,1,0,0,0,0,0,0,0,1,0,0,114,,2,0,1,1,7,2,0,3,3,0,0,0,1,0,0,0,explorationFocus,73,104,3,0,1,2,0,7,2,0,1,0,3,2,0,0,0,0,0,shipBuilding,42,132,1,1,2,3,0,7,2,0,1,2,2,0,1,0,0,0,0,factoryVariety,142,105,2,0
434,1,0,0,0,1,0,0,0,1,0,0,1,0,0,0,1,0,0,0,0,133,,1,1,1,1,7,2,0,2,0,0,0,0,1,0,1,0,explorationFocus,147,122,2,0,2,2,0,7,2,0,0,2,3,1,0,0,1,0,0,eliteResidentProduction,34,91,3,0,0,3,0,7,2,0,2,0,0,1,0,0,1,0,0,eliteResidentProduction,101,143,1,1
435,0,0,0,0,0,0,0,1,1,0,0,1,0,1,0,0,0,1,0,0,200,,2,2,1,1,7,2,0,0,3,0,1,0,0,0,1,0,shipBuilding,76,153,3,0,0,2,0,7,2,0,1,4,2,0,0,1,0,0,0,explorationFocus,135,159,2,0,1,3,0,7,2,0,1,1,2,1,0,0,0,0,0,eliteResidentProduction,79,162,1,1
436,0,0,1,0,1,0,1,0,1,0,0,0,0,0,0,1,0,0,0,0,125,,2,1,1,1,7,2,0,2,2,0,0,1,0,0,0,0,factoryVariety,96,155,1,1,2,2,0,7,2,0,2,4,0,1,0,0,0,0,0,eliteResidentProduction,85,116,3,0,0,3,0,7,2,0,1,2,1,1,0,1,0,0,0,balanced,148,153,2,0
437,0,1,0,0,1,0,1,1,0,0,0,1,0,0,0,0,0,0,0,0,90,,1,2,1,1,7,2,0,1,0,1,1,1,0,0,0,0,balanced,37,88,2,0,0,2,0,7,2,0,2,2,1,2,0,0,0,0,0,adaptiveResidentStrategy,103,150,1,1,1,3,0,7,2,0,0,1,1,1,0,1,0,0,0,balanced,64,85,3,0
438,0,0,0,0,1,0,0,0,1,0,0,0,0,1,0,1,0,1,0,0,103,,2,0,1,1,7,2,0,0,2,1,0,0,1,1,0,0,explorationFocus,124,114,3,0,1,2,0,7,2,0,1,1,1,2,0,0,0,0,0,balanced,106,141,1,1,2,3,0,7,2,0,4,0,0,0,0,0,0,0,0,factoryVariety,129,129,2,0
439,0,1,0,0,0,0,0,1,0,0,0,1,0,0,0,0,0,1,1,0,105,,1,1,1,1,7,2,0,2,0,1,0,0,2,0,0,0,shipBuilding,111,83,3,0,2,2,0,7,2,0,3,2,0,0,1,0,0,0,0,eliteResidentProduction,147,133,1,1,0,3,0,7,2,0,0,2,0,0,1,1,0,0,0,eliteResidentProduction,61,133,1,1
440,1,0,0,0,0,0,1,0,0,1,0,1,0,0,0,1,0,0,0,0,173,,2,0,1,1,7,2,0,0,0,0,1,0,1,0,0,0,adaptiveResidentStrategy,115,132,2,0,1,2,0,7,2,0,1,3,2,0,0,1,0,0,0,explorationFocus,117,156,1,1,2,3,0,7,2,0,0,4,0,1,0,0,0,0,0,shipBuilding,141,82,3,0
441,0,1,0,0,1,0,0,0,1,1,0,0,0,0,0,0,0,1,0,0,205,,3,1,1,1,7,2,0,2,1,1,1,0,0,0,0,0,balanced,111,84,3,0,2,2,0,7,2,0,0,3,1,0,1,1,0,0,0,balanced,138,106,1,1,0,3,0,7,2,0,1,0,1,0,1,1,0,0,0,balanced,48,92,2,0
442,0,0,1,0,1,0,1,0,0,0,0,0,0,0,0,1,0,0,1,0,135,,3,0,1,1,7,2,0,1,0,1,0,0,2,0,0,0,shipBuilding,137,104,2,0,1,2,0,7,2,0,1,3,1,0,1,0,0,1,0,factoryVariety,60,101,3,0,2,3,0,7,2,0,3,1,0,0,1,1,0,0,0,factoryVariety,76,149,1,1
443,0,0,0,0,0,0,0,0,1,0,0,1,0,1,0,1,0,1,0,0,73,,3,1,1,1,7,2,0,1,1,2,0,0,1,1,0,0,explorationFocus,147,105,3,0,2,2,0,7,2,0,2,0,0,1,0,0,1,0,0,eliteResidentProduction,45,152,1,1,0,3,0,7,2,0,1,3,1,2,0,0,0,0,0,explorationFocus,147,126,2,0
444,0,0,0,0,1,0,1,0,1,1,0,0,0,0,0,1,0,0,0,0,85,,2,0,1,1,7,2,0,3,1,1,0,0,1,0,0,0,explorationFocus,109,82,3,0,1,2,0,7,2,0,2,3,1,0,0,0,1,0,0,shipBuilding,105,149,1,1,2,3,0,7,2,0,1,1,0,1,0,0,1,0,0,explorationFocus,126,113,2,0
445,1,0,1,0,0,0,0,0,0,0,0,0,0,1,0,1,0,1,0,0,64,,3,2,1,1,7,2,0,3,4,0,1,0,0,0,0,0,shipBuilding,151,157,1,1,0,2,0,7,2,0,1,1,2,1,0,0,1,0,0,eliteResidentProduction,70,145,2,0,1,3,0,7,2,0,0,1,0,1,1,0,0,0,0,explorationFocus,103,141,3,0
446,1,0,1,0,0,0,1,0,0,0,0,1,0,0,0,0,0,0,1,0,145,,1,1,1,1,7,2,0,1,1,0,2,0,0,0,0,0,shipBuilding,84,119,2,0,2,2,0,7,2,0,1,2,0,0,1,1,0,0,0,explorationFocus,126,108,3,0,0,3,0,7,2,0,2,0,0,0,1,1,0,0,0,explorationFocus,154,121,1,1
447,0,1,1,0,0,0,1,0,0,0,0,0,0,0,0,1,0,1,0,0,210,,2,1,1,1,7,2,0,2,2,1,0,1,0,0,0,0,explorationFocus,108,154,1,1,2,2,0,7,2,0,1,4,0,0,0,0,1,0,0,balanced,99,114,3,0,0,3,0,7,2,0,1,2,0,0,0,2,0,0,0,shipBuilding,129,125,2,0
448,0,1,1,0,1,0,0,0,0,0,0,0,0,1,0,1,0,0,0,0,77,,1,1,1,1,7,2,0,1,1,1,0,0,1,0,0,0,explorationFocus,115,141,2,0,2,2,0,7,2,0,0,2,1,1,0,0,1,0,0,explorationFocus,131,123,3,0,0,3,0,7,2,0,3,2,2,0,0,0,0,0,0,factoryVariety,35,163,1,1
449,0,1,1,0,1,0,0,0,0,0,0,1,0,0,0,0,0,0,1,0,113,,1,0,1,1,7,2,0,2,2,1,0,0,0,1,0,0,shipBuilding,47,133,1,1,1,2,0,7,2,0,1,2,0,1,1,0,0,0,0,explorationFocus,52,96,3,0,2,3,0,7,2,0,2,1,1,1,0,0,0,0,0,eliteResidentProduction,89,115,2,0
450,0,1,0,0,1,0,0,0,0,0,0,0,0,1,0,0,0,1,1,0,222,,3,0,1,1,7,2,0,3,2,1,0,0,1,0,0,0,adaptiveResidentStrategy,67,85,3,0,1,2,0,7,2,0,2,1,2,0,1,0,0,0,0,balanced,59,93,2,0,2,3,0,7,2,0,1,1,0,1,0,1,0,0,0,balanced,104,101,1,1
451,0,0,0,0,1,0,1,0,1,0,0,0,0,0,0,0,0,1,0,1,164,,3,1,1,1,7,2,0,2,1,1,2,0,0,0,0,0,adaptiveResidentStrategy,96,123,3,0,2,2,0,7,2,0,0,2,1,1,0,1,0,0,0,adaptiveResidentStrategy,145,164,1,1,0,3,0,7,2,0,2,2,1,0,0,2,0,0,0,balanced,78,123,3,0
452,1,1,0,0,1,0,0,0,0,0,0,0,0,0,0,1,0,0,1,0,173,,3,2,1,1,7,2,0,0,3,2,1,0,0,1,0,0,explorationFocus,69,146,1,1,0,2,0,7,2,0,0,1,1,1,1,0,0,0,0,adaptiveResidentStrategy,43,104,3,0,1,3,0,7,2,0,2,2,1,1,0,0,0,0,0,eliteResidentProduction,121,123,2,0
453,1,0,0,0,1,0,0,1,0,0,0,0,0,0,0,1,0,0,1,0,55,,1,2,1,1,7,2,0,2,3,0,1,0,0,0,1,0,eliteResidentProduction,97,139,2,0,0,2,0,7,2,0,2,1,2,0,1,0,0,0,0,adaptiveResidentStrategy,131,151,1,1,1,3,0,7,2,0,1,1,1,0,0,1,1,0,0,adaptiveResidentStrategy,30,82,3,0
454,0,1,0,0,1,0,0,0,0,1,0,1,0,0,0,0,0,0,1,0,300,aborted_300_rounds,2,0,1,1,7,2,0,0,3,1,1,0,0,1,0,0,explorationFocus,123,139,2,0,1,2,0,7,2,0,1,3,0,0,0,1,0,0,0,shipBuilding,62,160,1,1,2,3,0,7,2,0,2,1,3,1,1,0,0,0,0,shipBuilding,81,128,3,0
455,1,0,0,0,0,0,0,0,0,0,0,0,0,0,0,1,0,1,1,1,153,,2,1,1,1,7,2,0,0,3,1,0,0,0,1,0,0,adaptiveResidentStrategy,73,133,1,1,2,2,0,7,2,0,1,0,1,2,0,0,0,0,0,factoryVariety,129,103,3,0,0,3,0,7,2,0,1,0,2,0,0,1,0,1,0,factoryVariety,137,125,2,0
456,1,0,1,0,0,0,1,0,1,0,0,0,0,0,0,1,0,0,0,0,217,,3,0,1,1,7,2,0,2,1,2,0,0,1,0,0,0,explorationFocus,149,94,2,0,1,2,0,7,2,0,1,2,0,2,0,0,0,0,0,factoryVariety,61,93,3,0,2,3,0,7,2,0,1,1,2,1,0,1,0,0,0,balanced,149,146,1,1
457,0,1,1,0,1,0,1,1,0,0,0,0,0,0,0,0,0,0,0,0,245,,1,0,1,1,7,2,0,1,4,0,1,0,1,0,0,0,balanced,152,143,1,1,1,2,0,7,2,0,0,0,3,1,0,0,0,1,0,explorationFocus,136,142,2,0,2,3,0,7,2,0,4,1,0,0,0,0,0,0,0,balanced,101,135,3,0
458,1,0,1,0,0,0,1,0,1,0,0,0,0,1,0,0,0,0,0,0,217,,3,0,1,1,7,2,0,2,1,1,0,0,0,0,0,0,shipBuilding,118,89,3,0,1,2,0,7,2,0,2,1,0,1,0,1,0,0,0,eliteResidentProduction,57,130,2,0,2,3,0,7,2,0,3,1,1,0,1,0,0,1,0,eliteResidentProduction,50,131,1,1
459,0,1,0,0,0,0,1,0,0,1,0,1,0,0,0,1,0,0,0,0,178,,2,2,1,1,7,2,0,1,4,1,0,0,0,0,1,0,eliteResidentProduction,140,84,3,0,0,2,0,7,2,0,1,1,1,1,0,0,1,0,0,adaptiveResidentStrategy,101,112,2,0,1,3,0,7,2,0,2,0,0,1,0,0,0,0,0,factoryVariety,88,161,1,1
460,0,1,0,0,0,0,0,1,0,0,0,1,0,0,0,0,0,1,1,0,190,,2,1,1,1,7,2,0,2,1,0,0,0,1,0,0,0,explorationFocus,83,145,1,1,2,2,0,7,2,0,1,0,3,0,0,1,0,1,0,shipBuilding,60,113,3,0,0,3,0,7,2,0,1,2,1,1,0,0,0,0,0,eliteResidentProduction,127,141,2,0
461,0,0,0,0,1,0,1,0,1,1,0,0,0,0,0,0,0,0,0,1,115,,1,1,1,1,7,2,0,1,1,1,0,0,1,0,1,0,factoryVariety,151,138,2,0,2,2,0,7,2,0,1,2,1,1,0,1,0,0,0,eliteResidentProduction,111,132,3,0,0,3,0,7,2,0,3,0,0,0,0,0,1,1,0,eliteResidentProduction,67,147,1,1
462,1,0,0,0,0,0,0,1,0,1,0,1,0,1,0,0,0,0,0,0,123,,3,2,1,1,7,2,0,1,2,0,2,0,0,0,0,0,balanced,143,140,1,1,0,2,0,7,2,0,3,0,1,0,1,0,0,0,0,balanced,46,92,3,0,1,3,0,7,2,0,0,4,0,0,1,0,0,0,0,adaptiveResidentStrategy,150,96,2,0
463,1,0,0,0,0,0,1,1,0,1,0,0,0,0,0,0,0,0,1,0,275,,1,2,1,1,7,2,0,1,1,1,0,0,2,0,0,0,adaptiveResidentStrategy,77,110,3,0,0,2,0,7,2,0,1,1,1,0,0,1,1,0,0,adaptiveResidentStrategy,117,160,1,1,1,3,0,7,2,0,2,1,0,1,0,0,0,0,0,shipBuilding,47,118,2,0
464,1,0,1,0,0,0,0,0,1,1,0,0,0,0,0,0,0,0,1,0,155,,1,0,1,1,7,2,0,1,3,1,1,0,0,0,0,0,balanced,96,151,1,1,1,2,0,7,2,0,3,1,1,1,0,0,0,0,0,eliteResidentProduction,105,92,3,0,2,3,0,7,2,0,0,1,1,0,1,1,0,0,0,shipBuilding,109,128,2,0
465,0,1,0,0,1,0,0,0,0,0,0,1,0,0,0,0,0,0,1,1,300,aborted_300_rounds,3,1,1,1,7,2,0,0,1,1,1,0,0,1,0,0,eliteResidentProduction,118,96,2,0,2,2,0,7,2,0,1,0,3,1,0,1,0,0,0,eliteResidentProduction,96,99,1,1,0,3,0,7,2,0,1,3,0,0,0,0,1,0,0,adaptiveResidentStrategy,57,92,3,0
466,0,1,1,0,0,0,0,0,1,1,0,0,0,0,0,1,0,0,0,0,210,,2,1,1,1,7,2,0,1,1,0,1,0,0,0,0,0,factoryVariety,59,139,1,1,2,2,0,7,2,0,2,4,1,0,0,0,0,0,0,eliteResidentProduction,99,121,3,0,0,3,0,7,2,0,0,3,1,0,1,1,0,0,0,factoryVariety,44,126,2,0
467,0,0,0,0,0,0,1,0,0,1,0,1,0,0,0,0,0,1,1,0,300,aborted_300_rounds,2,1,1,1,7,2,0,1,2,1,2,0,0,0,0,0,adaptiveResidentStrategy,144,133,1,1,2,2,0,7,2,0,1,2,3,1,0,0,0,0,0,balanced,55,118,2,0,0,3,0,7,2,0,2,1,2,0,0,2,0,0,0,eliteResidentProduction,146,98,3,0
468,0,0,0,0,1,0,0,0,1,1,0,1,0,0,0,1,0,0,0,0,125,,3,1,1,1,7,2,0,2,0,0,0,1,1,0,0,0,shipBuilding,55,102,3,0,2,2,0,7,2,0,2,2,0,0,0,1,0,0,0,factoryVariety,38,129,1,1,0,3,0,7,2,0,3,1,1,0,0,0,1,0,0,balanced,80,118,2,0
469,0,0,0,0,1,0,1,1,0,0,0,0,0,1,0,1,0,0,0,0,90,,1,2,1,1,7,2,0,3,1,1,0,0,1,1,0,0,balanced,45,95,2,0,0,2,0,7,2,0,2,0,0,0,1,0,1,0,0,adaptiveResidentStrategy,51,124,1,1,1,3,0,7,2,0,1,3,2,0,1,0,0,0,0,adaptiveResidentStrategy,78,90,3,0
470,0,1,1,0,0,0,0,0,0,1,0,0,0,1,0,1,0,0,0,0,103,,2,0,1,1,7,2,0,1,2,1,0,1,0,0,1,0,explorationFocus,75,116,3,0,1,2,0,7,2,0,1,1,1,1,0,0,0,0,0,adaptiveResidentStrategy,152,143,1,1,2,3,0,7,2,0,1,0,2,0,0,1,0,1,0,explorationFocus,64,139,2,0
471,1,0,0,0,0,0,0,1,1,1,0,0,0,1,0,0,0,0,0,0,105,,2,0,1,1,7,2,0,3,1,1,0,0,1,0,0,0,balanced,51,141,3,0,1,2,0,7,2,0,4,2,0,0,0,0,0,0,0,explorationFocus,136,157,1,1,2,3,0,7,2,0,1,2,1,2,0,0,0,0,0,adaptiveResidentStrategy,58,143,2,0
472,1,1,0,0,0,0,0,1,0,1,0,0,0,0,0,1,0,0,0,0,173,,2,2,1,1,7,2,0,2,2,0,1,0,0,1,0,0,explorationFocus,72,97,3,0,0,2,0,7,2,0,1,2,0,0,1,1,0,0,0,shipBuilding,51,103,2,0,1,3,0,7,2,0,0,2,2,1,0,1,0,0,0,explorationFocus,67,154,1,1
473,1,1,0,0,0,0,0,1,1,0,0,0,0,1,0,0,0,0,0,0,205,,1,1,1,1,7,2,0,1,2,2,1,0,0,0,0,0,balanced,91,85,2,0,2,2,0,7,2,0,4,2,1,0,0,0,0,0,0,eliteResidentProduction,107,82,3,0,0,3,0,7,2,0,1,1,1,2,0,0,0,0,0,eliteResidentProduction,31,142,1,1
474,1,0,0,0,0,0,0,0,0,1,0,1,0,0,0,0,0,0,1,1,135,,3,1,1,1,7,2,0,4,0,0,1,0,0,1,0,0,eliteResidentProduction,75,97,3,0,2,2,0,7,2,0,2,2,1,1,0,0,0,0,0,balanced,147,139,1,1,0,3,0,7,2,0,1,2,1,0,0,0,0,1,0,factoryVariety,125,138,2,0
475,0,0,0,0,0,0,0,1,1,1,0,1,0,1,0,0,0,0,0,0,73,,1,0,1,1,7,2,0,5,0,1,1,0,0,0,0,0,eliteResidentProduction,62,163,1,1,1,2,0,7,2,0,1,4,1,0,1,0,0,0,0,eliteResidentProduction,131,128,3,0,2,3,0,7,2,0,1,2,0,0,0,1,0,0,0,adaptiveResidentStrategy,39,139,2,0
476,1,0,1,0,0,0,0,0,0,0,0,0,0,0,0,1,0,1,1,0,85,,1,2,1,1,7,2,0,1,2,1,1,0,1,0,0,0,adaptiveResidentStrategy,125,116,3,0,0,2,0,7,2,0,1,2,2,0,0,0,0,0,0,explorationFocus,144,144,1,1,1,3,0,7,2,0,2,2,0,2,0,0,0,0,0,adaptiveResidentStrategy,128,141,2,0
477,1,0,0,0,0,0,0,0,0,0,0,1,0,0,0,1,0,0,1,1,64,,3,2,1,1,7,2,0,1,2,1,0,0,1,0,1,0,balanced,110,143,1,1,0,2,0,7,2,0,2,1,1,0,0,1,1,0,0,eliteResidentProduction,66,82,3,0,1,3,0,7,2,0,3,2,0,1,0,0,0,0,0,balanced,64,89,2,0
478,0,0,1,0,1,0,0,0,0,1,0,0,0,0,0,1,0,1,0,0,145,,1,0,1,1,7,2,0,1,2,0,1,0,0,0,1,0,factoryVariety,29,165,1,1,1,2,0,7,2,0,2,0,1,0,0,1,1,0,0,balanced,86,131,2,0,2,3,0,7,2,0,1,2,2,1,0,0,1,0,0,adaptiveResidentStrategy,31,110,3,0
479,0,1,0,0,0,0,0,1,1,0,0,0,0,0,0,0,0,0,1,1,210,,2,0,1,1,7,2,0,2,0,1,0,1,1,0,0,0,explorationFocus,135,127,2,0,1,2,0,7,2,0,0,1,1,0,0,2,0,0,0,adaptiveResidentStrategy,86,151,1,1,2,3,0,7,2,0,1,4,1,1,0,0,0,1,0,factoryVariety,127,106,3,0
480,1,0,0,0,0,0,0,1,0,0,0,0,0,1,0,0,0,0,1,1,77,,1,1,1,1,7,2,0,2,2,2,1,0,0,0,0,0,factoryVariety,39,127,3,0,2,2,0,7,2,0,3,1,0,1,0,0,0,0,0,factoryVariety,79,127,3,0,0,3,0,7,2,0,1,1,2,0,0,1,0,1,0,factoryVariety,121,157,1,1
481,0,0,0,0,0,0,0,0,1,1,0,1,0,0,0,1,0,0,0,1,113,,3,0,1,1,7,2,0,1,2,0,2,0,0,0,0,0,balanced,106,126,2,0,1,2,0,7,2,0,1,1,2,0,0,0,1,1,0,eliteResidentProduction,140,105,3,0,2,3,0,7,2,0,2,2,1,1,0,0,0,0,0,balanced,89,142,1,1
482,1,0,1,0,1,0,0,0,0,0,0,0,0,0,0,1,0,0,1,0,222,,2,2,1,1,7,2,0,1,2,0,1,0,1,0,0,0,explorationFocus,36,96,3,0,0,2,0,7,2,0,3,0,2,1,0,0,0,0,0,balanced,154,108,2,0,1,3,0,7,2,0,1,1,0,1,0,0,1,0,0,explorationFocus,130,156,1,1
483,0,1,0,0,1,0,0,1,0,0,0,0,0,0,0,0,0,1,0,1,164,,2,0,1,1,7,2,0,1,2,1,0,0,0,0,1,0,factoryVariety,61,89,3,0,1,2,0,7,2,0,1,1,2,1,0,0,0,1,0,explorationFocus,88,132,1,1,2,3,0,7,2,0,2,1,0,1,0,1,0,0,0,factoryVariety,67,132,1,1
484,0,0,0,0,1,0,1,1,1,1,0,0,0,0,0,0,0,0,0,0,173,,3,2,1,1,7,2,0,2,1,1,0,0,2,0,0,0,factoryVariety,111,162,1,1,0,2,0,7,2,0,0,2,0,1,0,0,0,1,0,adaptiveResidentStrategy,134,86,3,0,1,3,0,7,2,0,2,2,0,0,0,0,0,1,0,shipBuilding,32,106,2,0
485,0,0,1,0,0,0,0,1,0,0,0,0,0,1,0,0,0,1,1,0,55,,1,0,1,1,7,2,0,2,2,2,1,0,0,0,0,0,adaptiveResidentStrategy,102,142,1,1,1,2,0,7,2,0,3,0,1,0,0,1,0,0,0,factoryVariety,59,110,3,0,2,3,0,7,2,0,2,0,0,0,0,1,1,0,0,factoryVariety,127,141,2,0
486,0,1,0,0,1,0,0,0,1,0,0,0,0,0,0,0,0,1,1,0,300,aborted_300_rounds,3,0,1,1,7,2,0,1,0,2,0,1,0,1,0,0,adaptiveResidentStrategy,73,130,3,0,1,2,0,7,2,0,0,2,2,1,0,0,0,1,0,balanced,119,141,2,0,2,3,0,7,2,0,1,2,1,1,0,0,1,0,0,explorationFocus,42,143,1,1
487,1,1,0,0,0,0,0,0,0,0,0,0,0,0,0,1,0,1,1,0,153,,2,0,1,1,7,2,0,0,3,0,1,0,1,0,0,0,balanced,57,114,3,0,1,2,0,7,2,0,2,1,0,2,0,0,0,0,0,factoryVariety,149,147,1,1,2,3,0,7,2,0,3,1,1,0,0,1,0,0,0,adaptiveResidentStrategy,94,117,2,0
488,0,1,0,0,1,0,1,0,0,1,0,0,0,1,0,0,0,0,0,0,217,,3,2,1,1,7,2,0,1,0,2,2,0,0,0,0,0,balanced,83,158,1,1,0,2,0,7,2,0,1,1,2,0,0,1,1,0,0,adaptiveResidentStrategy,88,122,2,0,1,3,0,7,2,0,0,3,2,1,1,0,0,0,0,factoryVariety,78,120,3,0
489,0,0,0,0,0,0,1,1,1,0,0,0,0,0,0,1,0,0,0,1,245,,1,1,1,1,7,2,0,1,2,0,0,0,0,1,0,0,adaptiveResidentStrategy,85,89,3,0,2,2,0,7,2,0,2,2,2,0,0,0,0,0,0,adaptiveResidentStrategy,31,152,2,0,0,3,0,7,2,0,1,0,2,0,0,0,1,1,0,balanced,111,154,1,1
490,1,0,0,0,1,0,0,0,0,0,0,0,0,1,0,0,0,1,0,1,217,,1,2,1,1,7,2,0,2,2,1,0,0,1,0,0,0,balanced,117,84,3,0,0,2,0,7,2,0,1,3,0,1,0,1,0,0,0,factoryVariety,102,153,1,1,1,3,0,7,2,0,1,1,0,0,0,0,1,1,0,factoryVariety,140,107,2,0
491,1,1,1,0,0,0,0,1,0,0,0,0,0,0,0,0,0,1,0,0,178,,2,1,1,1,7,2,0,2,2,0,2,0,0,0,0,0,adaptiveResidentStrategy,81,165,1,1,2,2,0,7,2,0,2,0,1,1,1,0,0,0,0,balanced,143,137,3,0,0,3,0,7,2,0,2,2,0,0,0,1,0,0,0,adaptiveResidentStrategy,29,142,2,0
492,1,1,0,0,0,0,0,0,0,1,0,0,0,0,0,0,0,1,1,0,190,,3,0,1,1,7,2,0,0,4,1,1,0,0,0,0,0,adaptiveResidentStrategy,73,130,2,0,1,2,0,7,2,0,4,1,1,1,0,0,0,0,0,eliteResidentProduction,124,119,3,0,2,3,0,7,2,0,2,1,0,1,0,0,0,0,0,factoryVariety,68,145,1,1
493,1,0,0,0,0,0,0,0,0,0,0,1,0,1,0,1,0,1,0,0,115,,2,1,1,1,7,2,0,5,2,1,0,0,0,0,0,0,shipBuilding,66,94,1,1,2,2,0,7,2,0,0,2,0,0,0,1,1,0,0,balanced,46,87,3,0,0,3,0,7,2,0,3,1,2,1,0,1,0,0,0,balanced,67,91,2,0
494,1,1,0,0,0,0,0,1,1,0,0,0,0,0,0,0,0,0,0,1,123,,3,1,1,1,7,2,0,2,2,0,1,1,0,0,0,0,eliteResidentProduction,29,142,2,0,2,2,0,7,2,0,2,0,1,0,0,0,0,1,0,balanced,104,148,1,1,0,3,0,7,2,0,2,2,0,1,0,1,0,0,0,factoryVariety,90,126,3,0
495,0,1,1,0,0,0,0,0,0,1,0,0,0,0,0,1,0,0,0,1,275,,3,0,1,1,7,2,0,3,0,1,0,0,0,0,0,0,eliteResidentProduction,58,99,3,0,1,2,0,7,2,0,1,1,1,1,0,0,0,1,0,adaptiveResidentStrategy,123,124,2,0,2,3,0,7,2,0,1,1,1,1,0,1,0,0,0,eliteResidentProduction,62,165,1,1
496,1,0,0,0,0,0,1,0,1,1,0,0,0,1,0,0,0,0,0,0,155,,3,2,1,1,7,2,0,1,2,0,0,0,2,0,0,0,explorationFocus,110,164,1,1,0,2,0,7,2,0,1,1,1,0,0,1,0,1,0,balanced,133,100,2,0,1,3,0,7,2,0,3,0,2,0,0,0,0,0,0,eliteResidentProduction,109,87,3,0
497,1,1,0,0,0,0,0,0,1,1,0,0,0,0,0,0,0,1,0,0,300,aborted_300_rounds,1,0,1,1,7,2,0,1,2,0,0,0,2,0,0,0,balanced,91,146,1,1,1,2,0,7,2,0,3,2,0,0,0,0,1,0,0,shipBuilding,150,136,2,0,2,3,0,7,2,0,2,1,1,0,1,1,0,0,0,factoryVariety,81,118,3,0
498,0,1,0,0,0,0,0,1,0,1,0,1,0,0,0,0,0,1,0,0,210,,3,2,1,1,7,2,0,1,2,1,2,0,0,0,0,0,factoryVariety,131,149,1,1,0,2,0,7,2,0,2,0,1,0,0,1,1,0,0,adaptiveResidentStrategy,82,92,3,0,1,3,0,7,2,0,2,2,0,0,0,1,0,1,0,adaptiveResidentStrategy,96,124,2,0
499,0,1,1,0,1,0,1,0,0,0,0,1,0,0,0,0,0,0,0,0,115,,1,2,1,1,7,2,0,1,3,1,0,0,1,0,0,0,balanced,139,142,2,0,0,2,0,7,2,0,3,0,0,1,0,0,0,1,0,factoryVariety,99,146,1,1,1,3,0,7,2,0,1,3,2,0,1,0,0,0,0,eliteResidentProduction,83,121,3,0
500,0,0,1,0,1,0,0,1,1,0,0,0,0,0,0,0,0,1,0,0,114,,3,1,1,1,7,2,0,2,2,0,1,0,0,0,1,0,shipBuilding,143,98,3,0,2,2,0,7,2,0,1,3,1,1,0,1,0,0,0,shipBuilding,123,155,1,1,0,3,0,7,2,0,3,2,0,0,0,1,0,0,0,adaptiveResidentStrategy,139,153,2,0
501,1,0,1,0,1,0,0,0,1,0,0,0,0,0,0,1,0,0,0,0,133,,1,1,1,1,7,2,0,1,3,0,0,0,0,1,0,0,balanced,104,159,2,0,2,2,0,7,2,0,1,1,2,1,0,1,0,0,0,explorationFocus,60,153,3,0,0,3,0,7,2,0,1,1,0,0,0,1,0,0,0,balanced,48,162,1,1
