row_id;game_id;player_id;seat_position;is_start_player;objective_MostInvestors;objective_MostEngineers;objective_NewWorldExplorer;objective_BasicGoodsProducer;objective_ExplorerTrader;objective_LuxuryFactories;objective_SingleIslandBonus;objective_MostExpeditionCards;objective_ExtraAction;objective_ArtifactBonus;objective_NewWorldProductFactories;objective_AnimalBonus;objective_ArtisanGoodsFactories;objective_MostTradeChips;objective_PrestigeFactories;objective_ResidentCardsPenalty;objective_EngineerGoodsFactories;objective_DiscardResidentCard;objective_InvestorExhaustForGold;objective_MostResidentsTotal;start_cards_l2_count;start_cards_l5_count;start_cards_l7_count;start_reward_new_residents_count;start_reward_upgrade_count;start_reward_tradepoints_count;start_reward_gold_count;start_reward_extraaction_count;start_reward_expedition_count;start_reward_discard_count;start_reward_explorationpoints_count;start_reward_freegoodschoice_count;start_reward_gold_and_tradepoints_count;strategy_name;rounds_played;game_end_status;fulfill_needs_count;final_points;rank;is_winner
1;1;0;2;0;0;0;1;0;0;0;0;0;1;0;0;0;0;1;0;1;0;1;0;0;7;2;0;4;1;2;1;1;0;0;0;0;0;adaptiveResidentStrategy;125;;31;145;1;1
2;1;1;3;0;0;0;1;0;0;0;0;0;1;0;0;0;0;1;0;1;0;1;0;0;7;2;0;2;2;2;1;0;1;0;0;1;0;balanced;125;;55;145;1;1
3;1;2;1;1;0;0;1;0;0;0;0;0;1;0;0;0;0;1;0;1;0;1;0;0;7;2;0;5;2;1;1;0;0;0;0;0;0;explorationFocus;125;;28;82;3;0
4;2;0;1;1;0;0;0;0;0;0;0;1;0;1;0;0;0;0;0;1;0;0;1;1;7;2;0;3;1;1;2;0;2;0;0;0;0;adaptiveResidentStrategy;90;;136;149;2;0
5;2;1;2;0;0;0;0;0;0;0;0;1;0;1;0;0;0;0;0;1;0;0;1;1;7;2;0;5;1;1;1;1;0;0;0;0;0;eliteResidentProduction;90;;141;160;1;1
6;2;2;3;0;0;0;0;0;0;0;0;1;0;0;1;0;0;0;0;1;0;0;1;1;7;2;0;4;2;2;0;1;0;0;0;0;0;adaptiveResidentStrategy;90;;154;93;3;0
7;3;0;3;0;1;1;0;0;1;0;1;0;0;0;0;0;0;0;0;0;0;0;0;1;7;2;0;5;0;2;0;0;0;0;2;0;0;factoryVariety;103;;37;148;1;1
8;3;1;1;1;1;1;0;0;1;0;1;0;0;0;0;0;0;0;0;0;0;0;0;1;7;2;0;3;1;2;1;2;0;0;0;0;0;balanced;103;;76;91;3;0
9;3;2;2;0;1;1;0;0;1;0;1;0;0;0;0;0;0;0;0;0;0;0;0;1;7;2;0;3;3;1;0;2;0;0;0;0;0;factoryVariety;103;;80;113;2;0
10;4;0;3;0;1;0;1;0;0;0;0;0;0;0;0;0;0;0;1;1;0;0;0;1;7;2;0;2;2;2;1;0;2;0;0;0;0;adaptiveResidentStrategy;105;;29;112;2;0
11;4;1;1;1;1;0;0;1;0;0;0;0;0;0;0;0;0;1;0;1;0;0;0;1;7;2;0;5;2;0;1;0;0;0;0;1;0;factoryVariety;105;;112;160;1;1
12;4;2;2;0;1;0;1;0;0;0;0;0;0;0;0;0;0;1;0;1;0;0;0;1;7;2;0;4;2;1;0;1;0;1;0;0;0;balanced;105;;153;106;3;0
13;5;0;2;0;1;0;0;0;1;0;0;0;0;0;0;0;0;0;0;1;0;1;1;0;7;2;0;4;2;0;1;1;1;0;0;0;0;explorationFocus;173;;38;103;3;0
14;5;1;3;0;1;0;0;0;1;0;0;0;0;0;0;0;0;0;0;1;0;1;1;0;7;2;0;5;1;0;1;1;0;0;1;0;0;explorationFocus;173;;74;118;2;0
15;5;2;1;1;1;0;0;0;1;0;0;0;0;0;0;0;0;0;0;1;0;1;1;0;7;2;0;3;2;2;0;1;0;0;1;0;0;shipBuilding;173;;155;145;1;1
16;6;0;3;0;1;0;1;0;1;0;0;0;0;0;0;0;0;1;0;1;0;0;0;0;7;2;0;5;1;1;0;1;0;0;0;1;0;balanced;205;;89;135;1;1
17;6;1;1;1;1;0;1;0;1;0;0;0;0;0;0;0;1;0;0;1;0;0;0;0;7;2;0;4;2;2;0;0;1;0;0;0;0;factoryVariety;205;;88;83;3;0
18;6;2;2;0;1;0;1;0;1;0;0;0;0;0;0;0;0;1;0;1;0;0;0;0;7;2;0;1;2;1;3;0;1;1;0;0;0;explorationFocus;205;;44;116;2;0
19;7;0;2;0;1;0;0;0;0;0;0;0;0;0;1;0;0;0;1;0;0;0;1;1;7;2;0;3;2;1;2;1;0;0;0;0;0;factoryVariety;135;;88;107;2;0
20;7;1;3;0;1;0;0;0;0;0;0;0;1;0;0;0;0;1;0;0;0;0;1;1;7;2;0;2;4;0;1;0;2;0;0;0;0;balanced;135;;72;94;3;0
21;7;2;1;1;1;0;0;0;0;0;0;0;1;0;0;0;0;1;0;0;0;0;1;1;7;2;0;3;1;3;1;0;0;0;1;0;0;factoryVariety;135;;89;125;1;1
22;8;0;1;1;1;0;1;0;0;0;0;0;0;1;0;1;0;0;0;0;0;0;0;1;7;2;0;5;0;2;1;0;1;0;0;0;0;eliteResidentProduction;73;;29;148;2;0
23;8;1;2;0;1;0;1;0;0;0;0;0;0;1;0;1;0;0;0;0;0;0;0;1;7;2;0;4;3;2;0;0;0;0;0;0;0;adaptiveResidentStrategy;73;;136;152;1;1
24;8;2;3;0;1;0;1;0;0;0;0;0;0;1;0;1;0;0;0;0;0;0;0;1;7;2;0;4;0;2;1;0;0;2;0;0;0;eliteResidentProduction;73;;90;136;3;0
25;9;0;1;1;0;1;0;0;0;0;0;0;0;0;0;1;0;0;0;1;0;1;0;1;7;2;0;5;2;2;0;0;0;0;0;0;0;adaptiveResidentStrategy;85;;65;107;3;0
26;9;1;2;0;0;1;0;0;0;0;0;0;0;0;0;1;0;0;0;1;0;1;0;1;7;2;0;4;2;0;2;0;0;1;0;0;0;balanced;85;;77;141;2;0
27;9;2;3;0;0;1;0;0;0;0;0;0;0;0;0;1;0;0;0;1;0;1;0;1;7;2;0;2;2;3;1;0;1;0;0;0;0;factoryVariety;85;;114;156;1;1
28;10;0;2;0;0;1;1;0;0;0;0;0;0;1;1;0;0;0;1;0;0;0;0;0;7;2;0;2;2;3;0;0;1;0;0;1;0;factoryVariety;64;;135;145;2;0
29;10;1;3;0;0;1;1;0;0;0;1;0;0;1;0;0;0;1;0;0;0;0;0;0;7;2;0;2;2;3;1;0;0;0;0;1;0;shipBuilding;64;;131;104;3;0
30;10;2;1;1;0;1;1;0;0;0;1;0;0;1;0;0;1;0;0;0;0;0;0;0;7;2;0;6;1;1;0;1;0;0;0;0;0;shipBuilding;64;;68;162;1;1
31;11;0;3;0;1;0;1;0;1;0;0;0;0;0;0;0;0;0;0;1;0;0;1;0;7;2;0;2;2;3;0;2;0;0;0;0;0;eliteResidentProduction;145;;81;115;3;0
32;11;1;1;1;1;0;1;0;1;0;0;0;0;0;0;0;0;0;0;1;0;0;1;0;7;2;0;4;1;1;1;0;0;1;0;1;0;eliteResidentProduction;145;;128;137;1;1
33;11;2;2;0;1;0;1;0;1;0;0;0;0;0;0;0;0;0;0;1;0;0;1;0;7;2;0;1;2;1;4;0;0;0;1;0;0;explorationFocus;145;;95;118;2;0
34;12;0;1;1;0;0;0;0;0;0;1;1;1;1;0;0;0;0;0;1;0;0;0;0;7;2;0;2;3;2;1;1;0;0;0;0;0;explorationFocus;210;;59;144;2;0
35;12;1;2;0;0;0;0;0;0;0;1;1;1;1;0;0;0;0;0;1;0;0;0;0;7;2;0;4;1;0;2;1;0;1;0;0;0;eliteResidentProduction;210;;151;115;3;0
36;12;2;3;0;0;0;0;0;0;0;1;1;1;1;0;0;0;0;0;1;0;0;0;0;7;2;0;5;1;2;0;0;0;1;0;0;0;adaptiveResidentStrategy;210;;86;154;1;1
37;13;0;3;0;0;1;0;0;0;0;1;1;1;0;0;1;0;0;0;0;0;0;0;0;7;2;0;3;1;2;1;1;0;1;0;0;0;explorationFocus;77;;68;145;1;1
38;13;1;1;1;0;1;0;0;0;0;1;1;1;0;0;1;0;0;0;0;0;0;0;0;7;2;0;5;1;1;0;1;0;1;0;0;0;factoryVariety;77;;131;112;3;0
39;13;2;2;0;0;1;0;0;0;0;1;1;1;0;0;1;0;0;0;0;0;0;0;0;7;2;0;2;3;1;1;0;1;0;0;1;0;explorationFocus;77;;70;130;2;0
40;14;0;2;0;0;1;1;0;0;0;0;0;0;0;0;1;0;0;0;0;0;1;1;0;7;2;0;3;0;3;2;0;0;0;0;1;0;adaptiveResidentStrategy;113;;90;138;2;0
41;14;1;3;0;0;1;1;0;0;0;0;0;0;0;0;1;0;0;0;0;0;1;1;0;7;2;0;5;0;0;2;2;0;0;0;0;0;eliteResidentProduction;113;;127;117;3;0
42;14;2;1;1;0;0;1;1;0;0;0;0;0;0;0;1;0;0;0;0;0;1;1;0;7;2;0;3;3;0;1;1;0;1;0;0;0;factoryVariety;113;;149;147;1;1
43;15;0;2;0;0;1;1;0;0;0;1;0;0;0;0;1;0;1;0;0;0;0;0;0;7;2;0;4;3;1;1;0;0;0;0;0;0;eliteResidentProduction;222;;117;132;1;1
44;15;1;3;0;0;1;1;0;0;0;1;0;0;0;0;1;0;1;0;0;0;0;0;0;7;2;0;3;3;3;0;0;0;0;0;0;0;explorationFocus;222;;45;82;3;0
45;15;2;1;1;0;1;1;0;0;0;1;0;0;0;0;1;0;1;0;0;0;0;0;0;7;2;0;5;1;1;0;1;0;1;0;0;0;balanced;222;;144;110;2;0
46;16;0;2;0;0;1;0;0;1;0;0;0;1;1;0;0;0;0;0;0;0;0;1;0;7;2;0;2;3;2;0;1;0;1;0;0;0;balanced;164;;92;117;2;0
47;16;1;3;0;0;1;0;0;1;0;0;0;1;1;0;0;0;0;0;0;0;0;1;0;7;2;0;2;1;3;1;0;1;0;1;0;0;shipBuilding;164;;110;88;3;0
48;16;2;1;1;0;1;0;0;1;0;0;0;1;1;0;0;0;0;0;0;0;0;1;0;7;2;0;6;1;0;1;0;0;1;0;0;0;explorationFocus;164;;125;131;1;1
49;17;0;1;1;1;1;1;0;0;0;1;0;0;0;0;0;0;1;0;0;0;0;0;0;7;2;0;3;1;2;2;0;0;1;0;0;0;eliteResidentProduction;173;;71;160;1;1
50;17;1;2;0;1;1;1;0;0;0;1;0;0;0;0;0;0;1;0;0;0;0;0;0;7;2;0;4;1;2;0;0;2;0;0;0;0;explorationFocus;173;;110;88;3;0
51;17;2;3;0;1;1;1;0;0;0;1;0;0;0;0;0;0;1;0;0;0;0;0;0;7;2;0;3;3;1;1;0;0;0;1;0;0;explorationFocus;173;;46;115;2;0
52;18;0;1;1;1;1;0;0;0;0;0;1;0;0;0;0;0;0;0;0;0;1;1;0;7;2;0;4;2;0;1;0;0;2;0;0;0;shipBuilding;55;;75;106;2;0
53;18;1;2;0;1;1;0;0;0;0;0;1;0;0;0;0;0;0;0;0;0;1;1;0;7;2;0;4;0;2;1;2;0;0;0;0;0;explorationFocus;55;;29;82;3;0
54;18;2;3;0;1;1;0;0;0;0;0;1;0;0;0;0;0;0;0;0;0;1;1;0;7;2;0;3;1;2;2;1;0;0;0;0;0;adaptiveResidentStrategy;55;;81;121;1;1
55;19;0;3;0;0;0;1;0;0;0;0;1;1;0;0;0;0;0;0;1;0;0;1;0;7;2;0;4;2;0;1;1;0;0;0;1;0;balanced;300;aborted_300_rounds;114;154;1;1
56;19;1;1;1;0;0;1;0;0;0;0;1;1;0;0;0;0;0;0;1;0;0;1;0;7;2;0;4;1;1;2;0;0;1;0;0;0;balanced;300;aborted_300_rounds;130;131;2;0
57;19;2;2;0;0;0;1;0;0;0;0;1;1;0;0;0;0;0;0;1;0;0;1;0;7;2;0;1;2;2;2;1;0;0;1;0;0;balanced;300;aborted_300_rounds;131;107;3;0
58;20;0;3;0;0;0;1;0;0;0;1;0;1;0;0;0;0;0;0;0;0;0;1;1;7;2;0;4;1;1;2;0;0;1;0;0;0;factoryVariety;153;;111;126;1;1
59;20;1;1;1;0;0;1;0;0;0;1;0;1;0;0;0;0;0;0;0;0;0;1;1;7;2;0;5;0;1;1;0;0;1;1;0;0;adaptiveResidentStrategy;153;;80;93;3;0
60;20;2;2;0;0;0;1;0;0;0;1;0;1;0;0;0;0;0;0;0;0;0;1;1;7;2;0;4;2;0;1;1;0;0;1;0;0;eliteResidentProduction;153;;50;122;2;0
61;21;0;2;0;1;0;0;0;0;0;0;0;1;0;0;0;0;1;0;0;0;1;0;1;7;2;0;2;1;3;2;1;0;0;0;0;0;explorationFocus;217;;114;127;1;1
62;21;1;3;0;1;0;0;0;0;0;0;0;1;0;0;0;0;1;0;0;0;1;0;1;7;2;0;4;2;0;1;0;1;1;0;0;0;balanced;217;;144;106;2;0
63;21;2;1;1;1;0;0;0;0;0;0;0;1;0;0;0;0;1;0;0;0;1;0;1;7;2;0;4;2;2;0;1;0;0;0;0;0;balanced;217;;43;84;3;0
64;22;0;1;1;0;0;0;1;0;0;1;0;1;0;0;0;0;0;0;1;0;0;1;0;7;2;0;3;1;3;0;0;0;1;1;0;0;factoryVariety;245;;81;116;3;0
65;22;1;2;0;1;0;0;0;0;0;1;0;1;0;0;0;0;0;0;1;0;0;1;0;7;2;0;4;2;1;0;1;0;1;0;0;0;adaptiveResidentStrategy;245;;136;151;1;1
66;22;2;3;0;1;0;0;0;0;0;1;0;1;0;0;0;0;0;0;1;0;0;1;0;7;2;0;3;1;2;2;0;0;1;0;0;0;explorationFocus;245;;134;127;2;0
67;23;0;2;0;0;1;0;0;1;0;1;1;0;0;0;1;0;0;0;0;0;0;0;0;7;2;0;5;0;1;1;0;0;1;1;0;0;eliteResidentProduction;217;;132;109;2;0
68;23;1;3;0;0;1;0;0;1;0;1;1;0;0;0;1;0;0;0;0;0;0;0;0;7;2;0;3;2;3;0;0;0;1;0;0;0;shipBuilding;217;;130;149;1;1
69;23;2;1;1;0;1;0;0;1;0;1;1;0;0;0;1;0;0;0;0;0;0;0;0;7;2;0;4;0;3;1;0;0;1;0;0;0;explorationFocus;217;;53;84;3;0
70;24;0;1;1;1;0;0;0;1;0;1;0;0;0;0;0;0;0;0;0;0;1;1;0;7;2;0;5;3;0;0;0;1;0;0;0;0;explorationFocus;178;;38;109;3;0
71;24;1;2;0;1;0;0;0;1;0;1;0;0;0;0;0;0;0;0;0;0;1;1;0;7;2;0;2;2;1;2;1;0;0;0;1;0;eliteResidentProduction;178;;130;128;2;0
72;24;2;3;0;1;0;0;0;1;0;1;0;0;0;0;0;0;0;0;0;0;1;1;0;7;2;0;5;1;1;0;1;0;1;0;0;0;balanced;178;;55;153;1;1
73;25;0;1;1;0;0;1;0;1;0;0;0;0;1;0;1;0;1;0;0;0;0;0;0;7;2;0;5;1;1;0;1;0;1;0;0;0;eliteResidentProduction;190;;86;114;1;1
74;25;1;2;0;0;0;1;0;1;0;0;0;0;1;0;1;0;1;0;0;0;0;0;0;7;2;0;4;0;0;3;2;0;0;0;0;0;adaptiveResidentStrategy;190;;76;106;3;0
75;25;2;3;0;0;0;1;0;1;0;0;0;0;1;0;1;0;1;0;0;0;0;0;0;7;2;0;4;0;3;2;0;0;0;0;0;0;balanced;190;;62;107;2;0
76;26;0;1;1;0;1;0;0;1;0;1;0;1;0;0;0;0;0;0;1;0;0;0;0;7;2;0;2;2;1;2;1;0;0;0;1;0;balanced;115;;54;98;3;0
77;26;1;2;0;0;1;0;0;1;0;1;0;1;0;0;0;0;0;0;1;0;0;0;0;7;2;0;4;1;2;0;2;0;0;0;0;0;factoryVariety;115;;147;161;1;1
78;26;2;3;0;0;1;0;0;1;0;1;0;1;0;0;0;0;0;0;1;0;0;0;0;7;2;0;3;2;2;1;1;0;0;0;0;0;shipBuilding;115;;54;136;2;0
79;27;0;3;0;0;0;0;0;0;0;0;0;1;0;0;0;0;1;0;1;0;1;1;0;7;2;0;3;2;3;0;0;0;1;0;0;0;adaptiveResidentStrategy;123;;142;114;1;1
80;27;1;1;1;0;0;0;0;0;0;0;0;1;0;0;0;0;1;0;1;0;1;1;0;7;2;0;3;1;4;0;0;0;0;0;1;0;factoryVariety;123;;136;104;2;0
81;27;2;2;0;0;0;0;0;0;0;0;0;1;0;0;0;0;1;0;1;0;1;1;0;7;2;0;3;2;1;1;1;0;0;1;0;0;adaptiveResidentStrategy;123;;141;87;3;0
82;28;0;3;0;0;0;1;0;0;0;1;0;0;1;0;0;0;1;0;1;0;0;0;0;7;2;0;4;0;2;1;1;0;0;0;1;0;balanced;275;;76;149;1;1
83;28;1;1;1;0;0;1;0;0;0;1;0;0;1;0;0;0;1;0;1;0;0;0;0;7;2;0;6;1;0;1;0;0;0;1;0;0;factoryVariety;275;;131;119;3;0
84;28;2;2;0;0;0;1;0;0;0;1;0;0;1;0;0;0;1;0;1;0;0;0;0;7;2;0;1;1;4;2;0;1;0;0;0;0;balanced;275;;155;137;2;0
85;29;0;3;0;1;1;0;0;0;0;1;0;0;0;0;0;0;0;0;0;0;0;1;1;7;2;0;3;0;2;2;0;0;2;0;0;0;adaptiveResidentStrategy;155;;107;99;3;0
86;29;1;1;1;1;1;0;0;0;0;1;0;0;0;0;0;0;0;0;0;0;0;1;1;7;2;0;5;2;1;1;0;0;0;0;0;0;factoryVariety;155;;123;147;1;1
87;29;2;2;0;1;1;0;0;0;0;1;0;0;0;0;0;0;0;0;0;0;0;1;1;7;2;0;2;1;2;2;1;0;0;1;0;0;factoryVariety;155;;140;109;2;0
88;30;0;3;0;0;1;0;0;0;0;0;0;1;0;0;0;0;1;0;1;0;0;1;0;7;2;0;4;2;1;0;1;0;1;0;0;0;explorationFocus;300;aborted_300_rounds;123;137;2;0
89;30;1;1;1;0;1;0;0;0;0;0;0;1;0;0;0;0;1;0;1;0;0;1;0;7;2;0;5;1;1;0;1;0;0;1;0;0;shipBuilding;300;aborted_300_rounds;92;100;3;0
90;30;2;2;0;0;1;0;0;0;0;0;0;1;0;0;0;0;1;0;1;0;0;1;0;7;2;0;4;1;0;3;0;0;1;0;0;0;adaptiveResidentStrategy;300;aborted_300_rounds;62;157;1;1
91;31;0;1;1;0;0;0;0;0;0;1;0;0;0;0;1;0;1;0;0;0;1;0;1;7;2;0;3;4;1;0;0;0;1;0;0;0;eliteResidentProduction;210;;125;131;2;0
92;31;1;2;0;0;0;0;0;0;0;1;0;0;0;0;1;0;1;0;0;0;1;0;1;7;2;0;3;0;2;3;1;0;0;0;0;0;eliteResidentProduction;210;;98;86;3;0
93;31;2;3;0;0;0;0;0;0;0;1;0;0;0;0;1;0;1;0;0;0;1;0;1;7;2;0;6;1;1;0;0;1;0;0;0;0;factoryVariety;210;;74;153;1;1
94;32;0;2;0;0;0;1;0;0;0;1;0;0;0;0;0;0;0;0;1;0;1;1;0;7;2;0;3;1;3;0;0;1;1;0;0;0;factoryVariety;115;;87;114;3;0
95;32;1;3;0;0;0;1;0;0;0;1;0;0;0;0;0;0;0;0;1;0;1;1;0;7;2;0;5;0;2;0;2;0;0;0;0;0;balanced;115;;54;125;2;0
96;32;2;1;1;0;0;1;0;0;0;1;0;0;0;0;0;0;0;0;1;0;1;1;0;7;2;0;4;3;0;1;1;0;0;0;0;0;factoryVariety;115;;116;158;1;1
97;33;0;1;1;0;0;0;0;1;0;0;1;0;0;0;1;0;0;0;0;0;1;0;1;7;2;0;3;2;1;1;2;0;0;0;0;0;balanced;114;;78;126;2;0
98;33;1;2;0;0;0;0;0;1;0;0;1;0;0;0;1;0;0;0;0;0;1;0;1;7;2;0;4;2;0;1;1;0;1;0;0;0;adaptiveResidentStrategy;114;;37;84;3;0
99;33;2;3;0;0;0;0;0;1;0;0;1;0;0;0;1;0;0;0;0;0;1;0;1;7;2;0;6;0;1;0;1;1;0;0;0;0;balanced;114;;67;158;1;1
100;34;0;1;1;0;0;1;0;1;0;0;0;0;1;0;0;0;1;0;0;0;0;0;1;7;2;0;4;1;1;1;1;0;1;0;0;0;adaptiveResidentStrategy;133;;46;138;2;0
101;34;1;2;0;0;0;1;0;1;0;0;0;0;1;0;0;0;1;0;0;0;0;0;1;7;2;0;3;1;2;1;1;1;0;0;0;0;adaptiveResidentStrategy;133;;114;141;1;1
102;34;2;3;0;0;0;1;0;1;0;0;0;0;1;0;0;0;1;0;0;0;0;0;1;7;2;0;3;4;1;0;1;0;0;0;0;0;balanced;133;;38;133;3;0
103;35;0;3;0;1;0;0;1;0;0;0;0;0;0;0;1;0;0;0;0;0;1;1;0;7;2;0;4;3;1;0;0;0;1;0;0;0;adaptiveResidentStrategy;200;;147;89;3;0
104;35;1;1;1;1;0;0;0;0;0;1;0;0;0;0;1;0;0;0;0;0;1;1;0;7;2;0;2;2;2;1;2;0;0;0;0;0;factoryVariety;200;;35;107;2;0
105;35;2;2;0;1;0;0;0;0;0;1;0;0;0;0;1;0;0;0;0;0;1;1;0;7;2;0;2;3;0;2;2;0;0;0;0;0;eliteResidentProduction;200;;39;134;1;1
106;36;0;2;0;1;0;0;0;0;0;1;1;0;0;0;0;0;1;0;1;0;0;0;0;7;2;0;2;2;3;0;1;0;0;0;1;0;adaptiveResidentStrategy;125;;63;129;2;0
107;36;1;3;0;1;0;0;0;0;0;1;1;0;0;0;0;0;1;0;1;0;0;0;0;7;2;0;5;0;2;1;0;0;1;0;0;0;adaptiveResidentStrategy;125;;148;103;3;0
108;36;2;1;1;1;0;0;0;0;0;1;1;0;0;0;0;0;1;0;1;0;0;0;0;7;2;0;2;0;2;3;1;0;0;0;1;0;explorationFocus;125;;139;134;1;1
109;37;0;1;1;0;1;0;0;0;0;1;1;0;0;0;0;0;0;0;0;0;1;0;1;7;2;0;3;1;2;1;1;0;0;1;0;0;eliteResidentProduction;90;;70;130;2;0
110;37;1;2;0;0;1;0;0;0;0;1;1;0;0;0;0;0;0;0;0;0;1;0;1;7;2;0;3;2;1;1;1;1;0;0;0;0;factoryVariety;90;;122;157;1;1
111;37;2;3;0;0;1;0;0;0;0;1;1;0;0;0;0;0;0;0;0;0;1;0;1;7;2;0;3;2;2;0;2;0;0;0;0;0;eliteResidentProduction;90;;90;125;3;0
112;38;0;3;0;0;1;0;0;1;0;0;0;0;1;0;1;0;0;0;0;0;0;0;1;7;2;0;4;1;3;0;0;0;1;0;0;0;explorationFocus;103;;74;134;2;0
113;38;1;1;1;0;1;0;0;1;0;0;0;0;1;0;1;0;0;0;0;0;0;0;1;7;2;0;4;1;3;0;1;0;0;0;0;0;adaptiveResidentStrategy;103;;51;82;3;0
114;38;2;2;0;0;1;0;0;1;0;0;0;0;1;0;1;0;0;0;0;0;0;0;1;7;2;0;3;3;1;1;1;0;0;0;0;0;eliteResidentProduction;103;;66;143;1;1
115;39;0;1;1;0;0;1;0;0;0;0;0;1;0;0;1;0;1;0;1;0;0;0;0;7;2;0;3;0;4;1;0;0;0;0;1;0;adaptiveResidentStrategy;105;;153;88;3;0
116;39;1;2;0;0;0;1;0;0;0;0;0;1;0;0;1;0;1;0;1;0;0;0;0;7;2;0;4;2;1;1;1;0;0;0;0;0;balanced;105;;46;164;1;1
117;39;2;3;0;0;0;1;0;0;0;0;0;1;0;0;1;0;1;0;1;0;0;0;0;7;2;0;4;2;1;0;1;0;0;1;0;0;eliteResidentProduction;105;;30;105;2;0
118;40;0;2;0;0;0;0;0;0;0;1;1;0;0;0;0;0;1;0;0;0;0;1;1;7;2;0;5;1;1;0;0;0;1;1;0;0;eliteResidentProduction;173;;64;97;2;0
119;40;1;3;0;0;0;0;0;0;0;1;1;0;0;0;0;0;1;0;0;0;0;1;1;7;2;0;5;1;1;1;1;0;0;0;0;0;adaptiveResidentStrategy;173;;29;91;3;0
120;40;2;1;1;0;0;0;0;0;0;1;1;0;0;0;0;0;1;0;0;0;0;1;1;7;2;0;4;1;1;1;1;0;1;0;0;0;eliteResidentProduction;173;;30;131;1;1
121;41;0;3;0;0;0;1;0;0;1;0;0;0;0;0;1;0;1;0;0;0;1;0;0;7;2;0;2;2;2;1;0;2;0;0;0;0;adaptiveResidentStrategy;205;;91;116;3;0
122;41;1;1;1;0;0;1;0;0;0;1;0;0;0;0;1;0;1;0;0;0;1;0;0;7;2;0;5;0;2;1;0;0;0;0;1;0;balanced;205;;127;140;2;0
123;41;2;2;0;0;0;1;0;0;0;1;0;0;0;0;1;0;1;0;0;0;1;0;0;7;2;0;2;1;4;0;0;0;1;1;0;0;eliteResidentProduction;205;;134;165;1;1
124;42;0;2;0;0;1;0;0;1;0;1;0;0;1;0;0;0;0;0;0;0;1;0;0;7;2;0;2;2;2;1;1;1;0;0;0;0;factoryVariety;135;;149;141;1;1
125;42;1;3;0;0;1;0;0;1;0;1;0;0;1;0;0;0;0;0;0;0;1;0;0;7;2;0;6;1;1;1;0;0;0;0;0;0;adaptiveResidentStrategy;135;;52;128;2;0
126;42;2;1;1;0;1;0;0;1;0;1;0;0;1;0;0;0;0;0;0;0;1;0;0;7;2;0;4;1;2;0;1;0;0;0;1;0;balanced;135;;132;110;3;0
127;43;0;3;0;0;0;0;0;1;0;0;0;0;1;0;1;0;1;0;0;0;0;1;0;7;2;0;4;1;0;2;1;1;0;0;0;0;eliteResidentProduction;73;;151;126;2;0
128;43;1;1;1;0;0;0;0;1;0;0;0;0;1;0;1;0;1;0;0;0;0;1;0;7;2;0;5;0;2;0;2;0;0;0;0;0;shipBuilding;73;;29;110;3;0
129;43;2;2;0;0;0;0;0;1;0;0;0;0;1;0;1;0;1;0;0;0;0;1;0;7;2;0;2;4;1;1;0;0;0;1;0;0;eliteResidentProduction;73;;140;128;1;1
130;44;0;2;0;0;0;0;0;0;0;0;1;0;1;0;0;0;1;0;1;0;0;1;0;7;2;0;2;3;2;1;0;0;1;0;0;0;factoryVariety;85;;42;110;3;0
131;44;1;3;0;0;0;0;0;0;0;0;1;0;1;0;0;0;1;0;1;0;0;1;0;7;2;0;5;1;1;0;1;0;1;0;0;0;adaptiveResidentStrategy;85;;127;150;2;0
132;44;2;1;1;0;0;0;0;0;0;0;1;0;1;0;0;0;1;0;1;0;0;1;0;7;2;0;1;1;2;3;1;0;0;0;1;0;explorationFocus;85;;129;162;1;1
133;45;0;2;0;0;1;1;0;0;0;0;0;0;1;0;0;0;0;0;0;0;1;1;0;7;2;0;3;0;2;2;0;0;0;2;0;0;eliteResidentProduction;64;;140;122;2;0
134;45;1;3;0;0;1;1;0;0;0;0;0;0;1;0;0;0;0;0;0;0;1;1;0;7;2;0;3;1;1;2;1;1;0;0;0;0;factoryVariety;64;;74;126;1;1
135;45;2;1;1;0;1;1;0;0;0;0;0;0;1;0;0;0;0;0;0;0;1;1;0;7;2;0;2;2;2;1;1;0;1;0;0;0;eliteResidentProduction;64;;142;110;3;0
136;46;0;1;1;1;0;1;0;0;0;0;0;0;0;0;0;0;1;0;1;0;0;0;1;7;2;0;2;2;2;1;1;1;0;0;0;0;adaptiveResidentStrategy;145;;50;146;1;1
137;46;1;2;0;1;0;1;0;0;0;0;0;0;0;0;0;0;1;0;1;0;0;0;1;7;2;0;6;1;0;0;0;0;1;0;1;0;adaptiveResidentStrategy;145;;52;138;3;0
138;46;2;3;0;1;0;1;0;0;0;0;0;0;0;0;0;0;1;0;1;0;0;0;1;7;2;0;4;1;2;0;0;0;2;0;0;0;adaptiveResidentStrategy;145;;75;145;2;0
139;47;0;3;0;0;0;0;0;1;0;0;1;1;1;0;0;0;1;0;0;0;0;0;0;7;2;0;4;1;3;1;0;0;0;0;0;0;shipBuilding;210;;34;121;1;1
140;47;1;1;1;0;0;0;0;1;0;0;1;1;1;0;0;0;1;0;0;0;0;0;0;7;2;0;4;2;1;1;1;0;0;0;0;0;explorationFocus;210;;84;85;3;0
141;47;2;2;0;0;0;0;0;1;0;0;1;1;1;0;0;0;1;0;0;0;0;0;0;7;2;0;3;2;1;2;1;0;0;0;0;0;explorationFocus;210;;135;94;2;0
142;48;0;2;0;1;0;1;0;0;0;0;1;1;0;0;0;0;1;0;0;0;0;0;0;7;2;0;5;2;0;1;1;0;0;0;0;0;explorationFocus;77;;56;126;1;1
143;48;1;3;0;1;0;0;0;0;1;0;1;1;0;0;0;0;1;0;0;0;0;0;0;7;2;0;1;4;0;2;1;0;1;0;0;0;factoryVariety;77;;126;96;3;0
144;48;2;1;1;1;0;1;0;0;0;0;1;1;0;0;0;0;1;0;0;0;0;0;0;7;2;0;4;0;3;0;1;0;0;0;1;0;explorationFocus;77;;107;126;1;1
145;49;0;2;0;1;1;0;0;0;0;0;0;1;1;0;0;0;0;0;0;0;0;0;1;7;2;0;3;2;1;1;0;1;0;1;0;0;eliteResidentProduction;113;;33;131;1;1
146;49;1;3;0;1;1;0;0;0;0;0;0;1;1;0;0;0;0;0;0;0;0;0;1;7;2;0;5;2;0;1;0;0;1;0;0;0;eliteResidentProduction;113;;109;102;3;0
147;49;2;1;1;1;1;0;0;0;0;0;0;1;1;0;0;0;0;0;0;0;0;0;1;7;2;0;2;4;2;0;1;0;0;0;0;0;shipBuilding;113;;39;113;2;0
148;50;0;2;0;1;1;1;0;1;0;0;0;1;0;0;0;0;0;0;0;0;0;0;0;7;2;0;4;3;1;0;0;0;1;0;0;0;factoryVariety;222;;102;112;2;0
149;50;1;3;0;1;1;1;0;1;0;0;0;1;0;0;0;0;0;0;0;0;0;0;0;7;2;0;2;0;6;0;1;0;0;0;0;0;balanced;222;;91;83;3;0
150;50;2;1;1;1;1;1;0;1;0;0;0;1;0;0;0;0;0;0;0;0;0;0;0;7;2;0;2;4;1;2;0;0;0;0;0;0;explorationFocus;222;;61;155;1;1
151;51;0;3;0;1;0;0;0;0;0;1;1;0;0;0;0;0;0;0;0;0;1;1;0;7;2;0;5;1;0;1;0;1;1;0;0;0;factoryVariety;164;;101;116;2;0
152;51;1;1;1;1;0;0;0;0;0;1;1;0;0;0;0;0;0;0;0;0;1;1;0;7;2;0;4;1;2;0;0;0;2;0;0;0;eliteResidentProduction;164;;70;112;3;0
153;51;2;2;0;1;0;0;0;0;0;1;1;0;0;0;0;0;0;0;0;0;1;1;0;7;2;0;0;1;4;3;1;0;0;0;0;0;factoryVariety;164;;42;122;1;1
154;52;0;3;0;0;1;0;0;0;0;1;0;0;1;0;0;0;0;0;0;0;0;1;1;7;2;0;3;1;2;2;0;1;0;0;0;0;eliteResidentProduction;173;;76;140;2;0
155;52;1;1;1;0;1;0;0;0;0;1;0;0;1;0;0;0;0;0;0;0;0;1;1;7;2;0;3;1;3;0;2;0;0;0;0;0;factoryVariety;173;;122;104;3;0
156;52;2;2;0;0;1;0;0;0;0;1;0;0;1;0;0;0;0;0;0;0;0;1;1;7;2;0;4;2;1;0;1;0;0;1;0;0;eliteResidentProduction;173;;134;149;1;1
157;53;0;1;1;0;0;1;0;0;0;0;0;0;1;0;1;0;0;0;1;0;1;0;0;7;2;0;4;1;0;2;0;0;1;1;0;0;eliteResidentProduction;55;;32;142;1;1
158;53;1;2;0;0;0;1;0;0;0;0;0;0;1;0;1;0;0;0;1;0;1;0;0;7;2;0;2;3;2;1;0;0;1;0;0;0;explorationFocus;55;;47;104;3;0
159;53;2;3;0;0;0;1;0;0;0;0;0;0;1;0;1;0;0;0;1;0;1;0;0;7;2;0;3;1;3;1;1;0;0;0;0;0;factoryVariety;55;;82;111;2;0
160;54;0;3;0;0;0;0;0;0;0;0;0;0;0;0;1;0;1;0;1;0;1;1;0;7;2;0;3;2;1;1;2;0;0;0;0;0;adaptiveResidentStrategy;300;aborted_300_rounds;57;118;1;1
161;54;1;1;1;0;0;0;0;0;0;0;0;0;0;0;1;0;1;0;1;0;1;1;0;7;2;0;5;0;0;2;0;0;0;1;1;0;adaptiveResidentStrategy;300;aborted_300_rounds;29;88;3;0
162;54;2;2;0;0;0;0;0;0;0;0;0;0;0;0;1;0;1;0;1;0;1;1;0;7;2;0;2;3;1;1;1;1;0;0;0;0;shipBuilding;300;aborted_300_rounds;87;100;2;0
163;55;0;1;1;1;0;1;0;1;0;0;0;0;0;0;0;0;1;0;0;0;0;0;1;7;2;0;3;1;1;2;1;0;0;1;0;0;explorationFocus;153;;119;92;3;0
164;55;1;2;0;1;0;1;0;1;0;0;0;0;0;0;0;0;1;0;0;0;0;0;1;7;2;0;4;1;1;1;1;0;0;1;0;0;eliteResidentProduction;153;;129;105;2;0
165;55;2;3;0;1;0;1;0;1;0;0;0;0;0;0;0;0;1;0;0;0;0;0;1;7;2;0;1;3;3;0;0;0;1;0;1;0;factoryVariety;153;;56;143;1;1
166;56;0;1;1;0;0;0;0;0;0;0;0;1;0;0;1;0;1;0;1;0;1;0;0;7;2;0;6;0;0;1;1;0;0;0;1;0;balanced;217;;41;138;1;1
167;56;1;2;0;0;0;0;0;0;0;0;0;1;0;0;1;0;1;0;1;0;1;0;0;7;2;0;3;2;3;0;0;0;0;1;0;0;factoryVariety;217;;113;96;2;0
168;56;2;3;0;0;0;0;0;0;0;0;0;1;0;0;1;0;1;0;1;0;1;0;0;7;2;0;1;3;3;1;0;0;1;0;0;0;eliteResidentProduction;217;;51;93;3;0
169;57;0;3;0;0;0;0;0;1;0;1;1;1;0;0;0;0;0;0;0;0;0;1;0;7;2;0;4;1;1;1;1;0;1;0;0;0;factoryVariety;245;;43;103;2;0
170;57;1;1;1;0;0;0;0;1;0;1;1;1;0;0;0;0;0;0;0;0;0;1;0;7;2;0;5;2;1;0;0;0;1;0;0;0;shipBuilding;245;;98;87;3;0
171;57;2;2;0;0;0;0;0;0;1;1;1;1;0;0;0;0;0;0;0;0;0;1;0;7;2;0;2;2;3;0;1;1;0;0;0;0;balanced;245;;93;124;1;1
172;58;0;2;0;0;0;1;0;1;0;0;0;0;0;0;0;0;1;0;0;0;1;0;1;7;2;0;3;2;2;0;0;0;1;1;0;0;adaptiveResidentStrategy;217;;145;112;2;0
173;58;1;3;0;0;0;1;0;1;0;0;0;0;0;0;0;0;1;0;0;0;1;0;1;7;2;0;5;1;1;0;0;0;2;0;0;0;adaptiveResidentStrategy;217;;73;90;3;0
174;58;2;1;1;0;0;1;0;1;0;0;0;0;0;0;0;0;1;0;0;0;1;0;1;7;2;0;5;1;1;1;1;0;0;0;0;0;adaptiveResidentStrategy;217;;143;159;1;1
175;59;0;1;1;1;0;0;0;1;0;0;0;0;0;0;0;0;0;0;0;0;1;1;1;7;2;0;2;3;1;2;0;0;0;1;0;0;adaptiveResidentStrategy;178;;65;146;2;0
176;59;1;2;0;1;0;0;0;1;0;0;0;0;0;0;0;0;0;0;0;0;1;1;1;7;2;0;3;4;1;0;0;0;0;1;0;0;factoryVariety;178;;122;163;1;1
177;59;2;3;0;1;0;0;0;1;0;0;0;0;0;0;0;0;0;0;0;0;1;1;1;7;2;0;4;1;1;1;0;2;0;0;0;0;factoryVariety;178;;50;113;3;0
178;60;0;2;0;1;0;0;0;1;0;0;1;0;0;0;1;0;1;0;0;0;0;0;0;7;2;0;3;2;3;0;1;0;0;0;0;0;explorationFocus;190;;56;130;3;0
179;60;1;3;0;1;0;0;0;1;0;0;1;0;0;0;1;0;1;0;0;0;0;0;0;7;2;0;3;2;2;1;0;0;1;0;0;0;shipBuilding;190;;126;165;1;1
180;60;2;1;1;1;0;0;0;1;0;0;1;0;0;0;1;0;1;0;0;0;0;0;0;7;2;0;4;2;0;2;0;1;0;0;0;0;shipBuilding;190;;102;154;2;0
181;61;0;3;0;0;0;0;0;1;0;0;0;1;1;0;1;0;1;0;0;0;0;0;0;7;2;0;2;3;2;1;1;0;0;0;0;0;factoryVariety;115;;138;85;3;0
182;61;1;1;1;0;0;0;0;1;0;0;0;1;1;0;1;0;1;0;0;0;0;0;0;7;2;0;2;1;3;1;1;0;1;0;0;0;shipBuilding;115;;141;111;2;0
183;61;2;2;0;0;0;0;0;1;0;0;0;1;1;0;1;0;1;0;0;0;0;0;0;7;2;0;3;3;2;0;0;1;0;0;0;0;explorationFocus;115;;74;129;1;1
184;62;0;1;1;1;1;1;0;0;0;0;0;0;0;0;1;0;1;0;0;0;0;0;0;7;2;0;4;0;3;1;1;0;0;0;0;0;adaptiveResidentStrategy;123;;70;164;1;1
185;62;1;2;0;1;1;1;0;0;0;0;0;0;0;0;1;0;1;0;0;0;0;0;0;7;2;0;5;0;1;1;2;0;0;0;0;0;balanced;123;;95;151;3;0
186;62;2;3;0;1;1;1;0;0;0;0;0;0;0;0;1;0;1;0;0;0;0;0;0;7;2;0;3;2;1;2;1;0;0;0;0;0;eliteResidentProduction;123;;109;162;2;0
187;63;0;1;1;0;0;1;0;0;0;0;0;0;1;0;1;0;0;0;0;0;1;0;1;7;2;0;3;2;2;0;0;0;1;0;1;0;adaptiveResidentStrategy;275;;108;93;2;0
188;63;1;2;0;0;0;1;0;0;0;0;0;0;1;0;1;0;0;0;0;0;1;0;1;7;2;0;3;1;2;2;0;0;0;0;1;0;eliteResidentProduction;275;;153;90;3;0
189;63;2;3;0;0;0;1;0;0;0;0;0;0;1;0;1;0;0;0;0;0;1;0;1;7;2;0;5;1;0;1;1;0;1;0;0;0;balanced;275;;80;144;1;1
190;64;0;3;0;0;0;0;0;0;0;0;1;0;1;0;1;0;1;0;0;0;0;1;0;7;2;0;4;2;1;0;1;0;1;0;0;0;factoryVariety;155;;77;144;2;0
191;64;1;1;1;0;0;0;0;0;0;0;1;0;1;0;1;0;1;0;0;0;0;1;0;7;2;0;2;3;0;2;0;0;2;0;0;0;shipBuilding;155;;87;135;3;0
192;64;2;2;0;0;0;0;0;0;0;0;1;0;1;0;1;0;1;0;0;0;0;1;0;7;2;0;3;0;3;1;1;0;1;0;0;0;adaptiveResidentStrategy;155;;54;150;1;1
193;65;0;3;0;1;1;1;0;0;0;1;0;0;0;0;0;0;0;0;0;0;0;0;1;7;2;0;5;1;2;0;0;0;0;1;0;0;balanced;300;aborted_300_rounds;133;127;2;0
194;65;1;1;1;1;1;1;0;0;0;1;0;0;0;0;0;0;0;0;0;0;0;0;1;7;2;0;3;2;2;1;1;0;0;0;0;0;adaptiveResidentStrategy;300;aborted_300_rounds;59;136;1;1
195;65;2;2;0;1;1;1;0;0;0;1;0;0;0;0;0;0;0;0;0;0;0;0;1;7;2;0;2;2;2;2;1;0;0;0;0;0;factoryVariety;300;aborted_300_rounds;43;105;3;0
196;66;0;1;1;1;0;1;0;0;0;0;1;0;1;0;0;0;0;0;0;0;0;0;1;7;2;0;3;2;1;1;1;0;0;1;0;0;balanced;210;;58;129;2;0
197;66;1;2;0;1;0;1;0;0;0;0;1;0;1;0;0;0;0;0;0;0;0;0;1;7;2;0;4;2;1;0;1;0;1;0;0;0;adaptiveResidentStrategy;210;;153;161;1;1
198;66;2;3;0;1;0;1;0;0;0;0;1;0;1;0;0;0;0;0;0;0;0;0;1;7;2;0;2;1;3;1;0;0;1;0;1;0;balanced;210;;147;94;3;0
199;67;0;1;1;1;1;0;0;0;0;0;0;0;0;0;1;0;0;0;1;0;0;0;1;7;2;0;4;2;1;0;0;0;1;1;0;0;eliteResidentProduction;115;;34;87;3;0
200;67;1;2;0;1;1;0;0;0;0;0;0;0;0;0;1;0;0;0;1;0;0;0;1;7;2;0;3;1;2;1;1;0;0;0;1;0;explorationFocus;115;;58;123;1;1
201;67;2;3;0;1;1;0;0;0;0;0;0;0;0;0;1;0;0;0;1;0;0;0;1;7;2;0;3;2;1;1;0;0;1;1;0;0;shipBuilding;115;;56;112;2;0
202;68;0;1;1;1;1;0;0;0;0;0;0;0;1;0;0;0;0;0;1;0;0;1;0;7;2;0;5;1;2;0;0;1;0;0;0;0;explorationFocus;114;;114;156;2;0
203;68;1;2;0;1;1;0;0;0;0;0;0;0;1;0;0;0;0;0;1;0;0;1;0;7;2;0;2;3;1;1;1;0;1;0;0;0;explorationFocus;114;;124;165;1;1
204;68;2;3;0;1;1;0;0;0;0;0;0;0;1;0;0;0;0;0;1;0;0;1;0;7;2;0;2;3;0;2;1;0;1;0;0;0;explorationFocus;114;;71;121;3;0
205;69;0;2;0;0;0;1;0;1;0;1;0;0;0;0;0;0;1;0;0;0;0;1;0;7;2;0;3;2;1;1;1;0;0;1;0;0;eliteResidentProduction;133;;36;121;1;1
206;69;1;3;0;0;0;1;0;1;0;1;0;0;0;0;0;0;1;0;0;0;0;1;0;7;2;0;3;1;0;3;0;0;2;0;0;0;balanced;133;;113;119;2;0
207;69;2;1;1;0;0;1;0;1;0;1;0;0;0;0;0;0;1;0;0;0;0;1;0;7;2;0;4;1;2;0;1;0;0;1;0;0;eliteResidentProduction;133;;93;86;3;0
208;70;0;3;0;0;0;0;0;0;0;0;1;0;1;0;1;0;0;0;0;0;0;1;1;7;2;0;5;0;3;0;0;0;1;0;0;0;factoryVariety;200;;139;142;2;0
209;70;1;1;1;0;0;0;0;0;0;0;1;0;1;0;1;0;0;0;0;0;0;1;1;7;2;0;2;1;3;1;1;0;0;1;0;0;adaptiveResidentStrategy;200;;142;137;3;0
210;70;2;2;0;0;0;0;0;0;0;0;1;0;1;0;1;0;0;0;0;0;0;1;1;7;2;0;4;2;1;0;0;1;0;1;0;0;balanced;200;;134;156;1;1
211;71;0;2;0;1;0;0;0;0;0;1;1;0;0;0;1;0;0;0;0;0;1;0;0;7;2;0;3;2;1;1;0;1;0;0;1;0;factoryVariety;125;;146;154;1;1
212;71;1;3;0;1;0;0;0;0;0;1;1;0;0;0;1;0;0;0;0;0;1;0;0;7;2;0;5;1;0;1;0;0;2;0;0;0;balanced;125;;107;84;3;0
213;71;2;1;1;1;0;0;0;0;0;1;1;0;0;0;1;0;0;0;0;0;1;0;0;7;2;0;2;2;2;2;1;0;0;0;0;0;balanced;125;;28;104;2;0
214;72;0;1;1;0;0;1;0;0;0;0;1;0;0;0;1;0;0;0;0;0;1;0;1;7;2;0;5;1;1;0;1;1;0;0;0;0;factoryVariety;90;;35;159;1;1
215;72;1;2;0;0;0;1;0;0;0;0;1;0;0;0;1;0;0;0;0;0;1;0;1;7;2;0;2;2;2;1;1;0;0;1;0;0;eliteResidentProduction;90;;124;97;3;0
216;72;2;3;0;0;0;1;0;0;0;0;1;0;0;0;1;0;0;0;0;0;1;0;1;7;2;0;4;2;1;1;0;0;0;1;0;0;balanced;90;;98;124;2;0
217;73;0;1;1;0;1;0;0;1;0;0;0;0;1;0;0;0;0;0;1;0;0;0;1;7;2;0;4;1;1;2;0;1;0;0;0;0;factoryVariety;103;;68;162;2;0
218;73;1;2;0;0;1;0;0;1;0;0;0;0;1;0;0;0;0;0;1;0;0;0;1;7;2;0;3;4;0;0;1;0;1;0;0;0;factoryVariety;103;;94;139;3;0
219;73;2;3;0;0;1;0;0;1;0;0;0;0;1;0;0;0;0;0;1;0;0;0;1;7;2;0;3;1;3;0;1;0;0;0;1;0;eliteResidentProduction;103;;144;164;1;1
220;74;0;3;0;0;0;0;0;1;0;0;0;1;1;0;0;0;1;0;1;0;0;0;0;7;2;0;4;1;1;1;2;0;0;0;0;0;balanced;105;;131;163;1;1
221;74;1;1;1;0;0;0;0;1;0;0;0;1;1;0;0;0;1;0;1;0;0;0;0;7;2;0;5;1;1;1;0;0;0;1;0;0;eliteResidentProduction;105;;32;128;3;0
222;74;2;2;0;0;0;0;0;1;0;0;0;1;1;0;0;0;1;0;1;0;0;0;0;7;2;0;2;3;2;0;1;1;0;0;0;0;eliteResidentProduction;105;;134;152;2;0
223;75;0;2;0;0;1;1;0;1;0;1;0;1;0;0;0;0;0;0;0;0;0;0;0;7;2;0;4;1;1;1;1;0;1;0;0;0;adaptiveResidentStrategy;173;;89;122;2;0
224;75;1;3;0;0;1;1;0;1;0;1;0;1;0;0;0;0;0;0;0;0;0;0;0;7;2;0;3;1;2;1;1;0;1;0;0;0;explorationFocus;173;;135;129;1;1
225;75;2;1;1;0;1;1;0;1;0;1;0;1;0;0;0;0;0;0;0;0;0;0;0;7;2;0;4;0;2;1;1;0;1;0;0;0;explorationFocus;173;;65;118;3;0
226;76;0;1;1;1;0;1;0;0;0;0;0;0;0;0;1;0;1;0;0;0;0;0;1;7;2;0;2;2;2;2;0;0;1;0;0;0;eliteResidentProduction;205;;130;145;2;0
227;76;1;2;0;1;0;1;0;0;0;0;0;0;0;0;1;0;1;0;0;0;0;0;1;7;2;0;1;2;4;1;0;0;0;1;0;0;factoryVariety;205;;88;155;1;1
228;76;2;3;0;1;0;1;0;0;0;0;0;0;0;0;1;0;1;0;0;0;0;0;1;7;2;0;4;2;1;0;1;1;0;0;0;0;balanced;205;;114;102;3;0
229;77;0;2;0;1;0;0;0;0;0;0;1;1;1;0;0;0;0;0;0;0;1;0;0;7;2;0;2;2;3;2;0;0;0;0;0;0;explorationFocus;135;;82;92;3;0
230;77;1;3;0;1;0;0;0;0;0;0;1;1;1;0;0;0;0;0;0;0;1;0;0;7;2;0;4;1;2;1;1;0;0;0;0;0;adaptiveResidentStrategy;135;;91;99;2;0
231;77;2;1;1;1;0;0;0;0;0;0;1;1;1;0;0;0;0;0;0;0;1;0;0;7;2;0;4;2;2;0;0;0;1;0;0;0;explorationFocus;135;;97;115;1;1
232;78;0;2;0;0;1;0;0;0;0;1;0;0;1;0;0;0;0;0;0;0;1;0;1;7;2;0;3;1;3;1;1;0;0;0;0;0;eliteResidentProduction;73;;71;110;3;0
233;78;1;3;0;0;1;0;0;0;0;1;0;0;1;0;0;0;0;0;0;0;1;0;1;7;2;0;2;1;2;2;2;0;0;0;0;0;balanced;73;;114;164;1;1
234;78;2;1;1;0;1;0;0;0;0;1;0;0;1;0;0;0;0;0;0;0;1;0;1;7;2;0;6;1;1;0;0;1;0;0;0;0;factoryVariety;73;;140;128;2;0
235;79;0;3;0;1;0;0;0;0;0;1;0;0;0;0;0;0;1;0;0;0;1;0;1;7;2;0;6;0;0;1;1;1;0;0;0;0;balanced;85;;148;155;2;0
236;79;1;1;1;1;0;0;0;0;0;1;0;0;0;0;0;0;1;0;0;0;1;0;1;7;2;0;5;1;2;0;0;0;0;1;0;0;balanced;85;;112;153;3;0
237;79;2;2;0;1;0;0;0;0;0;1;0;0;0;0;0;0;1;0;0;0;1;0;1;7;2;0;2;1;1;4;1;0;0;0;0;0;eliteResidentProduction;85;;98;163;1;1
238;80;0;1;1;0;0;0;0;0;0;0;1;0;0;0;1;0;1;0;0;0;1;1;0;7;2;0;4;1;1;1;0;0;0;2;0;0;factoryVariety;64;;84;104;3;0
239;80;1;2;0;0;0;0;0;0;0;0;1;0;0;0;1;0;1;0;0;0;1;1;0;7;2;0;4;2;1;1;0;0;1;0;0;0;balanced;64;;144;140;1;1
240;80;2;3;0;0;0;0;0;0;0;0;1;0;0;0;1;0;1;0;0;0;1;1;0;7;2;0;5;0;1;1;1;1;0;0;0;0;explorationFocus;64;;115;139;2;0
241;81;0;2;0;0;1;0;0;1;0;0;0;0;1;0;1;0;0;0;0;0;1;0;0;7;2;0;3;0;3;1;1;0;1;0;0;0;eliteResidentProduction;145;;88;164;1;1
242;81;1;3;0;0;1;0;0;1;0;0;0;0;1;0;1;0;0;0;0;0;1;0;0;7;2;0;3;1;1;2;1;0;1;0;0;0;adaptiveResidentStrategy;145;;72;95;3;0
243;81;2;1;1;0;1;0;0;1;0;0;0;0;1;0;1;0;0;0;0;0;1;0;0;7;2;0;5;1;0;1;2;0;0;0;0;0;shipBuilding;145;;53;145;2;0
244;82;0;2;0;1;0;0;0;0;0;1;0;0;0;0;1;0;0;0;1;0;1;0;0;7;2;0;3;1;3;1;0;0;1;0;0;0;shipBuilding;210;;119;149;1;1
245;82;1;3;0;1;0;0;0;0;0;1;0;0;0;0;1;0;0;0;1;0;1;0;0;7;2;0;4;4;0;0;1;0;0;0;0;0;shipBuilding;210;;145;115;3;0
246;82;2;1;1;1;0;0;0;0;0;1;0;0;0;0;1;0;0;0;1;0;1;0;0;7;2;0;4;1;1;1;0;0;1;0;1;0;adaptiveResidentStrategy;210;;63;119;2;0
247;83;0;2;0;0;1;0;0;0;0;0;0;1;1;0;0;0;0;0;0;0;1;0;1;7;2;0;0;3;4;0;1;0;1;0;0;0;explorationFocus;77;;28;125;2;0
248;83;1;3;0;0;1;0;0;0;0;0;0;1;1;0;0;0;0;0;0;0;1;0;1;7;2;0;4;1;2;1;1;0;0;0;0;0;explorationFocus;77;;105;111;3;0
249;83;2;1;1;0;1;0;0;0;0;0;0;1;1;0;0;0;0;0;0;0;1;0;1;7;2;0;4;1;0;2;1;1;0;0;0;0;explorationFocus;77;;109;154;1;1
250;84;0;2;0;0;0;1;0;1;0;0;0;0;1;0;0;0;1;0;0;0;1;0;0;7;2;0;5;0;1;1;1;0;1;0;0;0;shipBuilding;113;;38;131;1;1
251;84;1;3;0;0;0;1;0;1;0;0;0;0;1;0;0;0;1;0;0;0;1;0;0;7;2;0;3;5;0;1;0;0;0;0;0;0;factoryVariety;113;;141;128;2;0
252;84;2;1;1;0;0;1;0;1;0;0;0;0;1;0;0;0;1;0;0;0;1;0;0;7;2;0;1;3;1;3;0;0;0;1;0;0;shipBuilding;113;;106;85;3;0
253;85;0;1;1;1;1;0;0;0;0;0;0;1;0;0;0;0;0;0;1;0;0;0;1;7;2;0;4;2;2;0;0;0;0;1;0;0;explorationFocus;222;;35;96;3;0
254;85;1;2;0;1;1;0;0;0;0;0;0;1;0;0;0;0;0;0;1;0;0;0;1;7;2;0;5;1;1;1;0;0;1;0;0;0;eliteResidentProduction;222;;109;146;2;0
255;85;2;3;0;1;1;0;0;0;0;0;0;1;0;0;0;0;0;0;1;0;0;0;1;7;2;0;2;2;3;1;1;0;0;0;0;0;explorationFocus;222;;150;163;1;1
256;86;0;2;0;0;0;0;0;1;0;0;1;1;0;0;0;0;1;0;0;0;0;0;1;7;2;0;3;1;2;1;1;0;0;1;0;0;eliteResidentProduction;164;;83;111;2;0
257;86;1;3;0;0;0;0;0;1;0;0;1;1;0;0;0;0;1;0;0;0;0;0;1;7;2;0;3;2;1;1;1;0;0;1;0;0;adaptiveResidentStrategy;164;;72;87;3;0
258;86;2;1;1;0;0;0;0;1;0;0;1;1;0;0;0;0;1;0;0;0;0;0;1;7;2;0;4;1;1;2;0;0;1;0;0;0;balanced;164;;136;124;1;1
259;87;0;2;0;0;1;0;0;0;0;1;0;1;1;0;0;0;0;0;0;0;1;0;0;7;2;0;5;1;1;1;1;0;0;0;0;0;explorationFocus;173;;86;137;2;0
260;87;1;3;0;0;1;0;0;0;0;1;0;1;1;0;0;0;0;0;0;0;1;0;0;7;2;0;2;3;3;1;0;0;0;0;0;0;eliteResidentProduction;173;;122;129;3;0
261;87;2;1;1;0;1;0;0;0;0;1;0;1;1;0;0;0;0;0;0;0;1;0;0;7;2;0;1;3;2;1;0;1;1;0;0;0;eliteResidentProduction;173;;92;158;1;1
262;88;0;2;0;1;0;0;0;1;0;0;0;0;0;0;1;0;1;0;1;0;0;0;0;7;2;0;3;1;2;1;0;1;0;0;1;0;explorationFocus;55;;118;117;1;1
263;88;1;3;0;1;0;0;0;1;0;0;0;0;0;0;1;0;1;0;1;0;0;0;0;7;2;0;4;1;3;0;1;0;0;0;0;0;eliteResidentProduction;55;;33;111;2;0
264;88;2;1;1;1;0;0;0;1;0;0;0;0;0;0;1;0;1;0;1;0;0;0;0;7;2;0;5;1;1;0;0;0;0;2;0;0;factoryVariety;55;;32;103;3;0
265;89;0;3;0;0;1;1;0;1;0;1;0;1;0;0;0;0;0;0;0;0;0;0;0;7;2;0;4;1;1;1;0;0;0;2;0;0;explorationFocus;300;aborted_300_rounds;89;131;1;1
266;89;1;1;1;0;1;1;0;1;0;1;0;1;0;0;0;0;0;0;0;0;0;0;0;7;2;0;4;1;2;1;1;0;0;0;0;0;explorationFocus;300;aborted_300_rounds;46;87;3;0
267;89;2;2;0;0;1;1;0;1;0;1;0;1;0;0;0;0;0;0;0;0;0;0;0;7;2;0;3;2;2;1;0;0;1;0;0;0;explorationFocus;300;aborted_300_rounds;31;110;2;0
268;90;0;3;0;1;0;0;0;1;0;0;0;0;0;0;0;0;1;0;0;0;1;1;0;7;2;0;4;1;3;1;0;0;0;0;0;0;balanced;153;;28;129;1;1
269;90;1;1;1;1;0;0;0;1;0;0;0;0;0;0;0;0;1;0;0;0;1;1;0;7;2;0;4;2;1;0;0;1;1;0;0;0;explorationFocus;153;;142;128;2;0
270;90;2;2;0;1;0;0;0;1;0;0;0;0;0;0;0;0;1;0;0;0;1;1;0;7;2;0;3;0;2;3;0;0;1;0;0;0;shipBuilding;153;;133;100;3;0
271;91;0;2;0;1;0;0;0;0;0;1;0;1;1;0;0;0;0;0;0;0;0;1;0;7;2;0;5;0;1;1;1;0;1;0;0;0;factoryVariety;217;;78;147;1;1
272;91;1;3;0;1;0;0;0;0;0;1;0;1;1;0;0;0;0;0;0;0;0;1;0;7;2;0;4;3;0;1;1;0;0;0;0;0;eliteResidentProduction;217;;87;83;3;0
273;91;2;1;1;1;0;0;0;0;0;1;0;1;1;0;0;0;0;0;0;0;0;1;0;7;2;0;3;3;2;0;0;1;0;0;0;0;balanced;217;;48;99;2;0
274;92;0;1;1;0;0;1;0;0;0;0;1;0;1;0;1;0;0;0;0;0;0;1;0;7;2;0;5;1;1;1;1;0;0;0;0;0;eliteResidentProduction;245;;68;128;1;1
275;92;1;2;0;0;0;1;0;0;0;0;1;0;1;0;1;0;0;0;0;0;0;1;0;7;2;0;4;2;1;0;1;0;0;0;1;0;adaptiveResidentStrategy;245;;60;91;2;0
276;92;2;3;0;0;0;1;0;0;0;0;1;0;1;0;1;0;0;0;0;0;0;1;0;7;2;0;5;1;1;0;0;0;2;0;0;0;explorationFocus;245;;60;90;3;0
277;93;0;1;1;1;0;0;0;0;0;0;0;0;0;0;0;0;0;0;1;0;1;1;1;7;2;0;4;2;1;0;1;0;0;1;0;0;factoryVariety;217;;117;150;2;0
278;93;1;2;0;1;0;0;0;0;0;0;0;0;0;0;0;0;0;0;1;0;1;1;1;7;2;0;5;3;0;1;0;0;0;0;0;0;factoryVariety;217;;74;163;1;1
279;93;2;3;0;1;0;0;0;0;0;0;0;0;0;0;0;0;0;0;1;0;1;1;1;7;2;0;3;0;2;2;1;0;0;0;1;0;adaptiveResidentStrategy;217;;72;145;3;0
280;94;0;3;0;0;0;1;0;0;0;0;0;1;0;0;1;0;0;0;0;0;1;1;0;7;2;0;3;2;2;1;0;0;1;0;0;0;adaptiveResidentStrategy;178;;56;161;1;1
281;94;1;1;1;0;0;1;0;0;0;0;0;1;0;0;1;0;0;0;0;0;1;1;0;7;2;0;4;1;2;1;0;0;1;0;0;0;factoryVariety;178;;126;92;3;0
282;94;2;2;0;0;0;1;0;0;0;0;0;1;0;0;1;0;0;0;0;0;1;1;0;7;2;0;1;2;3;2;0;1;0;0;0;0;adaptiveResidentStrategy;178;;64;137;2;0
283;95;0;3;0;0;1;1;0;0;0;0;0;0;0;0;1;0;1;0;0;0;1;0;0;7;2;0;7;0;0;0;0;1;0;1;0;0;shipBuilding;190;;37;145;1;1
284;95;1;1;1;0;1;1;0;0;0;0;0;0;0;0;1;0;1;0;0;0;1;0;0;7;2;0;2;1;5;0;1;0;0;0;0;0;factoryVariety;190;;103;125;2;0
285;95;2;2;0;0;1;1;0;0;0;0;0;0;0;0;1;0;1;0;0;0;1;0;0;7;2;0;6;0;2;0;1;0;0;0;0;0;eliteResidentProduction;190;;56;85;3;0
286;96;0;3;0;1;0;0;0;0;0;0;0;1;0;0;0;0;0;0;1;0;0;1;1;7;2;0;5;1;1;0;1;0;0;0;1;0;factoryVariety;115;;48;94;3;0
287;96;1;1;1;1;0;0;0;0;0;0;0;1;0;0;0;0;0;0;1;0;0;1;1;7;2;0;2;2;2;1;1;0;1;0;0;0;adaptiveResidentStrategy;115;;62;119;2;0
288;96;2;2;0;1;0;0;0;0;0;0;0;1;0;0;0;0;0;0;1;0;0;1;1;7;2;0;4;2;3;0;0;0;0;0;0;0;factoryVariety;115;;37;120;1;1
289;97;0;3;0;1;0;1;0;0;0;0;1;0;0;0;0;0;1;0;0;0;0;1;0;7;2;0;3;3;0;1;1;0;1;0;0;0;balanced;123;;135;147;1;1
290;97;1;1;1;1;0;1;0;0;0;0;1;0;0;0;0;0;1;0;0;0;0;1;0;7;2;0;2;4;1;1;1;0;0;0;0;0;eliteResidentProduction;123;;46;121;3;0
291;97;2;2;0;1;0;1;0;0;0;0;1;0;0;0;0;0;1;0;0;0;0;1;0;7;2;0;5;0;2;1;0;0;1;0;0;0;factoryVariety;123;;85;136;2;0
292;98;0;2;0;0;0;0;0;0;0;0;1;0;1;0;1;0;1;0;1;0;0;0;0;7;2;0;3;2;2;2;0;0;0;0;0;0;eliteResidentProduction;275;;74;93;2;0
293;98;1;3;0;0;0;0;0;0;0;0;1;0;1;0;1;0;1;0;1;0;0;0;0;7;2;0;1;2;4;1;0;0;0;1;0;0;adaptiveResidentStrategy;275;;112;90;3;0
294;98;2;1;1;0;0;0;0;0;0;0;1;0;1;0;1;0;1;0;1;0;0;0;0;7;2;0;4;3;1;0;0;0;0;0;1;0;factoryVariety;275;;30;96;1;1
295;99;0;2;0;0;1;0;0;1;0;0;0;0;0;0;0;0;0;0;0;0;1;1;1;7;2;0;3;1;1;2;1;0;0;1;0;0;explorationFocus;300;aborted_300_rounds;47;160;1;1
296;99;1;3;0;0;1;0;0;1;0;0;0;0;0;0;0;0;0;0;0;0;1;1;1;7;2;0;5;1;0;1;1;0;1;0;0;0;adaptiveResidentStrategy;300;aborted_300_rounds;146;113;2;0
297;99;2;1;1;0;1;0;0;1;0;0;0;0;0;0;0;0;0;0;0;0;1;1;1;7;2;0;4;3;0;0;1;0;0;1;0;0;adaptiveResidentStrategy;300;aborted_300_rounds;90;100;3;0
298;100;0;3;0;1;0;0;0;0;0;1;1;0;0;0;0;0;0;0;0;0;1;1;0;7;2;0;2;2;2;2;0;0;0;1;0;0;explorationFocus;125;;111;98;2;0
299;100;1;1;1;1;0;0;0;0;0;1;1;0;0;0;0;0;0;0;0;0;1;1;0;7;2;0;4;1;1;1;1;0;0;0;1;0;eliteResidentProduction;125;;107;82;3;0
300;100;2;2;0;1;0;0;0;0;0;1;1;0;0;0;0;0;0;0;0;0;1;1;0;7;2;0;2;3;2;1;0;0;1;0;0;0;shipBuilding;125;;58;130;1;1
301;101;0;3;0;0;0;1;0;0;0;1;0;0;1;0;0;0;1;0;0;0;0;1;0;7;2;0;1;3;2;1;0;1;1;0;0;0;eliteResidentProduction;90;;68;140;2;0
302;101;1;1;1;0;0;1;0;0;0;1;0;0;1;0;0;0;1;0;0;0;0;1;0;7;2;0;6;2;0;0;0;0;0;1;0;0;adaptiveResidentStrategy;90;;93;152;1;1
303;101;2;2;0;0;0;1;0;0;0;1;0;0;1;0;0;0;1;0;0;0;0;1;0;7;2;0;4;0;3;1;0;0;0;0;1;0;eliteResidentProduction;90;;93;114;3;0
304;102;0;3;0;1;0;1;0;1;0;0;0;0;0;0;0;0;0;0;0;0;1;1;0;7;2;0;4;1;2;0;1;0;1;0;0;0;factoryVariety;103;;49;164;1;1
305;102;1;1;1;1;0;1;0;1;0;0;0;0;0;0;0;0;0;0;0;0;1;1;0;7;2;0;6;0;0;1;2;0;0;0;0;0;eliteResidentProduction;103;;71;146;3;0
306;102;2;2;0;1;0;1;0;1;0;0;0;0;0;0;0;0;0;0;0;0;1;1;0;7;2;0;3;1;2;1;0;0;2;0;0;0;shipBuilding;103;;69;155;2;0
307;103;0;2;0;1;0;0;0;1;0;0;0;1;0;0;0;0;0;0;1;0;1;0;0;7;2;0;4;1;1;1;0;0;2;0;0;0;balanced;105;;91;130;1;1
308;103;1;3;0;1;0;0;0;1;0;0;0;1;0;0;0;0;0;0;1;0;1;0;0;7;2;0;5;1;1;0;0;0;1;1;0;0;adaptiveResidentStrategy;105;;147;82;3;0
309;103;2;1;1;1;0;0;0;1;0;0;0;1;0;0;0;0;0;0;1;0;1;0;0;7;2;0;4;1;1;1;2;0;0;0;0;0;shipBuilding;105;;35;90;2;0
310;104;0;1;1;1;0;0;0;1;0;0;0;0;1;0;0;0;0;0;0;0;1;1;0;7;2;0;3;1;3;0;1;0;1;0;0;0;factoryVariety;173;;139;111;3;0
311;104;1;2;0;1;0;0;0;1;0;0;0;0;1;0;0;0;0;0;0;0;1;1;0;7;2;0;3;2;1;1;0;1;1;0;0;0;shipBuilding;173;;100;141;2;0
312;104;2;3;0;1;0;0;0;1;0;0;0;0;1;0;0;0;0;0;0;0;1;1;0;7;2;0;6;1;2;0;0;0;0;0;0;0;eliteResidentProduction;173;;68;146;1;1
313;105;0;3;0;0;0;1;0;0;0;0;0;1;0;0;1;0;0;0;1;0;0;1;0;7;2;0;1;2;1;3;0;1;1;0;0;0;balanced;205;;119;82;3;0
314;105;1;1;1;0;0;1;0;0;0;0;0;1;0;0;1;0;0;0;1;0;0;1;0;7;2;0;3;2;3;0;1;0;0;0;0;0;factoryVariety;205;;91;161;1;1
315;105;2;2;0;0;0;1;0;0;0;0;0;1;0;0;1;0;0;0;1;0;0;1;0;7;2;0;5;1;0;1;1;0;1;0;0;0;factoryVariety;205;;50;124;2;0
316;106;0;2;0;0;1;1;0;0;0;1;1;0;1;0;0;0;0;0;0;0;0;0;0;7;2;0;6;0;1;1;1;0;0;0;0;0;explorationFocus;135;;60;152;1;1
317;106;1;3;0;0;1;1;0;0;0;1;1;0;1;0;0;0;0;0;0;0;0;0;0;7;2;0;1;2;3;1;0;0;1;1;0;0;eliteResidentProduction;135;;47;107;3;0
318;106;2;1;1;0;1;1;0;0;0;1;1;0;1;0;0;0;0;0;0;0;0;0;0;7;2;0;5;2;1;0;0;1;0;0;0;0;eliteResidentProduction;135;;146;113;2;0
319;107;0;3;0;0;0;1;0;0;0;0;1;1;0;0;1;0;0;0;0;0;0;1;0;7;2;0;5;1;0;1;1;1;0;0;0;0;adaptiveResidentStrategy;73;;82;163;1;1
320;107;1;1;1;0;0;1;0;0;0;0;1;1;0;0;1;0;0;0;0;0;0;1;0;7;2;0;2;3;0;2;0;0;1;1;0;0;explorationFocus;73;;143;128;2;0
321;107;2;2;0;0;0;1;0;0;0;0;1;1;0;0;1;0;0;0;0;0;0;1;0;7;2;0;3;0;3;1;1;0;0;1;0;0;adaptiveResidentStrategy;73;;123;96;3;0
322;108;0;2;0;1;1;0;0;0;0;0;0;0;0;0;0;0;0;0;1;0;0;1;1;7;2;0;1;2;3;1;0;0;1;1;0;0;explorationFocus;85;;41;150;3;0
323;108;1;3;0;1;1;0;0;0;0;0;0;0;0;0;0;0;0;0;1;0;0;1;1;7;2;0;3;2;2;0;2;0;0;0;0;0;balanced;85;;149;162;1;1
324;108;2;1;1;1;1;0;0;0;0;0;0;0;0;0;0;0;0;0;1;0;0;1;1;7;2;0;6;0;0;1;1;0;1;0;0;0;balanced;85;;97;152;2;0
325;109;0;3;0;0;1;0;0;0;0;1;1;0;0;0;0;0;0;0;1;0;0;1;0;7;2;0;2;1;2;2;0;2;0;0;0;0;balanced;64;;150;113;2;0
326;109;1;1;1;0;1;0;0;0;0;1;1;0;0;0;0;0;0;0;1;0;0;1;0;7;2;0;4;2;3;0;0;0;0;0;0;0;balanced;64;;65;121;1;1
327;109;2;2;0;0;1;0;0;0;0;1;1;0;0;0;0;0;0;0;1;0;0;1;0;7;2;0;3;2;1;1;1;0;1;0;0;0;factoryVariety;64;;76;96;3;0
328;110;0;1;1;1;1;0;0;0;0;0;1;0;0;0;0;0;1;0;0;0;1;0;0;7;2;0;5;1;2;1;0;0;0;0;0;0;balanced;145;;99;86;3;0
329;110;1;2;0;1;1;0;0;0;0;0;1;0;0;0;0;0;1;0;0;0;1;0;0;7;2;0;3;0;2;2;2;0;0;0;0;0;eliteResidentProduction;145;;117;136;2;0
330;110;2;3;0;1;1;0;0;0;0;0;1;0;0;0;0;0;1;0;0;0;1;0;0;7;2;0;4;0;3;1;1;0;0;0;0;0;explorationFocus;145;;127;142;1;1
331;111;0;1;1;0;0;1;0;1;0;0;1;0;0;0;0;0;0;0;1;0;1;0;0;7;2;0;4;0;3;1;1;0;0;0;0;0;adaptiveResidentStrategy;210;;39;100;3;0
332;111;1;2;0;0;0;1;0;1;0;0;1;0;0;0;0;0;0;0;1;0;1;0;0;7;2;0;7;0;0;0;1;0;1;0;0;0;eliteResidentProduction;210;;32;110;2;0
333;111;2;3;0;0;0;1;0;1;0;0;1;0;0;0;0;0;0;0;1;0;1;0;0;7;2;0;3;2;1;1;1;0;1;0;0;0;explorationFocus;210;;88;116;1;1
334;112;0;1;1;1;0;0;0;0;0;0;0;1;1;0;0;0;1;0;0;0;0;1;0;7;2;0;5;1;2;0;0;0;0;0;1;0;adaptiveResidentStrategy;77;;95;158;1;1
335;112;1;2;0;1;0;0;0;0;0;0;0;1;1;0;0;0;1;0;0;0;0;1;0;7;2;0;4;2;2;0;1;0;0;0;0;0;explorationFocus;77;;131;132;2;0
336;112;2;3;0;1;0;0;0;0;0;0;0;1;1;0;0;0;1;0;0;0;0;1;0;7;2;0;3;2;1;1;0;1;0;0;1;0;adaptiveResidentStrategy;77;;129;95;3;0
337;113;0;2;0;1;0;0;0;0;0;0;1;0;1;0;1;0;1;0;0;0;0;0;0;7;2;0;4;3;0;1;0;1;0;0;0;0;eliteResidentProduction;113;;29;150;1;1
338;113;1;3;0;1;0;0;0;0;0;0;1;0;1;0;1;0;1;0;0;0;0;0;0;7;2;0;4;3;0;1;0;0;1;0;0;0;adaptiveResidentStrategy;113;;130;89;3;0
339;113;2;1;1;1;0;0;0;0;0;0;1;0;1;0;1;0;1;0;0;0;0;0;0;7;2;0;5;0;3;0;1;0;0;0;0;0;adaptiveResidentStrategy;113;;145;90;2;0
340;114;0;3;0;0;0;0;0;1;0;1;1;1;0;0;0;0;1;0;0;0;0;0;0;7;2;0;3;1;2;1;1;0;0;1;0;0;explorationFocus;222;;118;120;2;0
341;114;1;1;1;0;0;0;0;1;0;1;1;1;0;0;0;0;1;0;0;0;0;0;0;7;2;0;3;0;3;1;0;1;0;1;0;0;explorationFocus;222;;141;153;1;1
342;114;2;2;0;0;0;0;0;1;0;1;1;1;0;0;0;0;1;0;0;0;0;0;0;7;2;0;2;2;1;3;0;0;1;0;0;0;adaptiveResidentStrategy;222;;88;113;3;0
343;115;0;2;0;0;0;1;0;0;0;1;0;0;0;0;0;0;1;0;0;0;1;0;1;7;2;0;4;1;2;0;1;0;0;0;1;0;adaptiveResidentStrategy;164;;145;130;2;0
344;115;1;3;0;0;0;1;0;0;0;1;0;0;0;0;0;0;1;0;0;0;1;0;1;7;2;0;5;2;0;0;0;0;2;0;0;0;adaptiveResidentStrategy;164;;147;148;1;1
345;115;2;1;1;0;0;1;0;0;0;1;0;0;0;0;0;0;1;0;0;0;1;0;1;7;2;0;4;2;1;1;0;0;0;1;0;0;eliteResidentProduction;164;;150;92;3;0
346;116;0;2;0;1;0;1;0;0;0;1;0;0;0;0;0;0;1;0;0;0;1;0;0;7;2;0;5;0;1;1;0;0;2;0;0;0;balanced;173;;114;111;3;0
347;116;1;3;0;1;0;1;0;0;0;1;0;0;0;0;0;0;1;0;0;0;1;0;0;7;2;0;4;2;1;1;1;0;0;0;0;0;eliteResidentProduction;173;;77;129;2;0
348;116;2;1;1;1;0;1;0;0;0;1;0;0;0;0;0;0;1;0;0;0;1;0;0;7;2;0;3;2;2;0;1;0;0;0;1;0;explorationFocus;173;;143;157;1;1
349;117;0;1;1;0;0;0;0;1;0;0;0;0;0;0;1;0;1;0;1;0;1;0;0;7;2;0;2;2;3;0;0;1;1;0;0;0;adaptiveResidentStrategy;55;;150;129;1;1
350;117;1;2;0;0;0;0;0;1;0;0;0;0;0;0;1;0;1;0;1;0;1;0;0;7;2;0;3;0;2;2;2;0;0;0;0;0;adaptiveResidentStrategy;55;;126;100;2;0
351;117;2;3;0;0;0;0;0;1;0;0;0;0;0;0;1;0;1;0;1;0;1;0;0;7;2;0;3;0;3;1;2;0;0;0;0;0;shipBuilding;55;;50;91;3;0
352;118;0;3;0;0;1;0;0;0;0;1;0;0;1;0;0;0;1;0;1;0;0;0;0;7;2;0;2;1;4;0;0;1;1;0;0;0;explorationFocus;300;aborted_300_rounds;41;156;1;1
353;118;1;1;1;0;1;0;0;0;0;1;0;0;1;0;0;0;1;0;1;0;0;0;0;7;2;0;3;3;2;1;0;0;0;0;0;0;adaptiveResidentStrategy;300;aborted_300_rounds;61;107;3;0
354;118;2;2;0;0;1;0;0;0;0;1;0;0;1;0;0;0;1;0;1;0;0;0;0;7;2;0;4;0;1;2;1;0;1;0;0;0;factoryVariety;300;aborted_300_rounds;104;147;2;0
355;119;0;2;0;1;0;0;0;0;0;1;0;1;1;0;0;0;0;0;0;0;1;0;0;7;2;0;4;2;1;0;2;0;0;0;0;0;factoryVariety;153;;104;86;3;0
356;119;1;3;0;1;0;0;0;0;0;1;0;1;1;0;0;0;0;0;0;0;1;0;0;7;2;0;3;1;2;1;1;0;1;0;0;0;eliteResidentProduction;153;;44;151;2;0
357;119;2;1;1;1;0;0;0;0;0;1;0;1;1;0;0;0;0;0;0;0;1;0;0;7;2;0;5;1;0;1;0;1;0;1;0;0;factoryVariety;153;;75;153;1;1
358;120;0;3;0;1;1;0;0;0;0;0;0;1;0;0;1;0;0;0;0;0;1;0;0;7;2;0;4;1;2;0;0;0;2;0;0;0;factoryVariety;217;;98;86;3;0
359;120;1;1;1;1;1;0;0;0;0;0;0;1;0;0;1;0;0;0;0;0;1;0;0;7;2;0;2;2;3;1;0;0;1;0;0;0;adaptiveResidentStrategy;217;;60;110;1;1
360;120;2;2;0;1;1;0;0;0;0;0;0;1;0;0;1;0;0;0;0;0;1;0;0;7;2;0;5;2;1;0;1;0;0;0;0;0;eliteResidentProduction;217;;108;104;2;0
361;121;0;3;0;1;1;0;0;1;0;1;0;1;0;0;0;0;0;0;0;0;0;0;0;7;2;0;5;2;0;1;0;0;0;1;0;0;explorationFocus;245;;30;96;2;0
362;121;1;1;1;1;1;0;0;1;0;1;0;1;0;0;0;0;0;0;0;0;0;0;0;7;2;0;2;1;3;1;0;0;2;0;0;0;balanced;245;;108;94;3;0
363;121;2;2;0;1;1;0;0;1;0;1;0;1;0;0;0;0;0;0;0;0;0;0;0;7;2;0;4;0;3;1;0;0;1;0;0;0;factoryVariety;245;;142;156;1;1
364;122;0;1;1;1;0;1;0;1;0;0;0;0;0;0;1;0;0;0;0;0;0;0;1;7;2;0;4;1;1;1;1;1;0;0;0;0;explorationFocus;217;;71;105;2;0
365;122;1;2;0;1;0;1;0;1;0;0;0;0;0;0;1;0;0;0;0;0;0;0;1;7;2;0;3;1;3;0;0;1;1;0;0;0;eliteResidentProduction;217;;59;93;3;0
366;122;2;3;0;1;0;1;0;1;0;0;0;0;0;0;1;0;0;0;0;0;0;0;1;7;2;0;2;1;3;1;0;0;1;1;0;0;factoryVariety;217;;75;108;1;1
367;123;0;1;1;0;0;1;0;1;0;1;0;1;0;0;1;0;0;0;0;0;0;0;0;7;2;0;3;2;1;1;1;0;1;0;0;0;shipBuilding;178;;58;126;3;0
368;123;1;2;0;0;0;1;0;1;0;1;0;1;0;0;1;0;0;0;0;0;0;0;0;7;2;0;5;1;0;1;1;0;0;0;1;0;shipBuilding;178;;101;158;1;1
369;123;2;3;0;0;0;1;0;1;0;1;0;1;0;0;1;0;0;0;0;0;0;0;0;7;2;0;3;3;2;1;0;0;0;0;0;0;shipBuilding;178;;66;139;2;0
370;124;0;3;0;1;0;0;0;1;0;0;0;1;0;0;1;0;0;0;0;0;1;0;0;7;2;0;1;2;3;2;0;0;1;0;0;0;explorationFocus;190;;41;154;1;1
371;124;1;1;1;1;0;0;0;1;0;0;0;1;0;0;1;0;0;0;0;0;1;0;0;7;2;0;4;1;3;0;0;0;0;1;0;0;balanced;190;;29;88;3;0
372;124;2;2;0;1;0;0;0;1;0;0;0;1;0;0;1;0;0;0;0;0;1;0;0;7;2;0;5;0;2;0;1;0;0;0;1;0;shipBuilding;190;;79;114;2;0
373;125;0;1;1;0;0;0;0;1;0;1;0;0;0;0;0;0;1;0;0;0;1;1;0;7;2;0;1;3;2;1;1;0;1;0;0;0;balanced;115;;146;156;1;1
374;125;1;2;0;0;0;0;0;1;0;1;0;0;0;0;0;0;1;0;0;0;1;1;0;7;2;0;3;1;3;1;1;0;0;0;0;0;balanced;115;;134;87;3;0
375;125;2;3;0;0;0;0;0;1;0;1;0;0;0;0;0;0;1;0;0;0;1;1;0;7;2;0;5;2;0;0;1;1;0;0;0;0;adaptiveResidentStrategy;115;;50;116;2;0
376;126;0;1;1;0;0;0;0;1;0;1;0;0;0;0;1;0;0;0;1;0;0;1;0;7;2;0;4;1;3;0;0;0;1;0;0;0;adaptiveResidentStrategy;123;;106;137;1;1
377;126;1;2;0;0;0;0;0;1;0;1;0;0;0;0;1;0;0;0;1;0;0;1;0;7;2;0;4;1;1;1;1;0;1;0;0;0;eliteResidentProduction;123;;35;129;2;0
378;126;2;3;0;0;0;0;0;1;0;1;0;0;0;0;1;0;0;0;1;0;0;1;0;7;2;0;2;3;0;2;1;0;0;0;1;0;eliteResidentProduction;123;;48;94;3;0
379;127;0;1;1;1;1;0;0;0;0;0;0;0;0;0;1;0;0;0;0;0;1;1;0;7;2;0;3;1;1;2;1;0;1;0;0;0;shipBuilding;275;;127;132;1;1
380;127;1;2;0;1;1;0;0;0;0;0;0;0;0;0;1;0;0;0;0;0;1;1;0;7;2;0;5;1;1;1;0;0;0;1;0;0;shipBuilding;275;;56;105;3;0
381;127;2;3;0;1;1;0;0;0;0;0;0;0;0;0;1;0;0;0;0;0;1;1;0;7;2;0;2;1;3;1;1;1;0;0;0;0;explorationFocus;275;;126;118;2;0
382;128;0;3;0;0;1;1;0;1;0;0;0;0;0;0;0;0;0;0;0;0;1;1;0;7;2;0;3;2;3;0;0;1;0;0;0;0;eliteResidentProduction;155;;92;143;1;1
383;128;1;1;1;0;1;1;0;1;0;0;0;0;0;0;0;0;0;0;0;0;1;1;0;7;2;0;3;0;1;3;0;0;1;1;0;0;adaptiveResidentStrategy;155;;117;120;2;0
384;128;2;2;0;0;1;1;0;1;0;0;0;0;0;0;0;0;0;0;0;0;1;1;0;7;2;0;2;2;2;1;1;0;1;0;0;0;factoryVariety;155;;118;95;3;0
385;129;0;2;0;1;1;0;0;1;0;0;1;0;0;0;0;0;0;0;1;0;0;0;0;7;2;0;5;0;0;2;2;0;0;0;0;0;balanced;300;aborted_300_rounds;126;141;2;0
386;129;1;3;0;1;1;0;0;1;0;0;1;0;0;0;0;0;0;0;1;0;0;0;0;7;2;0;4;1;1;1;1;0;1;0;0;0;explorationFocus;300;aborted_300_rounds;113;147;1;1
387;129;2;1;1;1;1;0;0;1;0;0;1;0;0;0;0;0;0;0;1;0;0;0;0;7;2;0;2;2;2;2;0;0;1;0;0;0;balanced;300;aborted_300_rounds;66;135;3;0
388;130;0;2;0;0;0;0;0;0;0;1;0;1;0;0;1;0;0;0;1;0;1;0;0;7;2;0;3;1;0;3;1;1;0;0;0;0;eliteResidentProduction;210;;49;159;1;1
389;130;1;3;0;0;0;0;0;0;0;1;0;1;0;0;1;0;0;0;1;0;1;0;0;7;2;0;4;2;1;0;1;0;0;1;0;0;eliteResidentProduction;210;;134;116;3;0
390;130;2;1;1;0;0;0;0;0;0;1;0;1;0;0;1;0;0;0;1;0;1;0;0;7;2;0;2;1;2;2;2;0;0;0;0;0;shipBuilding;210;;30;138;2;0
391;131;0;1;1;0;0;0;0;1;0;1;1;0;0;0;0;0;1;0;0;0;1;0;0;7;2;0;1;5;2;0;1;0;0;0;0;0;shipBuilding;115;;28;92;2;0
392;131;1;2;0;0;0;0;0;1;0;1;1;0;0;0;0;0;1;0;0;0;1;0;0;7;2;0;4;1;1;1;1;0;0;1;0;0;explorationFocus;115;;58;86;3;0
393;131;2;3;0;0;0;0;0;1;0;1;1;0;0;0;0;0;1;0;0;0;1;0;0;7;2;0;4;1;1;1;1;0;0;1;0;0;balanced;115;;51;105;1;1
394;132;0;1;1;0;0;1;0;0;0;1;0;1;1;0;0;0;0;0;0;0;1;0;0;7;2;0;2;3;3;0;0;0;1;0;0;0;explorationFocus;114;;73;104;3;0
395;132;1;2;0;0;0;1;0;0;0;1;0;1;1;0;0;0;0;0;0;0;1;0;0;7;2;0;3;1;0;3;2;0;0;0;0;0;shipBuilding;114;;42;132;1;1
396;132;2;3;0;0;0;1;0;0;0;1;0;1;1;0;0;0;0;0;0;0;1;0;0;7;2;0;3;1;2;2;0;1;0;0;0;0;factoryVariety;114;;142;105;2;0
397;133;0;3;0;1;0;0;0;1;0;0;0;1;0;0;1;0;0;0;1;0;0;0;0;7;2;0;5;2;0;0;1;0;0;1;0;0;eliteResidentProduction;133;;101;143;1;1
398;133;1;1;1;1;0;0;0;1;0;0;0;1;0;0;1;0;0;0;1;0;0;0;0;7;2;0;5;2;0;0;0;0;1;0;1;0;explorationFocus;133;;147;122;2;0
399;133;2;2;0;1;0;0;0;1;0;0;0;1;0;0;1;0;0;0;1;0;0;0;0;7;2;0;2;0;2;3;1;0;0;1;0;0;eliteResidentProduction;133;;34;91;3;0
400;134;0;2;0;0;0;0;0;0;0;0;1;1;0;0;1;0;1;0;0;0;1;0;0;7;2;0;1;1;4;2;0;0;1;0;0;0;explorationFocus;200;;135;159;2;0
401;134;1;3;0;0;0;0;0;0;0;0;1;1;0;0;1;0;1;0;0;0;1;0;0;7;2;0;4;1;1;2;1;0;0;0;0;0;eliteResidentProduction;200;;79;162;1;1
402;134;2;1;1;0;0;0;0;0;0;0;1;1;0;0;1;0;1;0;0;0;1;0;0;7;2;0;4;0;3;0;1;0;0;0;1;0;shipBuilding;200;;76;153;3;0
403;135;0;3;0;0;0;1;0;1;0;1;0;1;0;0;0;0;0;0;1;0;0;0;0;7;2;0;3;1;2;1;1;0;1;0;0;0;balanced;125;;148;153;2;0
404;135;1;1;1;0;0;1;0;1;0;1;0;1;0;0;0;0;0;0;1;0;0;0;0;7;2;0;4;2;2;0;0;1;0;0;0;0;factoryVariety;125;;96;155;1;1
405;135;2;2;0;0;0;1;0;1;0;1;0;1;0;0;0;0;0;0;1;0;0;0;0;7;2;0;2;2;4;0;1;0;0;0;0;0;eliteResidentProduction;125;;85;116;3;0
406;136;0;2;0;0;1;0;0;1;0;1;1;0;0;0;1;0;0;0;0;0;0;0;0;7;2;0;2;2;2;1;2;0;0;0;0;0;adaptiveResidentStrategy;90;;103;150;1;1
407;136;1;3;0;0;1;0;0;1;0;1;1;0;0;0;1;0;0;0;0;0;0;0;0;7;2;0;5;0;1;1;1;0;1;0;0;0;balanced;90;;64;85;3;0
408;136;2;1;1;0;1;0;0;1;0;1;1;0;0;0;1;0;0;0;0;0;0;0;0;7;2;0;5;1;0;1;1;1;0;0;0;0;balanced;90;;37;88;2;0
409;137;0;1;1;0;0;0;0;1;0;0;0;1;0;0;0;0;1;0;1;0;1;0;0;7;2;0;4;0;2;1;0;0;1;1;0;0;explorationFocus;103;;124;114;3;0
410;137;1;2;0;0;0;0;0;1;0;0;0;1;0;0;0;0;1;0;1;0;1;0;0;7;2;0;4;1;1;1;2;0;0;0;0;0;balanced;103;;106;141;1;1
411;137;2;3;0;0;0;0;0;1;0;0;0;1;0;0;0;0;1;0;1;0;1;0;0;7;2;0;5;4;0;0;0;0;0;0;0;0;factoryVariety;103;;129;129;2;0
412;138;0;3;0;0;1;0;0;0;0;0;1;0;0;0;1;0;0;0;0;0;1;1;0;7;2;0;5;0;2;0;0;1;1;0;0;0;eliteResidentProduction;105;;61;133;1;1
413;138;1;1;1;0;1;0;0;0;0;0;1;0;0;0;1;0;0;0;0;0;1;1;0;7;2;0;4;2;0;1;0;0;2;0;0;0;shipBuilding;105;;111;83;3;0
414;138;2;2;0;0;1;0;0;0;0;0;1;0;0;0;1;0;0;0;0;0;1;1;0;7;2;0;3;3;2;0;0;1;0;0;0;0;eliteResidentProduction;105;;147;133;1;1
415;139;0;1;1;1;0;0;0;0;0;1;0;0;1;0;1;0;0;0;1;0;0;0;0;7;2;0;7;0;0;0;1;0;1;0;0;0;adaptiveResidentStrategy;173;;115;132;2;0
416;139;1;2;0;1;0;0;0;0;0;1;0;0;1;0;1;0;0;0;1;0;0;0;0;7;2;0;2;1;3;2;0;0;1;0;0;0;explorationFocus;173;;117;156;1;1
417;139;2;3;0;1;0;0;0;0;0;1;0;0;1;0;1;0;0;0;1;0;0;0;0;7;2;0;4;0;4;0;1;0;0;0;0;0;shipBuilding;173;;141;82;3;0
418;140;0;3;0;0;1;0;0;1;0;0;0;1;1;0;0;0;0;0;0;0;1;0;0;7;2;0;5;1;0;1;0;1;1;0;0;0;balanced;205;;48;92;2;0
419;140;1;1;1;0;1;0;0;1;0;0;0;1;1;0;0;0;0;0;0;0;1;0;0;7;2;0;4;2;1;1;1;0;0;0;0;0;balanced;205;;111;84;3;0
420;140;2;2;0;0;1;0;0;1;0;0;0;1;1;0;0;0;0;0;0;0;1;0;0;7;2;0;3;0;3;1;0;1;1;0;0;0;balanced;205;;138;106;1;1
421;141;0;1;1;0;0;1;0;1;0;1;0;0;0;0;0;0;0;0;1;0;0;1;0;7;2;0;5;1;0;1;0;0;2;0;0;0;shipBuilding;135;;137;104;2;0
422;141;1;2;0;0;0;1;0;1;0;1;0;0;0;0;0;0;0;0;1;0;0;1;0;7;2;0;2;1;3;1;0;1;0;0;1;0;factoryVariety;135;;60;101;3;0
423;141;2;3;0;0;0;1;0;1;0;1;0;0;0;0;0;0;0;0;1;0;0;1;0;7;2;0;3;3;1;0;0;1;1;0;0;0;factoryVariety;135;;76;149;1;1
424;142;0;3;0;0;0;0;0;0;0;0;0;1;0;0;1;0;1;0;1;0;1;0;0;7;2;0;2;1;3;1;2;0;0;0;0;0;explorationFocus;73;;147;126;2;0
425;142;1;1;1;0;0;0;0;0;0;0;0;1;0;0;1;0;1;0;1;0;1;0;0;7;2;0;3;1;1;2;0;0;1;1;0;0;explorationFocus;73;;147;105;3;0
426;142;2;2;0;0;0;0;0;0;0;0;0;1;0;0;1;0;1;0;1;0;1;0;0;7;2;0;5;2;0;0;1;0;0;1;0;0;eliteResidentProduction;73;;45;152;1;1
427;143;0;1;1;0;0;0;0;1;0;1;0;1;1;0;0;0;0;0;1;0;0;0;0;7;2;0;3;3;1;1;0;0;1;0;0;0;explorationFocus;85;;109;82;3;0
428;143;1;2;0;0;0;0;0;1;0;1;0;1;1;0;0;0;0;0;1;0;0;0;0;7;2;0;2;2;3;1;0;0;0;1;0;0;shipBuilding;85;;105;149;1;1
429;143;2;3;0;0;0;0;0;1;0;1;0;1;1;0;0;0;0;0;1;0;0;0;0;7;2;0;5;1;1;0;1;0;0;1;0;0;explorationFocus;85;;126;113;2;0
430;144;0;2;0;1;0;1;0;0;0;0;0;0;0;0;0;0;1;0;1;0;1;0;0;7;2;0;3;1;1;2;1;0;0;1;0;0;eliteResidentProduction;64;;70;145;2;0
431;144;1;3;0;1;0;1;0;0;0;0;0;0;0;0;0;0;1;0;1;0;1;0;0;7;2;0;6;0;1;0;1;1;0;0;0;0;explorationFocus;64;;103;141;3;0
432;144;2;1;1;1;0;1;0;0;0;0;0;0;0;0;0;0;1;0;1;0;1;0;0;7;2;0;1;3;4;0;1;0;0;0;0;0;shipBuilding;64;;151;157;1;1
433;145;0;3;0;1;0;1;0;0;0;1;0;0;0;0;1;0;0;0;0;0;0;1;0;7;2;0;5;2;0;0;0;1;1;0;0;0;explorationFocus;145;;154;121;1;1
434;145;1;1;1;1;0;1;0;0;0;1;0;0;0;0;1;0;0;0;0;0;0;1;0;7;2;0;5;1;1;0;2;0;0;0;0;0;shipBuilding;145;;84;119;2;0
435;145;2;2;0;1;0;1;0;0;0;1;0;0;0;0;1;0;0;0;0;0;0;1;0;7;2;0;4;1;2;0;0;1;1;0;0;0;explorationFocus;145;;126;108;3;0
436;146;0;3;0;0;1;1;0;0;0;1;0;0;0;0;0;0;0;0;1;0;1;0;0;7;2;0;4;1;2;0;0;0;2;0;0;0;shipBuilding;210;;129;125;2;0
437;146;1;1;1;0;1;1;0;0;0;1;0;0;0;0;0;0;0;0;1;0;1;0;0;7;2;0;3;2;2;1;0;1;0;0;0;0;explorationFocus;210;;108;154;1;1
438;146;2;2;0;0;1;1;0;0;0;1;0;0;0;0;0;0;0;0;1;0;1;0;0;7;2;0;3;1;4;0;0;0;0;1;0;0;balanced;210;;99;114;3;0
439;147;0;3;0;0;1;1;0;1;0;0;0;0;0;0;0;0;1;0;1;0;0;0;0;7;2;0;2;3;2;2;0;0;0;0;0;0;factoryVariety;77;;35;163;1;1
440;147;1;1;1;0;1;1;0;1;0;0;0;0;0;0;0;0;1;0;1;0;0;0;0;7;2;0;5;1;1;1;0;0;1;0;0;0;explorationFocus;77;;115;141;2;0
441;147;2;2;0;0;1;1;0;1;0;0;0;0;0;0;0;0;1;0;1;0;0;0;0;7;2;0;4;0;2;1;1;0;0;1;0;0;explorationFocus;77;;131;123;3;0
442;148;0;1;1;0;1;1;0;1;0;0;0;0;0;0;1;0;0;0;0;0;0;1;0;7;2;0;3;2;2;1;0;0;0;1;0;0;shipBuilding;113;;47;133;1;1
443;148;1;2;0;0;1;1;0;1;0;0;0;0;0;0;1;0;0;0;0;0;0;1;0;7;2;0;4;1;2;0;1;1;0;0;0;0;explorationFocus;113;;52;96;3;0
444;148;2;3;0;0;1;1;0;1;0;0;0;0;0;0;1;0;0;0;0;0;0;1;0;7;2;0;4;2;1;1;1;0;0;0;0;0;eliteResidentProduction;113;;89;115;2;0
445;149;0;1;1;0;1;0;0;1;0;0;0;0;0;0;0;0;1;0;0;0;1;1;0;7;2;0;2;3;2;1;0;0;1;0;0;0;adaptiveResidentStrategy;222;;67;85;3;0
446;149;1;2;0;0;1;0;0;1;0;0;0;0;0;0;0;0;1;0;0;0;1;1;0;7;2;0;3;2;1;2;0;1;0;0;0;0;balanced;222;;59;93;2;0
447;149;2;3;0;0;1;0;0;1;0;0;0;0;0;0;0;0;1;0;0;0;1;1;0;7;2;0;5;1;1;0;1;0;1;0;0;0;balanced;222;;104;101;1;1
448;150;0;3;0;0;0;0;0;1;0;1;0;1;0;0;0;0;0;0;0;0;1;0;1;7;2;0;2;2;2;1;0;0;2;0;0;0;balanced;164;;78;123;3;0
449;150;1;1;1;0;0;0;0;1;0;1;0;1;0;0;0;0;0;0;0;0;1;0;1;7;2;0;3;2;1;1;2;0;0;0;0;0;adaptiveResidentStrategy;164;;96;123;3;0
450;150;2;2;0;0;0;0;0;1;0;1;0;1;0;0;0;0;0;0;0;0;1;0;1;7;2;0;4;0;2;1;1;0;1;0;0;0;adaptiveResidentStrategy;164;;145;164;1;1
451;151;0;2;0;1;1;0;0;1;0;0;0;0;0;0;0;0;0;0;1;0;0;1;0;7;2;0;5;0;1;1;1;1;0;0;0;0;adaptiveResidentStrategy;173;;43;104;3;0
452;151;1;3;0;1;1;0;0;1;0;0;0;0;0;0;0;0;0;0;1;0;0;1;0;7;2;0;3;2;2;1;1;0;0;0;0;0;eliteResidentProduction;173;;121;123;2;0
453;151;2;1;1;1;1;0;0;1;0;0;0;0;0;0;0;0;0;0;1;0;0;1;0;7;2;0;2;0;3;2;1;0;0;1;0;0;explorationFocus;173;;69;146;1;1
454;152;0;2;0;1;0;0;0;1;0;0;1;0;0;0;0;0;0;0;1;0;0;1;0;7;2;0;3;2;1;2;0;1;0;0;0;0;adaptiveResidentStrategy;55;;131;151;1;1
455;152;1;3;0;1;0;0;0;1;0;0;1;0;0;0;0;0;0;0;1;0;0;1;0;7;2;0;4;1;1;1;0;0;1;1;0;0;adaptiveResidentStrategy;55;;30;82;3;0
456;152;2;1;1;1;0;0;0;1;0;0;1;0;0;0;0;0;0;0;1;0;0;1;0;7;2;0;2;2;3;0;1;0;0;0;1;0;eliteResidentProduction;55;;97;139;2;0
457;153;0;1;1;0;1;0;0;1;0;0;0;0;1;0;1;0;0;0;0;0;0;1;0;7;2;0;3;0;3;1;1;0;0;1;0;0;explorationFocus;300;aborted_300_rounds;123;139;2;0
458;153;1;2;0;0;1;0;0;1;0;0;0;0;1;0;1;0;0;0;0;0;0;1;0;7;2;0;4;1;3;0;0;0;1;0;0;0;shipBuilding;300;aborted_300_rounds;62;160;1;1
459;153;2;3;0;0;1;0;0;1;0;0;0;0;1;0;1;0;0;0;0;0;0;1;0;7;2;0;1;2;1;3;1;1;0;0;0;0;shipBuilding;300;aborted_300_rounds;81;128;3;0
460;154;0;3;0;1;0;0;0;0;0;0;0;0;0;0;0;0;0;0;1;0;1;1;1;7;2;0;4;1;0;2;0;0;1;0;1;0;factoryVariety;153;;137;125;2;0
461;154;1;1;1;1;0;0;0;0;0;0;0;0;0;0;0;0;0;0;1;0;1;1;1;7;2;0;4;0;3;1;0;0;0;1;0;0;adaptiveResidentStrategy;153;;73;133;1;1
462;154;2;2;0;1;0;0;0;0;0;0;0;0;0;0;0;0;0;0;1;0;1;1;1;7;2;0;5;1;0;1;2;0;0;0;0;0;factoryVariety;153;;129;103;3;0
463;155;0;1;1;1;0;1;0;0;0;1;0;1;0;0;0;0;0;0;1;0;0;0;0;7;2;0;3;2;1;2;0;0;1;0;0;0;explorationFocus;217;;149;94;2;0
464;155;1;2;0;1;0;1;0;0;0;1;0;1;0;0;0;0;0;0;1;0;0;0;0;7;2;0;4;1;2;0;2;0;0;0;0;0;factoryVariety;217;;61;93;3;0
465;155;2;3;0;1;0;1;0;0;0;1;0;1;0;0;0;0;0;0;1;0;0;0;0;7;2;0;3;1;1;2;1;0;1;0;0;0;balanced;217;;149;146;1;1
466;156;0;1;1;0;1;1;0;1;0;1;1;0;0;0;0;0;0;0;0;0;0;0;0;7;2;0;2;1;4;0;1;0;1;0;0;0;balanced;245;;152;143;1;1
467;156;1;2;0;0;1;1;0;1;0;1;1;0;0;0;0;0;0;0;0;0;0;0;0;7;2;0;4;0;0;3;1;0;0;0;1;0;explorationFocus;245;;136;142;2;0
468;156;2;3;0;0;1;1;0;1;0;1;1;0;0;0;0;0;0;0;0;0;0;0;0;7;2;0;4;4;1;0;0;0;0;0;0;0;balanced;245;;101;135;3;0
469;157;0;1;1;1;0;1;0;0;0;1;0;1;0;0;0;0;1;0;0;0;0;0;0;7;2;0;5;2;1;1;0;0;0;0;0;0;shipBuilding;217;;118;89;3;0
470;157;1;2;0;1;0;1;0;0;0;1;0;1;0;0;0;0;1;0;0;0;0;0;0;7;2;0;4;2;1;0;1;0;1;0;0;0;eliteResidentProduction;217;;57;130;2;0
471;157;2;3;0;1;0;1;0;0;0;1;0;1;0;0;0;0;1;0;0;0;0;0;0;7;2;0;2;3;1;1;0;1;0;0;1;0;eliteResidentProduction;217;;50;131;1;1
472;158;0;2;0;0;1;0;0;0;0;1;0;0;1;0;1;0;0;0;1;0;0;0;0;7;2;0;4;1;1;1;1;0;0;1;0;0;adaptiveResidentStrategy;178;;101;112;2;0
473;158;1;3;0;0;1;0;0;0;0;1;0;0;1;0;1;0;0;0;1;0;0;0;0;7;2;0;6;2;0;0;1;0;0;0;0;0;factoryVariety;178;;88;161;1;1
474;158;2;1;1;0;1;0;0;0;0;1;0;0;1;0;1;0;0;0;1;0;0;0;0;7;2;0;2;1;4;1;0;0;0;0;1;0;eliteResidentProduction;178;;140;84;3;0
475;159;0;3;0;0;1;0;0;0;0;0;1;0;0;0;1;0;0;0;0;0;1;1;0;7;2;0;4;1;2;1;1;0;0;0;0;0;eliteResidentProduction;190;;127;141;2;0
476;159;1;1;1;0;1;0;0;0;0;0;1;0;0;0;1;0;0;0;0;0;1;1;0;7;2;0;5;2;1;0;0;0;1;0;0;0;explorationFocus;190;;83;145;1;1
477;159;2;2;0;0;1;0;0;0;0;0;1;0;0;0;1;0;0;0;0;0;1;1;0;7;2;0;3;1;0;3;0;0;1;0;1;0;shipBuilding;190;;60;113;3;0
478;160;0;3;0;0;0;0;0;1;0;1;0;1;1;0;0;0;0;0;0;0;0;0;1;7;2;0;4;3;0;0;0;0;0;1;1;0;eliteResidentProduction;115;;67;147;1;1
479;160;1;1;1;0;0;0;0;1;0;1;0;1;1;0;0;0;0;0;0;0;0;0;1;7;2;0;4;1;1;1;0;0;1;0;1;0;factoryVariety;115;;151;138;2;0
480;160;2;2;0;0;0;0;0;1;0;1;0;1;1;0;0;0;0;0;0;0;0;0;1;7;2;0;3;1;2;1;1;0;1;0;0;0;eliteResidentProduction;115;;111;132;3;0
481;161;0;2;0;1;0;0;0;0;0;0;1;0;1;0;1;0;1;0;0;0;0;0;0;7;2;0;4;3;0;1;0;1;0;0;0;0;balanced;123;;46;92;3;0
482;161;1;3;0;1;0;0;0;0;0;0;1;0;1;0;1;0;1;0;0;0;0;0;0;7;2;0;4;0;4;0;0;1;0;0;0;0;adaptiveResidentStrategy;123;;150;96;2;0
483;161;2;1;1;1;0;0;0;0;0;0;1;0;1;0;1;0;1;0;0;0;0;0;0;7;2;0;4;1;2;0;2;0;0;0;0;0;balanced;123;;143;140;1;1
484;162;0;2;0;1;0;0;0;0;0;1;1;0;1;0;0;0;0;0;0;0;0;1;0;7;2;0;4;1;1;1;0;0;1;1;0;0;adaptiveResidentStrategy;275;;117;160;1;1
485;162;1;3;0;1;0;0;0;0;0;1;1;0;1;0;0;0;0;0;0;0;0;1;0;7;2;0;5;2;1;0;1;0;0;0;0;0;shipBuilding;275;;47;118;2;0
486;162;2;1;1;1;0;0;0;0;0;1;1;0;1;0;0;0;0;0;0;0;0;1;0;7;2;0;4;1;1;1;0;0;2;0;0;0;adaptiveResidentStrategy;275;;77;110;3;0
487;163;0;1;1;1;0;1;0;0;0;0;0;1;1;0;0;0;0;0;0;0;0;1;0;7;2;0;3;1;3;1;1;0;0;0;0;0;balanced;155;;96;151;1;1
488;163;1;2;0;1;0;1;0;0;0;0;0;1;1;0;0;0;0;0;0;0;0;1;0;7;2;0;3;3;1;1;1;0;0;0;0;0;eliteResidentProduction;155;;105;92;3;0
489;163;2;3;0;1;0;1;0;0;0;0;0;1;1;0;0;0;0;0;0;0;0;1;0;7;2;0;5;0;1;1;0;1;1;0;0;0;shipBuilding;155;;109;128;2;0
490;164;0;3;0;0;1;0;0;1;0;0;0;0;0;0;1;0;0;0;0;0;0;1;1;7;2;0;4;1;3;0;0;0;0;1;0;0;adaptiveResidentStrategy;300;aborted_300_rounds;57;92;3;0
491;164;1;1;1;0;1;0;0;1;0;0;0;0;0;0;1;0;0;0;0;0;0;1;1;7;2;0;5;0;1;1;1;0;0;1;0;0;eliteResidentProduction;300;aborted_300_rounds;118;96;2;0
492;164;2;2;0;0;1;0;0;1;0;0;0;0;0;0;1;0;0;0;0;0;0;1;1;7;2;0;3;1;0;3;1;0;1;0;0;0;eliteResidentProduction;300;aborted_300_rounds;96;99;1;1
493;165;0;3;0;0;1;1;0;0;0;0;0;1;1;0;0;0;0;0;1;0;0;0;0;7;2;0;3;0;3;1;0;1;1;0;0;0;factoryVariety;210;;44;126;2;0
494;165;1;1;1;0;1;1;0;0;0;0;0;1;1;0;0;0;0;0;1;0;0;0;0;7;2;0;6;1;1;0;1;0;0;0;0;0;factoryVariety;210;;59;139;1;1
495;165;2;2;0;0;1;1;0;0;0;0;0;1;1;0;0;0;0;0;1;0;0;0;0;7;2;0;2;2;4;1;0;0;0;0;0;0;eliteResidentProduction;210;;99;121;3;0
496;166;0;3;0;0;0;0;0;0;0;1;0;0;1;0;1;0;0;0;0;0;1;1;0;7;2;0;2;2;1;2;0;0;2;0;0;0;eliteResidentProduction;300;aborted_300_rounds;146;98;3;0
497;166;1;1;1;0;0;0;0;0;0;1;0;0;1;0;1;0;0;0;0;0;1;1;0;7;2;0;3;1;2;1;2;0;0;0;0;0;adaptiveResidentStrategy;300;aborted_300_rounds;144;133;1;1
498;166;2;2;0;0;0;0;0;0;0;1;0;0;1;0;1;0;0;0;0;0;1;1;0;7;2;0;2;1;2;3;1;0;0;0;0;0;balanced;300;aborted_300_rounds;55;118;2;0
499;167;0;3;0;0;0;0;0;1;0;0;0;1;1;0;1;0;0;0;1;0;0;0;0;7;2;0;3;3;1;1;0;0;0;1;0;0;balanced;125;;80;118;2;0
500;167;1;1;1;0;0;0;0;1;0;0;0;1;1;0;1;0;0;0;1;0;0;0;0;7;2;0;5;2;0;0;0;1;1;0;0;0;shipBuilding;125;;55;102;3;0
501;167;2;2;0;0;0;0;0;1;0;0;0;1;1;0;1;0;0;0;1;0;0;0;0;7;2;0;4;2;2;0;0;0;1;0;0;0;factoryVariety;125;;38;129;1;1
502;168;0;2;0;0;0;0;0;1;0;1;1;0;0;0;0;0;1;0;1;0;0;0;0;7;2;0;5;2;0;0;0;1;0;1;0;0;adaptiveResidentStrategy;90;;51;124;1;1
503;168;1;3;0;0;0;0;0;1;0;1;1;0;0;0;0;0;1;0;1;0;0;0;0;7;2;0;2;1;3;2;0;1;0;0;0;0;adaptiveResidentStrategy;90;;78;90;3;0
504;168;2;1;1;0;0;0;0;1;0;1;1;0;0;0;0;0;1;0;1;0;0;0;0;7;2;0;2;3;1;1;0;0;1;1;0;0;balanced;90;;45;95;2;0
505;169;0;1;1;0;1;1;0;0;0;0;0;0;1;0;0;0;1;0;1;0;0;0;0;7;2;0;3;1;2;1;0;1;0;0;1;0;explorationFocus;103;;75;116;3;0
506;169;1;2;0;0;1;1;0;0;0;0;0;0;1;0;0;0;1;0;1;0;0;0;0;7;2;0;5;1;1;1;1;0;0;0;0;0;adaptiveResidentStrategy;103;;152;143;1;1
507;169;2;3;0;0;1;1;0;0;0;0;0;0;1;0;0;0;1;0;1;0;0;0;0;7;2;0;4;1;0;2;0;0;1;0;1;0;explorationFocus;103;;64;139;2;0
508;170;0;1;1;1;0;0;0;0;0;0;1;1;1;0;0;0;1;0;0;0;0;0;0;7;2;0;3;3;1;1;0;0;1;0;0;0;balanced;105;;51;141;3;0
509;170;1;2;0;1;0;0;0;0;0;0;1;1;1;0;0;0;1;0;0;0;0;0;0;7;2;0;3;4;2;0;0;0;0;0;0;0;explorationFocus;105;;136;157;1;1
510;170;2;3;0;1;0;0;0;0;0;0;1;1;1;0;0;0;1;0;0;0;0;0;0;7;2;0;3;1;2;1;2;0;0;0;0;0;adaptiveResidentStrategy;105;;58;143;2;0
511;171;0;2;0;1;1;0;0;0;0;0;1;0;1;0;0;0;0;0;1;0;0;0;0;7;2;0;4;1;2;0;0;1;1;0;0;0;shipBuilding;173;;51;103;2;0
512;171;1;3;0;1;1;0;0;0;0;0;1;0;1;0;0;0;0;0;1;0;0;0;0;7;2;0;3;0;2;2;1;0;1;0;0;0;explorationFocus;173;;67;154;1;1
513;171;2;1;1;1;1;0;0;0;0;0;1;0;1;0;0;0;0;0;1;0;0;0;0;7;2;0;3;2;2;0;1;0;0;1;0;0;explorationFocus;173;;72;97;3;0
514;172;0;3;0;1;1;0;0;0;0;0;1;1;0;0;0;0;1;0;0;0;0;0;0;7;2;0;4;1;1;1;2;0;0;0;0;0;eliteResidentProduction;205;;31;142;1;1
515;172;1;1;1;1;1;0;0;0;0;0;1;1;0;0;0;0;1;0;0;0;0;0;0;7;2;0;3;1;2;2;1;0;0;0;0;0;balanced;205;;91;85;2;0
516;172;2;2;0;1;1;0;0;0;0;0;1;1;0;0;0;0;1;0;0;0;0;0;0;7;2;0;2;4;2;1;0;0;0;0;0;0;eliteResidentProduction;205;;107;82;3;0
517;173;0;3;0;1;0;0;0;0;0;0;0;0;1;0;1;0;0;0;0;0;0;1;1;7;2;0;4;1;2;1;0;0;0;0;1;0;factoryVariety;135;;125;138;2;0
518;173;1;1;1;1;0;0;0;0;0;0;0;0;1;0;1;0;0;0;0;0;0;1;1;7;2;0;3;4;0;0;1;0;0;1;0;0;eliteResidentProduction;135;;75;97;3;0
519;173;2;2;0;1;0;0;0;0;0;0;0;0;1;0;1;0;0;0;0;0;0;1;1;7;2;0;3;2;2;1;1;0;0;0;0;0;balanced;135;;147;139;1;1
520;174;0;1;1;0;0;0;0;0;0;0;1;1;1;0;1;0;1;0;0;0;0;0;0;7;2;0;2;5;0;1;1;0;0;0;0;0;eliteResidentProduction;73;;62;163;1;1
521;174;1;2;0;0;0;0;0;0;0;0;1;1;1;0;1;0;1;0;0;0;0;0;0;7;2;0;2;1;4;1;0;1;0;0;0;0;eliteResidentProduction;73;;131;128;3;0
522;174;2;3;0;0;0;0;0;0;0;0;1;1;1;0;1;0;1;0;0;0;0;0;0;7;2;0;5;1;2;0;0;0;1;0;0;0;adaptiveResidentStrategy;73;;39;139;2;0
523;175;0;2;0;1;0;1;0;0;0;0;0;0;0;0;0;0;0;0;1;0;1;1;0;7;2;0;4;1;2;2;0;0;0;0;0;0;explorationFocus;85;;144;144;1;1
524;175;1;3;0;1;0;1;0;0;0;0;0;0;0;0;0;0;0;0;1;0;1;1;0;7;2;0;3;2;2;0;2;0;0;0;0;0;adaptiveResidentStrategy;85;;128;141;2;0
525;175;2;1;1;1;0;1;0;0;0;0;0;0;0;0;0;0;0;0;1;0;1;1;0;7;2;0;3;1;2;1;1;0;1;0;0;0;adaptiveResidentStrategy;85;;125;116;3;0
526;176;0;2;0;1;0;0;0;0;0;0;0;0;0;0;1;0;0;0;1;0;0;1;1;7;2;0;3;2;1;1;0;0;1;1;0;0;eliteResidentProduction;64;;66;82;3;0
527;176;1;3;0;1;0;0;0;0;0;0;0;0;0;0;1;0;0;0;1;0;0;1;1;7;2;0;3;3;2;0;1;0;0;0;0;0;balanced;64;;64;89;2;0
528;176;2;1;1;1;0;0;0;0;0;0;0;0;0;0;1;0;0;0;1;0;0;1;1;7;2;0;3;1;2;1;0;0;1;0;1;0;balanced;64;;110;143;1;1
529;177;0;1;1;0;0;1;0;1;0;0;0;0;1;0;0;0;0;0;1;0;1;0;0;7;2;0;4;1;2;0;1;0;0;0;1;0;factoryVariety;145;;29;165;1;1
530;177;1;2;0;0;0;1;0;1;0;0;0;0;1;0;0;0;0;0;1;0;1;0;0;7;2;0;4;2;0;1;0;0;1;1;0;0;balanced;145;;86;131;2;0
531;177;2;3;0;0;0;1;0;1;0;0;0;0;1;0;0;0;0;0;1;0;1;0;0;7;2;0;2;1;2;2;1;0;0;1;0;0;adaptiveResidentStrategy;145;;31;110;3;0
532;178;0;1;1;0;1;0;0;0;0;0;1;1;0;0;0;0;0;0;0;0;0;1;1;7;2;0;4;2;0;1;0;1;1;0;0;0;explorationFocus;210;;135;127;2;0
533;178;1;2;0;0;1;0;0;0;0;0;1;1;0;0;0;0;0;0;0;0;0;1;1;7;2;0;5;0;1;1;0;0;2;0;0;0;adaptiveResidentStrategy;210;;86;151;1;1
534;178;2;3;0;0;1;0;0;0;0;0;1;1;0;0;0;0;0;0;0;0;0;1;1;7;2;0;1;1;4;1;1;0;0;0;1;0;factoryVariety;210;;127;106;3;0
535;179;0;3;0;1;0;0;0;0;0;0;1;0;0;0;0;0;1;0;0;0;0;1;1;7;2;0;3;1;1;2;0;0;1;0;1;0;factoryVariety;77;;121;157;1;1
536;179;1;1;1;1;0;0;0;0;0;0;1;0;0;0;0;0;1;0;0;0;0;1;1;7;2;0;2;2;2;2;1;0;0;0;0;0;factoryVariety;77;;39;127;3;0
537;179;2;2;0;1;0;0;0;0;0;0;1;0;0;0;0;0;1;0;0;0;0;1;1;7;2;0;4;3;1;0;1;0;0;0;0;0;factoryVariety;77;;79;127;3;0
538;180;0;1;1;0;0;0;0;0;0;0;0;1;1;0;1;0;0;0;1;0;0;0;1;7;2;0;4;1;2;0;2;0;0;0;0;0;balanced;113;;106;126;2;0
539;180;1;2;0;0;0;0;0;0;0;0;0;1;1;0;1;0;0;0;1;0;0;0;1;7;2;0;3;1;1;2;0;0;0;1;1;0;eliteResidentProduction;113;;140;105;3;0
540;180;2;3;0;0;0;0;0;0;0;0;0;1;1;0;1;0;0;0;1;0;0;0;1;7;2;0;3;2;2;1;1;0;0;0;0;0;balanced;113;;89;142;1;1
541;181;0;2;0;1;0;1;0;1;0;0;0;0;0;0;0;0;0;0;1;0;0;1;0;7;2;0;3;3;0;2;1;0;0;0;0;0;balanced;222;;154;108;2;0
542;181;1;3;0;1;0;1;0;1;0;0;0;0;0;0;0;0;0;0;1;0;0;1;0;7;2;0;5;1;1;0;1;0;0;1;0;0;explorationFocus;222;;130;156;1;1
543;181;2;1;1;1;0;1;0;1;0;0;0;0;0;0;0;0;0;0;1;0;0;1;0;7;2;0;4;1;2;0;1;0;1;0;0;0;explorationFocus;222;;36;96;3;0
544;182;0;1;1;0;1;0;0;1;0;0;1;0;0;0;0;0;0;0;0;0;1;0;1;7;2;0;4;1;2;1;0;0;0;0;1;0;factoryVariety;164;;61;89;3;0
545;182;1;2;0;0;1;0;0;1;0;0;1;0;0;0;0;0;0;0;0;0;1;0;1;7;2;0;3;1;1;2;1;0;0;0;1;0;explorationFocus;164;;88;132;1;1
546;182;2;3;0;0;1;0;0;1;0;0;1;0;0;0;0;0;0;0;0;0;1;0;1;7;2;0;4;2;1;0;1;0;1;0;0;0;factoryVariety;164;;67;132;1;1
547;183;0;2;0;0;0;0;0;1;0;1;1;1;1;0;0;0;0;0;0;0;0;0;0;7;2;0;5;0;2;0;1;0;0;0;1;0;adaptiveResidentStrategy;173;;134;86;3;0
548;183;1;3;0;0;0;0;0;1;0;1;1;1;1;0;0;0;0;0;0;0;0;0;0;7;2;0;4;2;2;0;0;0;0;0;1;0;shipBuilding;173;;32;106;2;0
549;183;2;1;1;0;0;0;0;1;0;1;1;1;1;0;0;0;0;0;0;0;0;0;0;7;2;0;3;2;1;1;0;0;2;0;0;0;factoryVariety;173;;111;162;1;1
550;184;0;1;1;0;0;1;0;0;0;0;1;0;0;0;0;0;1;0;0;0;1;1;0;7;2;0;2;2;2;2;1;0;0;0;0;0;adaptiveResidentStrategy;55;;102;142;1;1
551;184;1;2;0;0;0;1;0;0;0;0;1;0;0;0;0;0;1;0;0;0;1;1;0;7;2;0;4;3;0;1;0;0;1;0;0;0;factoryVariety;55;;59;110;3;0
552;184;2;3;0;0;0;1;0;0;0;0;1;0;0;0;0;0;1;0;0;0;1;1;0;7;2;0;5;2;0;0;0;0;1;1;0;0;factoryVariety;55;;127;141;2;0
553;185;0;1;1;0;1;0;0;1;0;0;0;1;0;0;0;0;0;0;0;0;1;1;0;7;2;0;4;1;0;2;0;1;0;1;0;0;adaptiveResidentStrategy;300;aborted_300_rounds;73;130;3;0
554;185;1;2;0;0;1;0;0;1;0;0;0;1;0;0;0;0;0;0;0;0;1;1;0;7;2;0;3;0;2;2;1;0;0;0;1;0;balanced;300;aborted_300_rounds;119;141;2;0
555;185;2;3;0;0;1;0;0;1;0;0;0;1;0;0;0;0;0;0;0;0;1;1;0;7;2;0;3;1;2;1;1;0;0;1;0;0;explorationFocus;300;aborted_300_rounds;42;143;1;1
556;186;0;1;1;1;1;0;0;0;0;0;0;0;0;0;0;0;0;0;1;0;1;1;0;7;2;0;4;0;3;0;1;0;1;0;0;0;balanced;153;;57;114;3;0
557;186;1;2;0;1;1;0;0;0;0;0;0;0;0;0;0;0;0;0;1;0;1;1;0;7;2;0;4;2;1;0;2;0;0;0;0;0;factoryVariety;153;;149;147;1;1
558;186;2;3;0;1;1;0;0;0;0;0;0;0;0;0;0;0;0;0;1;0;1;1;0;7;2;0;3;3;1;1;0;0;1;0;0;0;adaptiveResidentStrategy;153;;94;117;2;0
559;187;0;2;0;0;1;0;0;1;0;1;0;0;1;0;0;0;1;0;0;0;0;0;0;7;2;0;3;1;1;2;0;0;1;1;0;0;adaptiveResidentStrategy;217;;88;122;2;0
560;187;1;3;0;0;1;0;0;1;0;1;0;0;1;0;0;0;1;0;0;0;0;0;0;7;2;0;2;0;3;2;1;1;0;0;0;0;factoryVariety;217;;78;120;3;0
561;187;2;1;1;0;1;0;0;1;0;1;0;0;1;0;0;0;1;0;0;0;0;0;0;7;2;0;4;1;0;2;2;0;0;0;0;0;balanced;217;;83;158;1;1
562;188;0;3;0;0;0;0;0;0;0;1;1;1;0;0;0;0;0;0;1;0;0;0;1;7;2;0;4;1;0;2;0;0;0;1;1;0;balanced;245;;111;154;1;1
563;188;1;1;1;0;0;0;0;0;0;1;1;1;0;0;0;0;0;0;1;0;0;0;1;7;2;0;5;1;2;0;0;0;0;1;0;0;adaptiveResidentStrategy;245;;85;89;3;0
564;188;2;2;0;0;0;0;0;0;0;1;1;1;0;0;0;0;0;0;1;0;0;0;1;7;2;0;3;2;2;2;0;0;0;0;0;0;adaptiveResidentStrategy;245;;31;152;2;0
565;189;0;2;0;1;0;0;0;1;0;0;0;0;0;0;0;0;1;0;0;0;1;0;1;7;2;0;3;1;3;0;1;0;1;0;0;0;factoryVariety;217;;102;153;1;1
566;189;1;3;0;1;0;0;0;1;0;0;0;0;0;0;0;0;1;0;0;0;1;0;1;7;2;0;5;1;1;0;0;0;0;1;1;0;factoryVariety;217;;140;107;2;0
567;189;2;1;1;1;0;0;0;1;0;0;0;0;0;0;0;0;1;0;0;0;1;0;1;7;2;0;3;2;2;1;0;0;1;0;0;0;balanced;217;;117;84;3;0
568;190;0;3;0;1;1;1;0;0;0;0;1;0;0;0;0;0;0;0;0;0;1;0;0;7;2;0;4;2;2;0;0;0;1;0;0;0;adaptiveResidentStrategy;178;;29;142;2;0
569;190;1;1;1;1;1;1;0;0;0;0;1;0;0;0;0;0;0;0;0;0;1;0;0;7;2;0;3;2;2;0;2;0;0;0;0;0;adaptiveResidentStrategy;178;;81;165;1;1
570;190;2;2;0;1;1;1;0;0;0;0;1;0;0;0;0;0;0;0;0;0;1;0;0;7;2;0;4;2;0;1;1;1;0;0;0;0;balanced;178;;143;137;3;0
571;191;0;1;1;1;1;0;0;0;0;0;0;0;1;0;0;0;0;0;0;0;1;1;0;7;2;0;3;0;4;1;1;0;0;0;0;0;adaptiveResidentStrategy;190;;73;130;2;0
572;191;1;2;0;1;1;0;0;0;0;0;0;0;1;0;0;0;0;0;0;0;1;1;0;7;2;0;2;4;1;1;1;0;0;0;0;0;eliteResidentProduction;190;;124;119;3;0
573;191;2;3;0;1;1;0;0;0;0;0;0;0;1;0;0;0;0;0;0;0;1;1;0;7;2;0;5;2;1;0;1;0;0;0;0;0;factoryVariety;190;;68;145;1;1
574;192;0;3;0;1;0;0;0;0;0;0;0;0;0;0;1;0;1;0;1;0;1;0;0;7;2;0;1;3;1;2;1;0;1;0;0;0;balanced;115;;67;91;2;0
575;192;1;1;1;1;0;0;0;0;0;0;0;0;0;0;1;0;1;0;1;0;1;0;0;7;2;0;1;5;2;1;0;0;0;0;0;0;shipBuilding;115;;66;94;1;1
576;192;2;2;0;1;0;0;0;0;0;0;0;0;0;0;1;0;1;0;1;0;1;0;0;7;2;0;5;0;2;0;0;0;1;1;0;0;balanced;115;;46;87;3;0
577;193;0;3;0;1;1;0;0;0;0;0;1;1;0;0;0;0;0;0;0;0;0;0;1;7;2;0;3;2;2;0;1;0;1;0;0;0;factoryVariety;123;;90;126;3;0
578;193;1;1;1;1;1;0;0;0;0;0;1;1;0;0;0;0;0;0;0;0;0;0;1;7;2;0;3;2;2;0;1;1;0;0;0;0;eliteResidentProduction;123;;29;142;2;0
579;193;2;2;0;1;1;0;0;0;0;0;1;1;0;0;0;0;0;0;0;0;0;0;1;7;2;0;5;2;0;1;0;0;0;0;1;0;balanced;123;;104;148;1;1
580;194;0;1;1;0;1;1;0;0;0;0;0;0;1;0;0;0;0;0;1;0;0;0;1;7;2;0;5;3;0;1;0;0;0;0;0;0;eliteResidentProduction;275;;58;99;3;0
581;194;1;2;0;0;1;1;0;0;0;0;0;0;1;0;0;0;0;0;1;0;0;0;1;7;2;0;4;1;1;1;1;0;0;0;1;0;adaptiveResidentStrategy;275;;123;124;2;0
582;194;2;3;0;0;1;1;0;0;0;0;0;0;1;0;0;0;0;0;1;0;0;0;1;7;2;0;4;1;1;1;1;0;1;0;0;0;eliteResidentProduction;275;;62;165;1;1
583;195;0;2;0;1;0;0;0;0;0;1;0;1;1;0;0;0;1;0;0;0;0;0;0;7;2;0;4;1;1;1;0;0;1;0;1;0;balanced;155;;133;100;2;0
584;195;1;3;0;1;0;0;0;0;0;1;0;1;1;0;0;0;1;0;0;0;0;0;0;7;2;0;4;3;0;2;0;0;0;0;0;0;eliteResidentProduction;155;;109;87;3;0
585;195;2;1;1;1;0;0;0;0;0;1;0;1;1;0;0;0;1;0;0;0;0;0;0;7;2;0;4;1;2;0;0;0;2;0;0;0;explorationFocus;155;;110;164;1;1
586;196;0;1;1;1;1;0;0;0;0;0;0;1;1;0;0;0;0;0;0;0;1;0;0;7;2;0;4;1;2;0;0;0;2;0;0;0;balanced;300;aborted_300_rounds;91;146;1;1
587;196;1;2;0;1;1;0;0;0;0;0;0;1;1;0;0;0;0;0;0;0;1;0;0;7;2;0;3;3;2;0;0;0;0;1;0;0;shipBuilding;300;aborted_300_rounds;150;136;2;0
588;196;2;3;0;1;1;0;0;0;0;0;0;1;1;0;0;0;0;0;0;0;1;0;0;7;2;0;3;2;1;1;0;1;1;0;0;0;factoryVariety;300;aborted_300_rounds;81;118;3;0
589;197;0;2;0;0;1;0;0;0;0;0;1;0;1;0;1;0;0;0;0;0;1;0;0;7;2;0;4;2;0;1;0;0;1;1;0;0;adaptiveResidentStrategy;210;;82;92;3;0
590;197;1;3;0;0;1;0;0;0;0;0;1;0;1;0;1;0;0;0;0;0;1;0;0;7;2;0;3;2;2;0;0;0;1;0;1;0;adaptiveResidentStrategy;210;;96;124;2;0
591;197;2;1;1;0;1;0;0;0;0;0;1;0;1;0;1;0;0;0;0;0;1;0;0;7;2;0;3;1;2;1;2;0;0;0;0;0;factoryVariety;210;;131;149;1;1
592;198;0;2;0;0;1;1;0;1;0;1;0;0;0;0;1;0;0;0;0;0;0;0;0;7;2;0;4;3;0;0;1;0;0;0;1;0;factoryVariety;115;;99;146;1;1
593;198;1;3;0;0;1;1;0;1;0;1;0;0;0;0;1;0;0;0;0;0;0;0;0;7;2;0;2;1;3;2;0;1;0;0;0;0;eliteResidentProduction;115;;83;121;3;0
594;198;2;1;1;0;1;1;0;1;0;1;0;0;0;0;1;0;0;0;0;0;0;0;0;7;2;0;3;1;3;1;0;0;1;0;0;0;balanced;115;;139;142;2;0
595;199;0;3;0;0;0;1;0;1;0;0;1;1;0;0;0;0;0;0;0;0;1;0;0;7;2;0;3;3;2;0;0;0;1;0;0;0;adaptiveResidentStrategy;114;;139;153;2;0
596;199;1;1;1;0;0;1;0;1;0;0;1;1;0;0;0;0;0;0;0;0;1;0;0;7;2;0;3;2;2;0;1;0;0;0;1;0;shipBuilding;114;;143;98;3;0
597;199;2;2;0;0;0;1;0;1;0;0;1;1;0;0;0;0;0;0;0;0;1;0;0;7;2;0;2;1;3;1;1;0;1;0;0;0;shipBuilding;114;;123;155;1;1
598;200;0;3;0;1;0;1;0;1;0;0;0;1;0;0;0;0;0;0;1;0;0;0;0;7;2;0;6;1;1;0;0;0;1;0;0;0;balanced;133;;48;162;1;1
599;200;1;1;1;1;0;1;0;1;0;0;0;1;0;0;0;0;0;0;1;0;0;0;0;7;2;0;4;1;3;0;0;0;0;1;0;0;balanced;133;;104;159;2;0
600;200;2;2;0;1;0;1;0;1;0;0;0;1;0;0;0;0;0;0;1;0;0;0;0;7;2;0;3;1;1;2;1;0;1;0;0;0;explorationFocus;133;;60;153;3;0
601;201;0;1;1;1;0;1;0;0;0;0;0;0;0;0;1;0;1;0;0;0;1;0;0;7;2;0;3;1;2;1;1;0;0;1;0;0;eliteResidentProduction;200;;118;116;3;0
602;201;1;2;0;1;0;1;0;0;0;0;0;0;0;0;1;0;1;0;0;0;1;0;0;7;2;0;5;2;1;0;0;1;0;0;0;0;explorationFocus;200;;47;139;2;0
603;201;2;3;0;1;0;1;0;0;0;0;0;0;0;0;1;0;1;0;0;0;1;0;0;7;2;0;4;0;1;2;1;1;0;0;0;0;adaptiveResidentStrategy;200;;62;151;1;1
604;202;0;3;0;0;1;1;0;0;0;0;0;0;0;0;0;0;1;0;1;0;1;0;0;7;2;0;3;1;1;3;0;0;1;0;0;0;adaptiveResidentStrategy;125;;135;136;3;0
605;202;1;1;1;0;1;1;0;0;0;0;0;0;0;0;0;0;1;0;1;0;1;0;0;7;2;0;4;2;2;0;0;1;0;0;0;0;factoryVariety;125;;119;142;2;0
606;202;2;2;0;0;1;1;0;0;0;0;0;0;0;0;0;0;1;0;1;0;1;0;0;7;2;0;4;3;0;0;0;0;1;0;1;0;explorationFocus;125;;118;163;1;1
607;203;0;2;0;0;1;1;0;0;0;0;0;0;0;0;1;0;0;0;1;0;0;1;0;7;2;0;4;1;1;1;1;1;0;0;0;0;factoryVariety;90;;138;88;3;0
608;203;1;3;0;0;1;1;0;0;0;0;0;0;0;0;1;0;0;0;1;0;0;1;0;7;2;0;5;0;1;1;1;0;0;0;1;0;factoryVariety;90;;107;149;1;1
609;203;2;1;1;0;1;1;0;0;0;0;0;0;0;0;1;0;0;0;1;0;0;1;0;7;2;0;1;2;3;2;0;0;0;0;1;0;eliteResidentProduction;90;;93;96;2;0
610;204;0;2;0;0;0;0;0;1;0;0;1;0;1;0;0;0;0;0;1;0;0;1;0;7;2;0;2;1;3;2;1;0;0;0;0;0;adaptiveResidentStrategy;103;;137;144;1;1
611;204;1;3;0;0;0;0;0;1;0;0;1;0;1;0;0;0;0;0;1;0;0;1;0;7;2;0;2;2;1;2;1;0;1;0;0;0;explorationFocus;103;;78;82;3;0
612;204;2;1;1;0;0;0;0;1;0;0;1;0;1;0;0;0;0;0;1;0;0;1;0;7;2;0;6;1;1;0;0;0;0;1;0;0;explorationFocus;103;;113;107;2;0
613;205;0;1;1;1;0;0;0;0;0;1;1;0;0;0;1;0;0;0;0;0;0;1;0;7;2;0;4;1;2;0;0;0;1;1;0;0;balanced;105;;155;93;3;0
614;205;1;2;0;1;0;0;0;0;0;1;1;0;0;0;1;0;0;0;0;0;0;1;0;7;2;0;5;2;0;0;2;0;0;0;0;0;factoryVariety;105;;87;106;1;1
615;205;2;3;0;1;0;0;0;0;0;1;1;0;0;0;1;0;0;0;0;0;0;1;0;7;2;0;3;1;2;1;0;0;1;0;1;0;eliteResidentProduction;105;;152;102;2;0
616;206;0;1;1;0;0;1;0;1;0;1;1;0;0;0;0;0;0;0;0;0;0;0;1;7;2;0;5;1;0;1;1;0;1;0;0;0;adaptiveResidentStrategy;173;;39;158;1;1
617;206;1;2;0;0;0;1;0;1;0;1;1;0;0;0;0;0;0;0;0;0;0;0;1;7;2;0;4;1;2;0;1;0;1;0;0;0;eliteResidentProduction;173;;29;127;2;0
618;206;2;3;0;0;0;1;0;1;0;1;1;0;0;0;0;0;0;0;0;0;0;0;1;7;2;0;3;3;0;1;0;1;0;1;0;0;balanced;173;;144;117;3;0
619;207;0;2;0;0;0;1;0;1;0;0;1;0;1;0;0;0;0;0;1;0;0;0;0;7;2;0;5;1;1;0;0;0;1;0;1;0;balanced;205;;150;156;1;1
620;207;1;3;0;0;0;1;0;1;0;0;1;0;1;0;0;0;0;0;1;0;0;0;0;7;2;0;4;3;0;0;2;0;0;0;0;0;factoryVariety;205;;73;83;3;0
621;207;2;1;1;0;0;1;0;1;0;0;1;0;1;0;0;0;0;0;1;0;0;0;0;7;2;0;4;0;3;1;0;0;1;0;0;0;adaptiveResidentStrategy;205;;102;124;2;0
622;208;0;2;0;0;1;0;0;0;0;1;0;1;0;0;0;0;1;0;0;0;0;0;1;7;2;0;3;2;1;1;0;0;1;0;1;0;explorationFocus;135;;121;155;1;1
623;208;1;3;0;0;1;0;0;0;0;1;0;1;0;0;0;0;1;0;0;0;0;0;1;7;2;0;5;2;1;0;0;0;0;1;0;0;eliteResidentProduction;135;;113;98;3;0
624;208;2;1;1;0;1;0;0;0;0;1;0;1;0;0;0;0;1;0;0;0;0;0;1;7;2;0;4;1;3;0;1;0;0;0;0;0;eliteResidentProduction;135;;51;124;2;0
625;209;0;1;1;0;1;0;0;1;0;0;0;0;1;0;0;0;1;0;0;0;1;0;0;7;2;0;4;1;2;0;2;0;0;0;0;0;shipBuilding;73;;55;132;3;0
626;209;1;2;0;0;1;0;0;1;0;0;0;0;1;0;0;0;1;0;0;0;1;0;0;7;2;0;2;2;2;1;0;1;1;0;0;0;eliteResidentProduction;73;;123;137;2;0
627;209;2;3;0;0;1;0;0;1;0;0;0;0;1;0;0;0;1;0;0;0;1;0;0;7;2;0;5;1;1;0;0;0;0;1;1;0;adaptiveResidentStrategy;73;;54;160;1;1
628;210;0;2;0;1;0;0;0;1;0;0;0;1;1;0;0;0;0;0;1;0;0;0;0;7;2;0;3;1;2;1;0;0;2;0;0;0;balanced;300;aborted_300_rounds;29;160;1;1
629;210;1;3;0;1;0;0;0;1;0;0;0;1;1;0;0;0;0;0;1;0;0;0;0;7;2;0;5;3;0;0;0;1;0;0;0;0;eliteResidentProduction;300;aborted_300_rounds;46;157;2;0
630;210;2;1;1;1;0;0;0;1;0;0;0;1;1;0;0;0;0;0;1;0;0;0;0;7;2;0;4;1;2;1;1;0;0;0;0;0;balanced;300;aborted_300_rounds;64;126;3;0
631;211;0;1;1;1;0;0;0;1;0;1;0;1;0;0;1;0;0;0;0;0;0;0;0;7;2;0;4;0;2;1;1;0;1;0;0;0;eliteResidentProduction;125;;96;157;1;1
632;211;1;2;0;1;0;0;0;1;0;1;0;1;0;0;1;0;0;0;0;0;0;0;0;7;2;0;2;4;0;1;1;0;1;0;0;0;explorationFocus;125;;74;139;2;0
633;211;2;3;0;1;0;0;0;1;0;1;0;1;0;0;1;0;0;0;0;0;0;0;0;7;2;0;3;1;4;1;0;0;0;0;0;0;eliteResidentProduction;125;;64;135;3;0
634;212;0;3;0;1;0;0;0;0;0;0;1;0;0;0;1;0;1;0;0;0;0;1;0;7;2;0;2;1;4;1;1;0;0;0;0;0;explorationFocus;90;;155;141;1;1
635;212;1;1;1;1;0;0;0;0;0;0;1;0;0;0;1;0;1;0;0;0;0;1;0;7;2;0;4;1;1;1;1;0;1;0;0;0;adaptiveResidentStrategy;90;;69;104;3;0
636;212;2;2;0;1;0;0;0;0;0;0;1;0;0;0;1;0;1;0;0;0;0;1;0;7;2;0;1;2;3;1;1;0;0;1;0;0;balanced;90;;123;136;2;0
637;213;0;1;1;0;0;1;0;1;0;0;0;1;0;0;1;0;0;0;0;0;0;1;0;7;2;0;5;1;1;0;2;0;0;0;0;0;shipBuilding;103;;107;156;2;0
638;213;1;2;0;0;0;1;0;1;0;0;0;1;0;0;1;0;0;0;0;0;0;1;0;7;2;0;4;2;1;1;1;0;0;0;0;0;adaptiveResidentStrategy;103;;108;97;3;0
639;213;2;3;0;0;0;1;0;1;0;0;0;1;0;0;1;0;0;0;0;0;0;1;0;7;2;0;4;3;1;0;1;0;0;0;0;0;balanced;103;;72;158;1;1
640;214;0;3;0;0;1;1;0;1;0;1;0;0;0;0;0;0;1;0;0;0;0;0;0;7;2;0;5;1;1;0;0;0;1;1;0;0;adaptiveResidentStrategy;105;;92;132;1;1
641;214;1;1;1;0;1;1;0;1;0;1;0;0;0;0;0;0;1;0;0;0;0;0;0;7;2;0;3;4;1;0;0;0;1;0;0;0;adaptiveResidentStrategy;105;;38;93;3;0
642;214;2;2;0;0;1;1;0;1;0;1;0;0;0;0;0;0;1;0;0;0;0;0;0;7;2;0;5;1;1;1;1;0;0;0;0;0;shipBuilding;105;;78;112;2;0
643;215;0;3;0;1;1;0;0;0;0;0;1;1;1;0;0;0;0;0;0;0;0;0;0;7;2;0;2;1;2;2;0;0;0;2;0;0;explorationFocus;173;;144;111;2;0
644;215;1;1;1;1;1;0;0;0;0;0;1;1;1;0;0;0;0;0;0;0;0;0;0;7;2;0;4;3;0;0;0;0;1;0;1;0;adaptiveResidentStrategy;173;;57;149;1;1
645;215;2;2;0;1;1;0;0;0;0;0;1;1;1;0;0;0;0;0;0;0;0;0;0;7;2;0;4;2;1;0;1;0;1;0;0;0;eliteResidentProduction;173;;116;106;3;0
646;216;0;2;0;1;0;0;0;0;0;0;1;0;0;0;1;0;1;0;0;0;1;0;0;7;2;0;4;3;0;1;0;1;0;0;0;0;factoryVariety;205;;63;85;3;0
647;216;1;3;0;1;0;0;0;0;0;0;1;0;0;0;1;0;1;0;0;0;1;0;0;7;2;0;3;2;0;2;0;0;0;1;1;0;adaptiveResidentStrategy;205;;117;145;1;1
648;216;2;1;1;1;0;0;0;0;0;0;1;0;0;0;1;0;1;0;0;0;1;0;0;7;2;0;6;0;1;0;1;0;0;1;0;0;eliteResidentProduction;205;;117;121;2;0
649;217;0;3;0;1;0;0;0;0;0;0;1;0;1;0;0;0;0;0;1;0;1;0;0;7;2;0;5;1;2;0;1;0;0;0;0;0;shipBuilding;135;;42;93;2;0
650;217;1;1;1;1;0;0;0;0;0;0;1;0;1;0;0;0;0;0;1;0;1;0;0;7;2;0;5;2;1;0;0;0;0;1;0;0;shipBuilding;135;;87;82;3;0
651;217;2;2;0;1;0;0;0;0;0;0;1;0;1;0;0;0;0;0;1;0;1;0;0;7;2;0;3;2;3;1;0;0;0;0;0;0;factoryVariety;135;;74;123;1;1
652;218;0;2;0;1;0;1;0;1;0;0;0;0;0;0;0;0;0;0;1;0;0;1;0;7;2;0;6;0;1;0;0;1;0;0;1;0;explorationFocus;73;;66;145;1;1
653;218;1;3;0;1;0;1;0;1;0;0;0;0;0;0;0;0;0;0;1;0;0;1;0;7;2;0;3;1;3;1;0;0;0;1;0;0;balanced;73;;112;87;3;0
654;218;2;1;1;1;0;1;0;1;0;0;0;0;0;0;0;0;0;0;1;0;0;1;0;7;2;0;3;1;1;2;1;0;0;1;0;0;eliteResidentProduction;73;;53;102;2;0
655;219;0;1;1;1;1;0;0;1;0;1;0;0;0;0;0;0;0;0;0;0;0;1;0;7;2;0;6;1;1;0;0;0;0;0;1;0;explorationFocus;85;;147;124;2;0
656;219;1;2;0;1;1;0;0;1;0;1;0;0;0;0;0;0;0;0;0;0;0;1;0;7;2;0;4;2;2;0;1;0;0;0;0;0;eliteResidentProduction;85;;53;109;3;0
657;219;2;3;0;1;1;0;0;1;0;1;0;0;0;0;0;0;0;0;0;0;0;1;0;7;2;0;3;0;3;1;2;0;0;0;0;0;eliteResidentProduction;85;;77;155;1;1
658;220;0;1;1;1;0;1;0;0;0;0;0;0;0;0;0;0;1;0;0;0;1;1;0;7;2;0;3;2;2;1;0;1;0;0;0;0;adaptiveResidentStrategy;64;;70;143;2;0
659;220;1;2;0;1;0;1;0;0;0;0;0;0;0;0;0;0;1;0;0;0;1;1;0;7;2;0;5;1;2;0;1;0;0;0;0;0;adaptiveResidentStrategy;64;;124;144;1;1
660;220;2;3;0;1;0;1;0;0;0;0;0;0;0;0;0;0;1;0;0;0;1;1;0;7;2;0;2;3;1;2;0;0;1;0;0;0;factoryVariety;64;;153;132;3;0
661;221;0;1;1;0;0;0;0;1;0;1;1;1;0;0;0;0;0;0;0;0;1;0;0;7;2;0;3;5;1;0;0;0;0;0;0;0;eliteResidentProduction;145;;82;164;1;1
662;221;1;2;0;0;0;0;0;1;0;1;1;1;0;0;0;0;0;0;0;0;1;0;0;7;2;0;5;0;1;1;1;0;0;0;1;0;explorationFocus;145;;148;126;3;0
663;221;2;3;0;0;0;0;0;1;0;1;1;1;0;0;0;0;0;0;0;0;1;0;0;7;2;0;3;2;1;2;1;0;0;0;0;0;shipBuilding;145;;63;159;2;0
664;222;0;1;1;0;1;1;0;0;0;1;1;0;0;0;0;0;0;0;0;0;1;0;0;7;2;0;4;1;2;1;1;0;0;0;0;0;eliteResidentProduction;210;;62;99;2;0
665;222;1;2;0;0;1;1;0;0;0;1;1;0;0;0;0;0;0;0;0;0;1;0;0;7;2;0;4;1;2;2;0;0;0;0;0;0;explorationFocus;210;;112;87;3;0
666;222;2;3;0;0;1;1;0;0;0;1;1;0;0;0;0;0;0;0;0;0;1;0;0;7;2;0;5;2;0;1;1;0;0;0;0;0;explorationFocus;210;;122;123;1;1
667;223;0;2;0;0;1;0;0;0;0;1;0;1;0;0;0;0;0;0;1;0;0;1;0;7;2;0;4;1;1;1;2;0;0;0;0;0;adaptiveResidentStrategy;77;;85;121;2;0
668;223;1;3;0;0;1;0;0;0;0;1;0;1;0;0;0;0;0;0;1;0;0;1;0;7;2;0;3;3;2;0;0;0;0;1;0;0;balanced;77;;70;103;3;0
669;223;2;1;1;0;1;0;0;0;0;1;0;1;0;0;0;0;0;0;1;0;0;1;0;7;2;0;4;1;1;1;1;0;1;0;0;0;balanced;77;;99;157;1;1
670;224;0;2;0;1;1;0;0;0;0;1;0;0;0;0;0;0;1;0;1;0;0;0;0;7;2;0;5;0;1;1;1;0;1;0;0;0;explorationFocus;113;;42;115;2;0
671;224;1;3;0;1;1;0;0;0;0;1;0;0;0;0;0;0;1;0;1;0;0;0;0;7;2;0;4;1;2;0;0;0;0;1;1;0;explorationFocus;113;;40;103;3;0
672;224;2;1;1;1;1;0;0;0;0;1;0;0;0;0;0;0;1;0;1;0;0;0;0;7;2;0;3;0;3;2;0;1;0;0;0;0;explorationFocus;113;;111;138;1;1
673;225;0;3;0;1;0;0;0;0;0;0;0;0;1;0;1;0;0;0;0;0;0;1;1;7;2;0;3;1;3;0;0;1;0;1;0;0;adaptiveResidentStrategy;222;;104;131;1;1
674;225;1;1;1;1;0;0;0;0;0;0;0;0;1;0;1;0;0;0;0;0;0;1;1;7;2;0;3;1;3;1;1;0;0;0;0;0;eliteResidentProduction;222;;38;108;2;0
675;225;2;2;0;1;0;0;0;0;0;0;0;0;1;0;1;0;0;0;0;0;0;1;1;7;2;0;3;2;1;1;1;0;1;0;0;0;eliteResidentProduction;222;;84;82;3;0
676;226;0;2;0;0;1;0;0;1;0;1;0;0;0;0;0;0;1;0;0;0;0;1;0;7;2;0;3;3;3;0;0;0;0;0;0;0;eliteResidentProduction;164;;68;128;1;1
677;226;1;3;0;0;1;0;0;1;0;1;0;0;0;0;0;0;1;0;0;0;0;1;0;7;2;0;4;1;1;1;0;0;1;1;0;0;shipBuilding;164;;117;104;3;0
678;226;2;1;1;0;1;0;0;1;0;1;0;0;0;0;0;0;1;0;0;0;0;1;0;7;2;0;4;0;2;1;1;0;1;0;0;0;eliteResidentProduction;164;;115;127;2;0
679;227;0;2;0;1;1;0;0;0;0;0;1;0;0;0;1;0;0;0;1;0;0;0;0;7;2;0;5;3;0;0;0;0;1;0;0;0;eliteResidentProduction;173;;107;160;1;1
680;227;1;3;0;1;1;0;0;0;0;0;1;0;0;0;1;0;0;0;1;0;0;0;0;7;2;0;2;3;1;1;0;0;0;1;1;0;eliteResidentProduction;173;;112;84;3;0
681;227;2;1;1;1;1;0;0;0;0;0;1;0;0;0;1;0;0;0;1;0;0;0;0;7;2;0;5;0;2;0;1;0;0;0;1;0;eliteResidentProduction;173;;70;133;2;0
682;228;0;2;0;0;0;1;0;1;0;1;0;0;0;0;0;0;1;0;1;0;0;0;0;7;2;0;6;1;1;0;0;0;0;1;0;0;factoryVariety;55;;93;92;2;0
683;228;1;3;0;0;0;1;0;1;0;1;0;0;0;0;0;0;1;0;1;0;0;0;0;7;2;0;3;2;2;0;1;1;0;0;0;0;explorationFocus;55;;122;137;1;1
684;228;2;1;1;0;0;1;0;1;0;1;0;0;0;0;0;0;1;0;1;0;0;0;0;7;2;0;3;1;1;2;1;0;1;0;0;0;eliteResidentProduction;55;;63;88;3;0
685;229;0;2;0;0;0;1;0;0;0;0;0;1;1;0;0;0;0;0;0;0;1;0;1;7;2;0;4;1;2;0;1;1;0;0;0;0;eliteResidentProduction;300;aborted_300_rounds;85;153;2;0
686;229;1;3;0;0;0;1;0;0;0;0;0;1;1;0;0;0;0;0;0;0;1;0;1;7;2;0;3;0;1;3;1;0;1;0;0;0;factoryVariety;300;aborted_300_rounds;68;141;3;0
687;229;2;1;1;0;0;1;0;0;0;0;0;1;1;0;0;0;0;0;0;0;1;0;1;7;2;0;3;2;2;1;0;0;1;0;0;0;factoryVariety;300;aborted_300_rounds;131;154;1;1
688;230;0;1;1;0;0;0;0;1;0;1;1;0;0;0;1;0;0;0;0;0;1;0;0;7;2;0;3;4;0;2;0;0;0;0;0;0;eliteResidentProduction;153;;131;95;3;0
689;230;1;2;0;0;0;0;0;1;0;1;1;0;0;0;1;0;0;0;0;0;1;0;0;7;2;0;5;0;1;1;1;0;1;0;0;0;factoryVariety;153;;59;163;1;1
690;230;2;3;0;0;0;0;0;1;0;1;1;0;0;0;1;0;0;0;0;0;1;0;0;7;2;0;5;1;1;1;0;1;0;0;0;0;adaptiveResidentStrategy;153;;114;99;2;0
691;231;0;3;0;0;1;1;0;0;0;0;1;0;0;0;0;0;1;0;0;0;0;0;1;7;2;0;4;1;2;0;2;0;0;0;0;0;explorationFocus;217;;155;113;2;0
692;231;1;1;1;0;1;1;0;0;0;0;1;0;0;0;0;0;1;0;0;0;0;0;1;7;2;0;2;1;0;4;1;0;1;0;0;0;balanced;217;;34;139;1;1
693;231;2;2;0;0;1;1;0;0;0;0;1;0;0;0;0;0;1;0;0;0;0;0;1;7;2;0;3;0;3;1;0;0;2;0;0;0;explorationFocus;217;;87;104;3;0
694;232;0;1;1;0;1;0;0;0;0;0;0;1;1;0;0;0;1;0;0;0;1;0;0;7;2;0;4;3;1;0;0;1;0;0;0;0;shipBuilding;245;;144;153;1;1
695;232;1;2;0;0;1;0;0;0;0;0;0;1;1;0;0;0;1;0;0;0;1;0;0;7;2;0;4;1;2;1;0;1;0;0;0;0;factoryVariety;245;;120;102;2;0
696;232;2;3;0;0;1;0;0;0;0;0;0;1;1;0;0;0;1;0;0;0;1;0;0;7;2;0;5;1;0;1;0;0;1;1;0;0;explorationFocus;245;;81;96;3;0
697;233;0;1;1;0;0;1;0;0;0;0;1;0;0;0;0;0;1;0;1;0;0;1;0;7;2;0;3;0;3;1;1;0;0;1;0;0;shipBuilding;217;;129;119;1;1
698;233;1;2;0;0;0;1;0;0;0;0;1;0;0;0;0;0;1;0;1;0;0;1;0;7;2;0;5;1;1;0;2;0;0;0;0;0;balanced;217;;114;100;2;0
699;233;2;3;0;0;0;1;0;0;0;0;1;0;0;0;0;0;1;0;1;0;0;1;0;7;2;0;2;4;0;2;1;0;0;0;0;0;explorationFocus;217;;131;94;3;0
700;234;0;1;1;0;1;1;0;0;0;0;1;0;0;0;0;0;0;0;1;0;0;0;1;7;2;0;1;2;3;1;0;1;1;0;0;0;factoryVariety;178;;145;109;2;0
701;234;1;2;0;0;1;1;0;0;0;0;1;0;0;0;0;0;0;0;1;0;0;0;1;7;2;0;4;2;0;1;0;0;2;0;0;0;balanced;178;;30;83;3;0
702;234;2;3;0;0;1;1;0;0;0;0;1;0;0;0;0;0;0;0;1;0;0;0;1;7;2;0;3;1;3;0;0;0;0;2;0;0;balanced;178;;145;117;1;1
703;235;0;1;1;0;1;0;0;0;0;0;1;1;0;0;0;0;1;0;0;0;0;1;0;7;2;0;4;0;1;2;1;0;1;0;0;0;factoryVariety;190;;151;116;3;0
704;235;1;2;0;0;1;0;0;0;0;0;1;1;0;0;0;0;1;0;0;0;0;1;0;7;2;0;2;3;2;2;0;0;0;0;0;0;eliteResidentProduction;190;;58;132;1;1
705;235;2;3;0;0;1;0;0;0;0;0;1;1;0;0;0;0;1;0;0;0;0;1;0;7;2;0;5;1;1;0;1;1;0;0;0;0;shipBuilding;190;;103;120;2;0
706;236;0;2;0;0;1;1;0;1;0;0;0;0;0;0;0;0;0;0;0;0;1;0;1;7;2;0;6;2;0;0;0;0;1;0;0;0;factoryVariety;115;;155;92;3;0
707;236;1;3;0;0;1;1;0;1;0;0;0;0;0;0;0;0;0;0;0;0;1;0;1;7;2;0;3;0;2;2;0;0;0;1;1;0;adaptiveResidentStrategy;115;;110;115;1;1
708;236;2;1;1;0;1;1;0;1;0;0;0;0;0;0;0;0;0;0;0;0;1;0;1;7;2;0;3;1;2;1;0;1;0;0;1;0;eliteResidentProduction;115;;88;114;2;0
709;237;0;2;0;1;1;0;0;0;0;0;0;0;0;0;0;0;1;0;1;0;0;0;1;7;2;0;1;1;4;2;0;0;0;1;0;0;balanced;123;;38;149;2;0
710;237;1;3;0;1;1;0;0;0;0;0;0;0;0;0;0;0;1;0;1;0;0;0;1;7;2;0;2;3;1;1;1;0;1;0;0;0;balanced;123;;38;84;3;0
711;237;2;1;1;1;1;0;0;0;0;0;0;0;0;0;0;0;1;0;1;0;0;0;1;7;2;0;5;0;2;0;1;0;1;0;0;0;shipBuilding;123;;99;163;1;1
712;238;0;1;1;0;1;1;0;0;0;0;1;0;0;0;0;0;1;0;0;0;1;0;0;7;2;0;4;0;2;1;0;0;1;0;1;0;explorationFocus;275;;144;136;1;1
713;238;1;2;0;0;1;1;0;0;0;0;1;0;0;0;0;0;1;0;0;0;1;0;0;7;2;0;4;2;0;1;0;0;2;0;0;0;explorationFocus;275;;79;86;2;0
714;238;2;3;0;0;1;1;0;0;0;0;1;0;0;0;0;0;1;0;0;0;1;0;0;7;2;0;4;1;2;0;1;0;0;1;0;0;balanced;275;;142;83;3;0
715;239;0;2;0;0;0;0;0;0;0;0;0;0;1;0;1;0;1;0;1;0;1;0;0;7;2;0;2;2;3;0;0;0;0;1;1;0;adaptiveResidentStrategy;155;;78;117;3;0
716;239;1;3;0;0;0;0;0;0;0;0;0;0;1;0;1;0;1;0;1;0;1;0;0;7;2;0;3;0;1;3;1;0;1;0;0;0;factoryVariety;155;;27;138;2;0
717;239;2;1;1;0;0;0;0;0;0;0;0;0;1;0;1;0;1;0;1;0;1;0;0;7;2;0;5;1;2;0;0;1;0;0;0;0;eliteResidentProduction;155;;44;161;1;1
718;240;0;1;1;0;0;0;0;1;0;0;1;1;0;0;0;0;1;0;0;0;1;0;0;7;2;0;4;0;2;1;1;0;0;0;1;0;shipBuilding;300;aborted_300_rounds;52;149;1;1
719;240;1;2;0;0;0;0;0;1;0;0;1;1;0;0;0;0;1;0;0;0;1;0;0;7;2;0;3;3;1;0;1;0;0;0;1;0;factoryVariety;300;aborted_300_rounds;75;128;2;0
720;240;2;3;0;0;0;0;0;1;0;0;1;1;0;0;0;0;1;0;0;0;1;0;0;7;2;0;2;3;1;2;0;0;0;1;0;0;explorationFocus;300;aborted_300_rounds;155;93;3;0
721;241;0;3;0;1;0;0;0;1;0;0;0;0;1;0;1;0;1;0;0;0;0;0;0;7;2;0;3;3;1;0;1;0;0;1;0;0;explorationFocus;210;;103;100;2;0
722;241;1;1;1;1;0;0;0;1;0;0;0;0;1;0;1;0;1;0;0;0;0;0;0;7;2;0;4;2;0;1;0;0;1;1;0;0;balanced;210;;131;147;1;1
723;241;2;2;0;1;0;0;0;1;0;0;0;0;1;0;1;0;1;0;0;0;0;0;0;7;2;0;2;2;4;1;0;0;0;0;0;0;shipBuilding;210;;34;96;3;0
724;242;0;2;0;1;0;0;0;0;0;1;0;0;1;0;0;0;1;0;0;0;0;0;1;7;2;0;4;0;2;1;1;0;0;1;0;0;adaptiveResidentStrategy;115;;141;164;1;1
725;242;1;3;0;1;0;0;0;0;0;1;0;0;1;0;0;0;1;0;0;0;0;0;1;7;2;0;3;0;4;0;0;0;1;1;0;0;eliteResidentProduction;115;;48;94;3;0
726;242;2;1;1;1;0;0;0;0;0;1;0;0;1;0;0;0;1;0;0;0;0;0;1;7;2;0;5;2;2;0;0;0;0;0;0;0;adaptiveResidentStrategy;115;;118;109;2;0
727;243;0;2;0;1;1;1;0;0;0;1;0;0;0;0;0;0;0;0;0;0;0;1;0;7;2;0;5;1;1;0;1;0;1;0;0;0;factoryVariety;114;;56;99;3;0
728;243;1;3;0;1;1;1;0;0;0;1;0;0;0;0;0;0;0;0;0;0;0;1;0;7;2;0;5;1;0;1;1;0;1;0;0;0;eliteResidentProduction;114;;82;162;1;1
729;243;2;1;1;1;1;1;0;0;0;1;0;0;0;0;0;0;0;0;0;0;0;1;0;7;2;0;2;3;2;0;0;1;0;1;0;0;balanced;114;;71;113;2;0
730;244;0;2;0;1;0;1;0;1;0;0;0;1;0;0;0;0;0;0;0;0;1;0;0;7;2;0;4;2;1;1;1;0;0;0;0;0;balanced;133;;116;157;2;0
731;244;1;3;0;1;0;1;0;1;0;0;0;1;0;0;0;0;0;0;0;0;1;0;0;7;2;0;3;3;1;1;0;1;0;0;0;0;adaptiveResidentStrategy;133;;50;84;3;0
732;244;2;1;1;1;0;1;0;1;0;0;0;1;0;0;0;0;0;0;0;0;1;0;0;7;2;0;5;1;1;0;1;0;1;0;0;0;eliteResidentProduction;133;;109;163;1;1
733;245;0;1;1;1;0;1;0;0;0;1;0;1;1;0;0;0;0;0;0;0;0;0;0;7;2;0;5;1;3;0;0;0;0;0;0;0;shipBuilding;200;;113;150;2;0
734;245;1;2;0;1;0;1;0;0;0;1;0;1;1;0;0;0;0;0;0;0;0;0;0;7;2;0;5;0;2;0;0;0;1;1;0;0;balanced;200;;124;158;1;1
735;245;2;3;0;1;0;1;0;0;0;1;0;1;1;0;0;0;0;0;0;0;0;0;0;7;2;0;5;1;2;0;0;1;0;0;0;0;factoryVariety;200;;75;90;3;0
736;246;0;3;0;0;1;1;0;0;0;0;0;0;0;0;0;0;1;0;0;0;1;1;0;7;2;0;4;0;2;1;0;0;2;0;0;0;balanced;125;;70;126;3;0
737;246;1;1;1;0;1;1;0;0;0;0;0;0;0;0;0;0;1;0;0;0;1;1;0;7;2;0;1;1;3;2;1;1;0;0;0;0;eliteResidentProduction;125;;98;146;1;1
738;246;2;2;0;0;1;1;0;0;0;0;0;0;0;0;0;0;1;0;0;0;1;1;0;7;2;0;3;4;1;0;0;1;0;0;0;0;explorationFocus;125;;83;141;2;0
739;247;0;2;0;0;0;0;0;1;0;0;0;0;1;0;1;0;0;0;1;0;1;0;0;7;2;0;5;1;2;0;1;0;0;0;0;0;shipBuilding;90;;40;152;2;0
740;247;1;3;0;0;0;0;0;1;0;0;0;0;1;0;1;0;0;0;1;0;1;0;0;7;2;0;1;3;2;1;0;0;1;1;0;0;shipBuilding;90;;153;88;3;0
741;247;2;1;1;0;0;0;0;1;0;0;0;0;1;0;1;0;0;0;1;0;1;0;0;7;2;0;4;1;2;0;0;1;1;0;0;0;eliteResidentProduction;90;;115;159;1;1
742;248;0;2;0;0;0;1;0;1;0;0;0;0;1;0;0;0;1;0;1;0;0;0;0;7;2;0;2;2;3;1;0;1;0;0;0;0;shipBuilding;103;;141;149;1;1
743;248;1;3;0;0;0;1;0;1;0;0;0;0;1;0;0;0;1;0;1;0;0;0;0;7;2;0;3;3;2;0;1;0;0;0;0;0;adaptiveResidentStrategy;103;;139;148;3;0
744;248;2;1;1;0;0;1;0;1;0;0;0;0;1;0;0;0;1;0;1;0;0;0;0;7;2;0;4;1;1;1;1;0;0;1;0;0;balanced;103;;110;149;1;1
745;249;0;2;0;1;1;0;0;0;0;0;0;1;0;0;0;0;0;0;1;0;1;0;0;7;2;0;3;1;3;0;1;1;0;0;0;0;eliteResidentProduction;105;;68;117;2;0
746;249;1;3;0;1;1;0;0;0;0;0;0;1;0;0;0;0;0;0;1;0;1;0;0;7;2;0;4;0;1;2;1;0;1;0;0;0;factoryVariety;105;;69;119;1;1
747;249;2;1;1;1;1;0;0;0;0;0;0;1;0;0;0;0;0;0;1;0;1;0;0;7;2;0;2;2;2;1;1;0;0;0;1;0;balanced;105;;63;90;3;0
748;250;0;2;0;0;1;0;0;1;0;1;0;1;0;0;1;0;0;0;0;0;0;0;0;7;2;0;3;1;2;1;1;0;0;1;0;0;factoryVariety;173;;52;128;2;0
749;250;1;3;0;0;1;0;0;1;0;1;0;1;0;0;1;0;0;0;0;0;0;0;0;7;2;0;3;0;2;2;0;1;1;0;0;0;adaptiveResidentStrategy;173;;83;146;1;1
750;250;2;1;1;0;1;0;0;1;0;1;0;1;0;0;1;0;0;0;0;0;0;0;0;7;2;0;5;3;0;0;0;0;0;1;0;0;shipBuilding;173;;141;89;3;0
751;251;0;2;0;1;1;0;0;0;0;0;0;1;0;0;0;0;1;0;1;0;0;0;0;7;2;0;4;1;1;1;1;0;0;1;0;0;factoryVariety;205;;33;133;2;0
752;251;1;3;0;1;1;0;0;0;0;0;0;1;0;0;0;0;1;0;1;0;0;0;0;7;2;0;2;4;1;2;0;0;0;0;0;0;explorationFocus;205;;107;146;1;1
753;251;2;1;1;1;1;0;0;0;0;0;0;1;0;0;0;0;1;0;1;0;0;0;0;7;2;0;4;1;1;1;2;0;0;0;0;0;factoryVariety;205;;113;87;3;0
754;252;0;1;1;0;0;1;0;0;0;1;1;1;0;0;0;0;0;0;0;0;0;1;0;7;2;0;2;2;2;1;0;0;1;1;0;0;eliteResidentProduction;135;;29;96;3;0
755;252;1;2;0;0;0;1;0;0;0;1;1;1;0;0;0;0;0;0;0;0;0;1;0;7;2;0;6;0;0;1;2;0;0;0;0;0;adaptiveResidentStrategy;135;;148;163;1;1
756;252;2;3;0;0;0;1;0;0;0;1;1;1;0;0;0;0;0;0;0;0;0;1;0;7;2;0;3;2;3;0;0;0;0;1;0;0;eliteResidentProduction;135;;138;134;2;0
757;253;0;3;0;0;0;0;0;0;0;1;0;1;1;0;0;0;1;0;1;0;0;0;0;7;2;0;2;2;4;0;0;0;1;0;0;0;explorationFocus;73;;73;158;1;1
758;253;1;1;1;0;0;0;0;0;0;1;0;1;1;0;0;0;1;0;1;0;0;0;0;7;2;0;4;2;1;0;1;0;1;0;0;0;adaptiveResidentStrategy;73;;74;108;3;0
759;253;2;2;0;0;0;0;0;0;0;1;0;1;1;0;0;0;1;0;1;0;0;0;0;7;2;0;5;0;0;2;0;0;1;0;1;0;balanced;73;;149;142;2;0
760;254;0;2;0;1;1;1;0;0;0;0;0;0;0;0;0;0;1;0;1;0;0;0;0;7;2;0;3;1;2;1;0;1;0;0;1;0;factoryVariety;85;;35;93;3;0
761;254;1;3;0;1;1;1;0;0;0;0;0;0;0;0;0;0;1;0;1;0;0;0;0;7;2;0;3;1;3;1;0;0;1;0;0;0;eliteResidentProduction;85;;28;98;2;0
762;254;2;1;1;1;1;1;0;0;0;0;0;0;0;0;0;0;1;0;1;0;0;0;0;7;2;0;4;2;0;1;1;0;0;1;0;0;factoryVariety;85;;149;157;1;1
763;255;0;2;0;0;0;0;0;0;0;1;0;0;1;0;1;0;1;0;0;0;0;1;0;7;2;0;4;2;0;1;1;1;0;0;0;0;balanced;64;;66;100;3;0
764;255;1;3;0;0;0;0;0;0;0;1;0;0;1;0;1;0;1;0;0;0;0;1;0;7;2;0;4;3;0;0;1;1;0;0;0;0;eliteResidentProduction;64;;37;113;1;1
765;255;2;1;1;0;0;0;0;0;0;1;0;0;1;0;1;0;1;0;0;0;0;1;0;7;2;0;3;0;4;0;0;0;2;0;0;0;balanced;64;;33;105;2;0
766;256;0;2;0;0;1;0;0;1;0;1;0;0;0;0;1;0;0;0;0;0;1;0;0;7;2;0;3;3;2;1;0;0;0;0;0;0;explorationFocus;145;;115;82;3;0
767;256;1;3;0;0;1;0;0;1;0;1;0;0;0;0;1;0;0;0;0;0;1;0;0;7;2;0;2;2;3;0;1;1;0;0;0;0;factoryVariety;145;;136;152;1;1
768;256;2;1;1;0;1;0;0;1;0;1;0;0;0;0;1;0;0;0;0;0;1;0;0;7;2;0;3;0;3;1;1;0;1;0;0;0;adaptiveResidentStrategy;145;;115;107;2;0
769;257;0;1;1;1;0;0;0;0;0;1;0;0;1;0;0;0;1;0;0;0;1;0;0;7;2;0;5;0;2;0;2;0;0;0;0;0;explorationFocus;210;;52;117;2;0
770;257;1;2;0;1;0;0;0;0;0;1;0;0;1;0;0;0;1;0;0;0;1;0;0;7;2;0;4;1;1;1;0;0;1;0;1;0;factoryVariety;210;;100;154;1;1
771;257;2;3;0;1;0;0;0;0;0;1;0;0;1;0;0;0;1;0;0;0;1;0;0;7;2;0;4;0;2;2;0;0;0;0;1;0;balanced;210;;49;103;3;0
772;258;0;1;1;0;1;0;0;0;0;0;0;1;1;0;1;0;1;0;0;0;0;0;0;7;2;0;5;1;1;0;0;1;1;0;0;0;eliteResidentProduction;77;;112;153;1;1
773;258;1;2;0;0;1;0;0;0;0;0;0;1;1;0;1;0;1;0;0;0;0;0;0;7;2;0;3;2;1;1;1;0;1;0;0;0;eliteResidentProduction;77;;41;135;2;0
774;258;2;3;0;0;1;0;0;0;0;0;0;1;1;0;1;0;1;0;0;0;0;0;0;7;2;0;3;2;1;2;0;0;1;0;0;0;adaptiveResidentStrategy;77;;27;94;3;0
775;259;0;1;1;1;1;0;0;0;0;0;1;0;0;0;1;0;1;0;0;0;0;0;0;7;2;0;4;1;3;0;0;0;1;0;0;0;factoryVariety;113;;29;89;3;0
776;259;1;2;0;1;1;0;0;0;0;0;1;0;0;0;1;0;1;0;0;0;0;0;0;7;2;0;3;4;0;0;0;0;2;0;0;0;eliteResidentProduction;113;;108;93;2;0
777;259;2;3;0;1;1;0;0;0;0;0;1;0;0;0;1;0;1;0;0;0;0;0;0;7;2;0;3;1;2;2;0;1;0;0;0;0;balanced;113;;125;97;1;1
778;260;0;2;0;1;0;1;0;1;0;0;0;0;1;0;0;0;1;0;0;0;0;0;0;7;2;0;3;1;3;1;1;0;0;0;0;0;adaptiveResidentStrategy;222;;45;144;2;0
779;260;1;3;0;1;0;1;0;1;0;0;0;0;1;0;0;0;1;0;0;0;0;0;0;7;2;0;5;1;0;2;1;0;0;0;0;0;balanced;222;;121;150;1;1
780;260;2;1;1;1;0;1;0;1;0;0;0;0;1;0;0;0;1;0;0;0;0;0;0;7;2;0;1;3;2;1;1;0;0;1;0;0;adaptiveResidentStrategy;222;;101;120;3;0
781;261;0;3;0;1;1;0;0;0;0;1;0;0;0;0;1;0;0;0;1;0;0;0;0;7;2;0;4;1;1;2;0;0;1;0;0;0;factoryVariety;164;;47;159;1;1
782;261;1;1;1;1;1;0;0;0;0;1;0;0;0;0;1;0;0;0;1;0;0;0;0;7;2;0;4;3;0;1;0;0;1;0;0;0;factoryVariety;164;;125;105;3;0
783;261;2;2;0;1;1;0;0;0;0;1;0;0;0;0;1;0;0;0;1;0;0;0;0;7;2;0;3;1;3;0;2;0;0;0;0;0;explorationFocus;164;;55;147;2;0
784;262;0;2;0;0;0;1;0;1;0;0;1;0;0;0;0;0;0;0;0;0;1;1;0;7;2;0;0;3;1;3;1;0;1;0;0;0;shipBuilding;173;;54;138;3;0
785;262;1;3;0;0;0;1;0;1;0;0;1;0;0;0;0;0;0;0;0;0;1;1;0;7;2;0;4;0;1;2;0;1;1;0;0;0;explorationFocus;173;;42;151;1;1
786;262;2;1;1;0;0;1;0;1;0;0;1;0;0;0;0;0;0;0;0;0;1;1;0;7;2;0;4;1;2;0;1;1;0;0;0;0;eliteResidentProduction;173;;86;145;2;0
787;263;0;2;0;0;0;1;0;1;0;0;0;1;0;0;1;0;0;0;1;0;0;0;0;7;2;0;1;2;2;3;0;0;0;1;0;0;shipBuilding;55;;152;141;3;0
788;263;1;3;0;0;0;1;0;1;0;0;0;1;0;0;1;0;0;0;1;0;0;0;0;7;2;0;2;3;2;1;0;0;1;0;0;0;factoryVariety;55;;151;143;2;0
789;263;2;1;1;0;0;1;0;1;0;0;0;1;0;0;1;0;0;0;1;0;0;0;0;7;2;0;4;0;2;1;1;0;1;0;0;0;explorationFocus;55;;100;150;1;1
790;264;0;3;0;0;0;0;0;1;0;1;0;0;0;0;1;0;1;0;0;0;1;0;0;7;2;0;5;3;0;0;1;0;0;0;0;0;factoryVariety;300;aborted_300_rounds;28;85;3;0
791;264;1;1;1;0;0;0;0;1;0;1;0;0;0;0;1;0;1;0;0;0;1;0;0;7;2;0;2;1;2;2;0;1;0;1;0;0;adaptiveResidentStrategy;300;aborted_300_rounds;150;97;2;0
792;264;2;2;0;0;0;0;0;1;0;1;0;0;0;0;1;0;1;0;0;0;1;0;0;7;2;0;3;2;1;1;1;1;0;0;0;0;eliteResidentProduction;300;aborted_300_rounds;103;117;1;1
793;265;0;3;0;1;0;0;0;0;0;1;1;1;0;0;0;0;0;0;0;0;0;1;0;7;2;0;2;3;1;1;0;0;1;1;0;0;adaptiveResidentStrategy;153;;118;151;3;0
794;265;1;1;1;1;0;0;0;0;0;1;1;1;0;0;0;0;0;0;0;0;0;1;0;7;2;0;4;2;2;0;0;0;1;0;0;0;explorationFocus;153;;69;165;1;1
795;265;2;2;0;1;0;0;0;0;0;1;1;1;0;0;0;0;0;0;0;0;0;1;0;7;2;0;5;1;1;0;1;1;0;0;0;0;shipBuilding;153;;149;162;2;0
796;266;0;3;0;0;1;0;0;1;0;0;1;0;0;0;0;0;0;0;1;0;0;1;0;7;2;0;2;2;0;3;1;0;0;0;1;0;shipBuilding;217;;122;82;3;0
797;266;1;1;1;0;1;0;0;1;0;0;1;0;0;0;0;0;0;0;1;0;0;1;0;7;2;0;3;3;1;1;0;0;1;0;0;0;adaptiveResidentStrategy;217;;64;137;2;0
798;266;2;2;0;0;1;0;0;1;0;0;1;0;0;0;0;0;0;0;1;0;0;1;0;7;2;0;3;1;3;0;1;0;0;0;1;0;factoryVariety;217;;129;143;1;1
799;267;0;3;0;1;0;0;0;0;0;0;1;0;0;0;0;0;0;0;0;0;1;1;1;7;2;0;3;3;0;2;0;1;0;0;0;0;explorationFocus;245;;125;101;2;0
800;267;1;1;1;1;0;0;0;0;0;0;1;0;0;0;0;0;0;0;0;0;1;1;1;7;2;0;5;0;2;0;1;0;1;0;0;0;balanced;245;;40;96;3;0
801;267;2;2;0;1;0;0;0;0;0;0;1;0;0;0;0;0;0;0;0;0;1;1;1;7;2;0;1;1;2;3;1;0;1;0;0;0;explorationFocus;245;;135;158;1;1
802;268;0;2;0;1;0;1;0;0;0;0;1;1;0;0;0;0;0;0;0;0;0;0;1;7;2;0;3;0;3;1;0;0;1;1;0;0;factoryVariety;217;;53;111;2;0
803;268;1;3;0;1;0;1;0;0;0;0;1;1;0;0;0;0;0;0;0;0;0;0;1;7;2;0;4;1;2;0;0;0;1;0;1;0;eliteResidentProduction;217;;74;91;3;0
804;268;2;1;1;1;0;1;0;0;0;0;1;1;0;0;0;0;0;0;0;0;0;0;1;7;2;0;4;2;1;1;1;0;0;0;0;0;balanced;217;;49;138;1;1
805;269;0;3;0;0;0;1;0;1;0;1;1;1;0;0;0;0;0;0;0;0;0;0;0;7;2;0;5;1;1;1;0;0;1;0;0;0;balanced;178;;132;158;1;1
806;269;1;1;1;0;0;1;0;1;0;1;1;1;0;0;0;0;0;0;0;0;0;0;0;7;2;0;3;1;3;0;2;0;0;0;0;0;factoryVariety;178;;59;153;2;0
807;269;2;2;0;0;0;1;0;1;0;1;1;1;0;0;0;0;0;0;0;0;0;0;0;7;2;0;5;1;0;1;1;0;1;0;0;0;factoryVariety;178;;94;120;3;0
808;270;0;3;0;0;1;1;0;0;0;0;1;0;0;0;0;0;0;0;1;0;0;1;0;7;2;0;5;1;0;1;0;1;1;0;0;0;eliteResidentProduction;190;;52;156;2;0
809;270;1;1;1;0;1;1;0;0;0;0;1;0;0;0;0;0;0;0;1;0;0;1;0;7;2;0;2;1;2;2;0;1;0;1;0;0;eliteResidentProduction;190;;111;83;3;0
810;270;2;2;0;0;1;1;0;0;0;0;1;0;0;0;0;0;0;0;1;0;0;1;0;7;2;0;3;2;3;0;0;0;1;0;0;0;factoryVariety;190;;89;163;1;1
811;271;0;3;0;1;0;0;0;0;0;1;0;1;0;0;1;0;0;0;0;0;1;0;0;7;2;0;3;1;1;2;1;1;0;0;0;0;eliteResidentProduction;115;;122;110;2;0
812;271;1;1;1;1;0;0;0;0;0;1;0;1;0;0;1;0;0;0;0;0;1;0;0;7;2;0;3;1;2;1;0;0;1;1;0;0;eliteResidentProduction;115;;74;99;3;0
813;271;2;2;0;1;0;0;0;0;0;1;0;1;0;0;1;0;0;0;0;0;1;0;0;7;2;0;5;2;1;1;0;0;0;0;0;0;shipBuilding;115;;63;119;1;1
814;272;0;3;0;1;0;1;0;1;0;1;0;0;0;0;0;0;1;0;0;0;0;0;0;7;2;0;4;1;2;0;1;0;1;0;0;0;factoryVariety;123;;69;162;1;1
815;272;1;1;1;1;0;1;0;1;0;1;0;0;0;0;0;0;1;0;0;0;0;0;0;7;2;0;2;2;1;2;0;0;1;1;0;0;explorationFocus;123;;118;128;2;0
816;272;2;2;0;1;0;1;0;1;0;1;0;0;0;0;0;0;1;0;0;0;0;0;0;7;2;0;2;3;0;2;2;0;0;0;0;0;factoryVariety;123;;104;93;3;0
817;273;0;1;1;1;0;1;0;0;0;0;1;0;0;0;1;0;0;0;1;0;0;0;0;7;2;0;4;2;1;0;1;0;1;0;0;0;explorationFocus;275;;133;89;3;0
818;273;1;2;0;1;0;1;0;0;0;0;1;0;0;0;1;0;0;0;1;0;0;0;0;7;2;0;3;1;2;2;0;0;0;0;1;0;eliteResidentProduction;275;;44;120;2;0
819;273;2;3;0;1;0;1;0;0;0;0;1;0;0;0;1;0;0;0;1;0;0;0;0;7;2;0;5;1;1;0;2;0;0;0;0;0;explorationFocus;275;;67;147;1;1
820;274;0;1;1;0;1;0;0;1;0;0;0;0;0;0;0;0;0;0;0;0;1;1;1;7;2;0;4;1;2;0;0;1;1;0;0;0;adaptiveResidentStrategy;155;;113;151;1;1
821;274;1;2;0;0;1;0;0;1;0;0;0;0;0;0;0;0;0;0;0;0;1;1;1;7;2;0;3;2;0;2;1;0;1;0;0;0;explorationFocus;155;;62;106;3;0
822;274;2;3;0;0;1;0;0;1;0;0;0;0;0;0;0;0;0;0;0;0;1;1;1;7;2;0;3;2;1;2;1;0;0;0;0;0;explorationFocus;155;;107;121;2;0
823;275;0;2;0;1;1;0;0;0;0;1;0;0;0;0;1;0;1;0;0;0;0;0;0;7;2;0;3;1;3;2;0;0;0;0;0;0;explorationFocus;300;aborted_300_rounds;43;160;1;1
824;275;1;3;0;1;1;0;0;0;0;1;0;0;0;0;1;0;1;0;0;0;0;0;0;7;2;0;5;0;1;1;2;0;0;0;0;0;factoryVariety;300;aborted_300_rounds;72;134;2;0
825;275;2;1;1;1;1;0;0;0;0;1;0;0;0;0;1;0;1;0;0;0;0;0;0;7;2;0;1;3;2;1;1;0;1;0;0;0;adaptiveResidentStrategy;300;aborted_300_rounds;128;121;3;0
826;276;0;3;0;1;0;0;0;0;0;1;1;0;1;0;1;0;0;0;0;0;0;0;0;7;2;0;5;2;0;0;1;0;1;0;0;0;factoryVariety;210;;115;101;2;0
827;276;1;1;1;1;0;0;0;0;0;1;1;0;1;0;1;0;0;0;0;0;0;0;0;7;2;0;1;2;4;0;0;0;1;1;0;0;explorationFocus;210;;109;91;3;0
828;276;2;2;0;1;0;0;0;0;0;1;1;0;1;0;1;0;0;0;0;0;0;0;0;7;2;0;1;3;1;2;1;0;1;0;0;0;eliteResidentProduction;210;;47;134;1;1
829;277;0;2;0;1;0;0;0;1;0;0;0;1;0;0;1;0;0;0;0;0;0;1;0;7;2;0;5;2;0;0;1;0;0;1;0;0;shipBuilding;115;;71;165;1;1
830;277;1;3;0;1;0;0;0;1;0;0;0;1;0;0;1;0;0;0;0;0;0;1;0;7;2;0;6;0;1;0;0;1;0;1;0;0;factoryVariety;115;;152;157;2;0
831;277;2;1;1;1;0;0;0;1;0;0;0;1;0;0;1;0;0;0;0;0;0;1;0;7;2;0;1;1;4;1;0;0;2;0;0;0;adaptiveResidentStrategy;115;;97;140;3;0
832;278;0;1;1;0;1;0;0;0;0;0;1;1;0;0;1;0;1;0;0;0;0;0;0;7;2;0;3;3;1;1;1;0;0;0;0;0;adaptiveResidentStrategy;114;;116;108;2;0
833;278;1;2;0;0;1;0;0;0;0;0;1;1;0;0;1;0;1;0;0;0;0;0;0;7;2;0;3;2;0;3;0;0;1;0;0;0;balanced;114;;110;89;3;0
834;278;2;3;0;0;1;0;0;0;0;0;1;1;0;0;1;0;1;0;0;0;0;0;0;7;2;0;3;0;3;1;1;0;0;1;0;0;adaptiveResidentStrategy;114;;107;143;1;1
835;279;0;1;1;1;1;0;0;0;0;0;1;0;1;0;1;0;0;0;0;0;0;0;0;7;2;0;5;0;1;1;1;0;0;1;0;0;explorationFocus;133;;74;121;2;0
836;279;1;2;0;1;1;0;0;0;0;0;1;0;1;0;1;0;0;0;0;0;0;0;0;7;2;0;6;1;1;0;0;0;0;0;1;0;factoryVariety;133;;74;104;3;0
837;279;2;3;0;1;1;0;0;0;0;0;1;0;1;0;1;0;0;0;0;0;0;0;0;7;2;0;2;2;2;1;0;0;1;1;0;0;eliteResidentProduction;133;;63;145;1;1
838;280;0;3;0;1;1;1;0;0;0;0;0;0;0;0;1;0;0;0;1;0;0;0;0;7;2;0;4;0;3;1;1;0;0;0;0;0;adaptiveResidentStrategy;200;;121;129;1;1
839;280;1;1;1;1;1;1;0;0;0;0;0;0;0;0;1;0;0;0;1;0;0;0;0;7;2;0;5;0;1;1;1;0;0;0;1;0;adaptiveResidentStrategy;200;;46;115;3;0
840;280;2;2;0;1;1;1;0;0;0;0;0;0;0;0;1;0;0;0;1;0;0;0;0;7;2;0;2;3;3;0;0;0;0;1;0;0;explorationFocus;200;;38;124;2;0
841;281;0;2;0;1;0;0;0;1;0;0;0;0;0;0;0;0;0;0;1;0;0;1;1;7;2;0;3;2;1;1;1;1;0;0;0;0;balanced;125;;59;86;3;0
842;281;1;3;0;1;0;0;0;1;0;0;0;0;0;0;0;0;0;0;1;0;0;1;1;7;2;0;1;2;3;1;2;0;0;0;0;0;factoryVariety;125;;87;96;2;0
843;281;2;1;1;1;0;0;0;1;0;0;0;0;0;0;0;0;0;0;1;0;0;1;1;7;2;0;4;1;3;0;1;0;0;0;0;0;adaptiveResidentStrategy;125;;131;118;1;1
844;282;0;1;1;0;0;1;0;0;0;0;1;0;1;0;0;0;0;0;1;0;0;1;0;7;2;0;3;2;1;1;2;0;0;0;0;0;adaptiveResidentStrategy;90;;142;92;3;0
845;282;1;2;0;0;0;1;0;0;0;0;1;0;1;0;0;0;0;0;1;0;0;1;0;7;2;0;4;1;1;1;0;1;1;0;0;0;balanced;90;;102;100;2;0
846;282;2;3;0;0;0;1;0;0;0;0;1;0;1;0;0;0;0;0;1;0;0;1;0;7;2;0;2;2;2;1;2;0;0;0;0;0;adaptiveResidentStrategy;90;;41;151;1;1
847;283;0;2;0;1;1;0;0;0;0;0;1;0;0;0;0;0;0;0;1;0;1;0;0;7;2;0;2;1;3;1;1;1;0;0;0;0;balanced;103;;45;83;3;0
848;283;1;3;0;1;1;0;0;0;0;0;1;0;0;0;0;0;0;0;1;0;1;0;0;7;2;0;3;1;1;2;0;2;0;0;0;0;explorationFocus;103;;144;117;2;0
849;283;2;1;1;1;1;0;0;0;0;0;1;0;0;0;0;0;0;0;1;0;1;0;0;7;2;0;3;3;1;1;0;0;0;0;1;0;explorationFocus;103;;152;130;1;1
850;284;0;2;0;1;1;0;0;1;0;0;0;0;0;0;0;0;0;0;0;0;1;1;0;7;2;0;6;1;0;0;2;0;0;0;0;0;factoryVariety;105;;70;99;3;0
851;284;1;3;0;1;1;0;0;1;0;0;0;0;0;0;0;0;0;0;0;0;1;1;0;7;2;0;2;2;1;3;1;0;0;0;0;0;factoryVariety;105;;36;165;1;1
852;284;2;1;1;1;1;0;0;1;0;0;0;0;0;0;0;0;0;0;0;0;1;1;0;7;2;0;2;4;1;0;1;0;0;1;0;0;balanced;105;;94;132;2;0
853;285;0;1;1;0;0;0;0;1;0;1;0;0;1;0;0;0;0;0;0;0;1;1;0;7;2;0;4;5;0;0;0;0;0;0;0;0;shipBuilding;173;;136;120;3;0
854;285;1;2;0;0;0;0;0;1;0;1;0;0;1;0;0;0;0;0;0;0;1;1;0;7;2;0;2;3;2;1;0;1;0;0;0;0;factoryVariety;173;;99;162;1;1
855;285;2;3;0;0;0;0;0;1;0;1;0;0;1;0;0;0;0;0;0;0;1;1;0;7;2;0;4;0;3;0;0;0;1;0;1;0;explorationFocus;173;;141;122;2;0
856;286;0;1;1;0;1;0;0;0;0;1;0;0;0;0;0;0;1;0;1;0;0;0;1;7;2;0;5;1;1;0;0;1;0;1;0;0;adaptiveResidentStrategy;205;;33;90;3;0
857;286;1;2;0;0;1;0;0;0;0;1;0;0;0;0;0;0;1;0;1;0;0;0;1;7;2;0;4;2;0;2;0;0;0;1;0;0;balanced;205;;108;123;1;1
858;286;2;3;0;0;1;0;0;0;0;1;0;0;0;0;0;0;1;0;1;0;0;0;1;7;2;0;3;0;3;1;1;0;1;0;0;0;adaptiveResidentStrategy;205;;73;92;2;0
859;287;0;1;1;0;0;0;0;1;0;1;0;0;1;0;1;0;0;0;0;0;0;1;0;7;2;0;4;1;1;1;1;0;0;0;1;0;balanced;135;;28;135;3;0
860;287;1;2;0;0;0;0;0;1;0;1;0;0;1;0;1;0;0;0;0;0;0;1;0;7;2;0;5;1;1;1;0;0;1;0;0;0;eliteResidentProduction;135;;93;159;1;1
861;287;2;3;0;0;0;0;0;1;0;1;0;0;1;0;1;0;0;0;0;0;0;1;0;7;2;0;4;1;2;0;1;0;0;1;0;0;shipBuilding;135;;66;145;2;0
862;288;0;3;0;0;0;0;0;1;0;1;1;0;0;0;0;0;1;0;0;0;0;1;0;7;2;0;4;0;2;1;1;0;1;0;0;0;balanced;73;;50;161;1;1
863;288;1;1;1;0;0;0;0;1;0;1;1;0;0;0;0;0;1;0;0;0;0;1;0;7;2;0;2;3;1;1;2;0;0;0;0;0;adaptiveResidentStrategy;73;;152;123;3;0
864;288;2;2;0;0;0;0;0;1;0;1;1;0;0;0;0;0;1;0;0;0;0;1;0;7;2;0;4;1;1;1;0;0;1;0;1;0;explorationFocus;73;;83;136;2;0
865;289;0;3;0;0;0;1;0;1;0;1;0;1;0;0;0;0;0;0;1;0;0;0;0;7;2;0;4;1;3;0;0;1;0;0;0;0;balanced;85;;101;138;1;1
866;289;1;1;1;0;0;1;0;1;0;1;0;1;0;0;0;0;0;0;1;0;0;0;0;7;2;0;3;2;2;1;0;0;1;0;0;0;balanced;85;;135;119;3;0
867;289;2;2;0;0;0;1;0;1;0;1;0;1;0;0;0;0;0;0;1;0;0;0;0;7;2;0;3;2;2;1;1;0;0;0;0;0;balanced;85;;136;134;2;0
868;290;0;2;0;0;1;1;0;1;0;1;0;0;0;0;0;0;0;0;1;0;0;0;0;7;2;0;3;1;3;1;0;0;0;1;0;0;explorationFocus;64;;146;111;3;0
869;290;1;3;0;0;1;1;0;1;0;1;0;0;0;0;0;0;0;0;1;0;0;0;0;7;2;0;3;2;0;2;2;0;0;0;0;0;shipBuilding;64;;152;134;2;0
870;290;2;1;1;0;1;1;0;1;0;1;0;0;0;0;0;0;0;0;1;0;0;0;0;7;2;0;5;2;1;0;0;0;0;0;1;0;factoryVariety;64;;119;139;1;1
871;291;0;1;1;0;1;0;0;0;0;0;0;0;1;0;1;0;1;0;0;0;0;1;0;7;2;0;5;1;1;0;1;0;1;0;0;0;explorationFocus;145;;118;94;3;0
872;291;1;2;0;0;1;0;0;0;0;0;0;0;1;0;1;0;1;0;0;0;0;1;0;7;2;0;3;2;0;2;0;0;2;0;0;0;eliteResidentProduction;145;;81;99;2;0
873;291;2;3;0;0;1;0;0;0;0;0;0;0;1;0;1;0;1;0;0;0;0;1;0;7;2;0;2;3;2;1;0;0;0;0;1;0;balanced;145;;116;132;1;1
874;292;0;1;1;1;1;0;0;1;0;0;0;0;0;0;0;0;0;0;0;0;1;1;0;7;2;0;4;0;2;1;0;0;0;1;1;0;eliteResidentProduction;210;;45;94;3;0
875;292;1;2;0;1;1;0;0;1;0;0;0;0;0;0;0;0;0;0;0;0;1;1;0;7;2;0;2;2;3;1;1;0;0;0;0;0;adaptiveResidentStrategy;210;;139;108;1;1
876;292;2;3;0;1;1;0;0;1;0;0;0;0;0;0;0;0;0;0;0;0;1;1;0;7;2;0;3;1;1;2;1;1;0;0;0;0;balanced;210;;130;106;2;0
877;293;0;3;0;1;0;1;0;0;0;0;0;1;1;0;1;0;0;0;0;0;0;0;0;7;2;0;5;0;0;2;1;0;0;0;1;0;shipBuilding;77;;59;109;2;0
878;293;1;1;1;1;0;1;0;0;0;0;0;1;1;0;1;0;0;0;0;0;0;0;0;7;2;0;5;1;1;0;1;0;1;0;0;0;explorationFocus;77;;94;100;3;0
879;293;2;2;0;1;0;1;0;0;0;0;0;1;1;0;1;0;0;0;0;0;0;0;0;7;2;0;5;2;1;0;1;0;0;0;0;0;shipBuilding;77;;126;132;1;1
880;294;0;2;0;0;1;0;0;1;0;0;1;0;0;0;0;0;1;0;0;0;0;1;0;7;2;0;3;2;2;0;0;0;1;1;0;0;shipBuilding;113;;46;138;2;0
881;294;1;3;0;0;1;0;0;1;0;0;1;0;0;0;0;0;1;0;0;0;0;1;0;7;2;0;3;2;1;2;0;0;1;0;0;0;eliteResidentProduction;113;;106;99;3;0
882;294;2;1;1;0;1;0;0;1;0;0;1;0;0;0;0;0;1;0;0;0;0;1;0;7;2;0;6;0;1;0;1;1;0;0;0;0;shipBuilding;113;;46;156;1;1
883;295;0;3;0;0;0;1;0;0;0;0;0;1;0;0;1;0;1;0;0;0;0;1;0;7;2;0;3;3;1;1;1;0;0;0;0;0;eliteResidentProduction;222;;30;149;1;1
884;295;1;1;1;0;0;1;0;0;0;0;0;1;0;0;1;0;1;0;0;0;0;1;0;7;2;0;3;3;1;0;0;0;2;0;0;0;explorationFocus;222;;97;121;2;0
885;295;2;2;0;0;0;1;0;0;0;0;0;1;0;0;1;0;1;0;0;0;0;1;0;7;2;0;3;0;3;2;1;0;0;0;0;0;explorationFocus;222;;65;97;3;0
886;296;0;2;0;0;0;1;0;1;0;0;1;1;0;0;0;0;1;0;0;0;0;0;0;7;2;0;1;1;4;1;0;1;0;0;1;0;explorationFocus;164;;72;99;3;0
887;296;1;3;0;0;0;1;0;1;0;0;1;1;0;0;0;0;1;0;0;0;0;0;0;7;2;0;5;2;0;1;0;0;1;0;0;0;adaptiveResidentStrategy;164;;53;124;1;1
888;296;2;1;1;0;0;1;0;1;0;0;1;1;0;0;0;0;1;0;0;0;0;0;0;7;2;0;4;1;1;1;1;0;1;0;0;0;explorationFocus;164;;52;105;2;0
889;297;0;3;0;0;1;0;0;0;0;0;0;1;0;0;1;0;0;0;0;0;1;1;0;7;2;0;2;1;2;2;0;0;1;0;1;0;adaptiveResidentStrategy;173;;29;160;2;0
890;297;1;1;1;0;1;0;0;0;0;0;0;1;0;0;1;0;0;0;0;0;1;1;0;7;2;0;5;2;0;0;1;0;0;0;1;0;eliteResidentProduction;173;;117;163;1;1
891;297;2;2;0;0;1;0;0;0;0;0;0;1;0;0;1;0;0;0;0;0;1;1;0;7;2;0;5;1;0;1;0;0;2;0;0;0;shipBuilding;173;;148;121;3;0
892;298;0;3;0;1;0;0;0;0;0;0;1;0;1;0;0;0;0;0;1;0;1;0;0;7;2;0;2;0;2;3;1;0;1;0;0;0;eliteResidentProduction;55;;120;101;3;0
893;298;1;1;1;1;0;0;0;0;0;0;1;0;1;0;0;0;0;0;1;0;1;0;0;7;2;0;4;2;2;0;0;0;1;0;0;0;adaptiveResidentStrategy;55;;40;118;1;1
894;298;2;2;0;1;0;0;0;0;0;0;1;0;1;0;0;0;0;0;1;0;1;0;0;7;2;0;4;1;1;1;1;0;0;0;1;0;shipBuilding;55;;43;116;2;0
895;299;0;2;0;1;1;1;0;0;0;0;0;0;0;0;0;0;1;0;1;0;0;0;0;7;2;0;3;1;2;1;0;1;0;0;1;0;factoryVariety;85;;93;84;3;0
896;299;1;3;0;1;1;1;0;0;0;0;0;0;0;0;0;0;1;0;1;0;0;0;0;7;2;0;3;1;3;1;0;0;1;0;0;0;eliteResidentProduction;85;;146;140;1;1
897;299;2;1;1;1;1;1;0;0;0;0;0;0;0;0;0;0;1;0;1;0;0;0;0;7;2;0;4;2;0;1;1;0;0;1;0;0;factoryVariety;85;;78;88;2;0
898;300;0;2;0;0;0;0;0;0;0;1;0;0;1;0;1;0;1;0;0;0;0;1;0;7;2;0;4;2;0;1;1;1;0;0;0;0;balanced;64;;41;143;1;1
899;300;1;3;0;0;0;0;0;0;0;1;0;0;1;0;1;0;1;0;0;0;0;1;0;7;2;0;4;3;0;0;1;1;0;0;0;0;eliteResidentProduction;64;;129;118;2;0
900;300;2;1;1;0;0;0;0;0;0;1;0;0;1;0;1;0;1;0;0;0;0;1;0;7;2;0;3;0;4;0;0;0;2;0;0;0;balanced;64;;43;94;3;0
901;301;0;2;0;0;1;0;0;1;0;1;0;0;0;0;1;0;0;0;0;0;1;0;0;7;2;0;3;3;2;1;0;0;0;0;0;0;explorationFocus;145;;55;138;1;1
902;301;1;3;0;0;1;0;0;1;0;1;0;0;0;0;1;0;0;0;0;0;1;0;0;7;2;0;2;2;3;0;1;1;0;0;0;0;factoryVariety;145;;101;105;3;0
903;301;2;1;1;0;1;0;0;1;0;1;0;0;0;0;1;0;0;0;0;0;1;0;0;7;2;0;3;0;3;1;1;0;1;0;0;0;adaptiveResidentStrategy;145;;150;116;2;0
904;302;0;1;1;1;0;0;0;0;0;1;0;0;1;0;0;0;1;0;0;0;1;0;0;7;2;0;5;0;2;0;2;0;0;0;0;0;explorationFocus;210;;74;140;2;0
905;302;1;2;0;1;0;0;0;0;0;1;0;0;1;0;0;0;1;0;0;0;1;0;0;7;2;0;4;1;1;1;0;0;1;0;1;0;factoryVariety;210;;150;135;3;0
906;302;2;3;0;1;0;0;0;0;0;1;0;0;1;0;0;0;1;0;0;0;1;0;0;7;2;0;4;0;2;2;0;0;0;0;1;0;balanced;210;;103;149;1;1
907;303;0;1;1;0;1;0;0;0;0;0;0;1;1;0;1;0;1;0;0;0;0;0;0;7;2;0;5;1;1;0;0;1;1;0;0;0;eliteResidentProduction;77;;30;147;1;1
908;303;1;2;0;0;1;0;0;0;0;0;0;1;1;0;1;0;1;0;0;0;0;0;0;7;2;0;3;2;1;1;1;0;1;0;0;0;eliteResidentProduction;77;;146;105;3;0
909;303;2;3;0;0;1;0;0;0;0;0;0;1;1;0;1;0;1;0;0;0;0;0;0;7;2;0;3;2;1;2;0;0;1;0;0;0;adaptiveResidentStrategy;77;;109;129;2;0
910;304;0;1;1;1;1;0;0;0;0;0;1;0;0;0;1;0;1;0;0;0;0;0;0;7;2;0;4;1;3;0;0;0;1;0;0;0;factoryVariety;113;;35;122;3;0
911;304;1;2;0;1;1;0;0;0;0;0;1;0;0;0;1;0;1;0;0;0;0;0;0;7;2;0;3;4;0;0;0;0;2;0;0;0;eliteResidentProduction;113;;141;140;1;1
912;304;2;3;0;1;1;0;0;0;0;0;1;0;0;0;1;0;1;0;0;0;0;0;0;7;2;0;3;1;2;2;0;1;0;0;0;0;balanced;113;;150;126;2;0
913;305;0;2;0;1;0;1;0;1;0;0;0;0;1;0;0;0;1;0;0;0;0;0;0;7;2;0;3;1;3;1;1;0;0;0;0;0;adaptiveResidentStrategy;222;;59;160;2;0
914;305;1;3;0;1;0;1;0;1;0;0;0;0;1;0;0;0;1;0;0;0;0;0;0;7;2;0;5;1;0;2;1;0;0;0;0;0;balanced;222;;89;158;3;0
915;305;2;1;1;1;0;1;0;1;0;0;0;0;1;0;0;0;1;0;0;0;0;0;0;7;2;0;1;3;2;1;1;0;0;1;0;0;adaptiveResidentStrategy;222;;150;164;1;1
916;306;0;3;0;1;1;0;0;0;0;1;0;0;0;0;1;0;0;0;1;0;0;0;0;7;2;0;4;1;1;2;0;0;1;0;0;0;factoryVariety;164;;38;160;1;1
917;306;1;1;1;1;1;0;0;0;0;1;0;0;0;0;1;0;0;0;1;0;0;0;0;7;2;0;4;3;0;1;0;0;1;0;0;0;factoryVariety;164;;36;129;2;0
918;306;2;2;0;1;1;0;0;0;0;1;0;0;0;0;1;0;0;0;1;0;0;0;0;7;2;0;3;1;3;0;2;0;0;0;0;0;explorationFocus;164;;74;125;3;0
919;307;0;2;0;0;0;1;0;1;0;0;1;0;0;0;0;0;0;0;0;0;1;1;0;7;2;0;0;3;1;3;1;0;1;0;0;0;shipBuilding;173;;139;129;2;0
920;307;1;3;0;0;0;1;0;1;0;0;1;0;0;0;0;0;0;0;0;0;1;1;0;7;2;0;4;0;1;2;0;1;1;0;0;0;explorationFocus;173;;100;135;1;1
921;307;2;1;1;0;0;1;0;1;0;0;1;0;0;0;0;0;0;0;0;0;1;1;0;7;2;0;4;1;2;0;1;1;0;0;0;0;eliteResidentProduction;173;;51;93;3;0
922;308;0;2;0;0;0;1;0;1;0;0;0;1;0;0;1;0;0;0;1;0;0;0;0;7;2;0;1;2;2;3;0;0;0;1;0;0;shipBuilding;55;;119;87;3;0
923;308;1;3;0;0;0;1;0;1;0;0;0;1;0;0;1;0;0;0;1;0;0;0;0;7;2;0;2;3;2;1;0;0;1;0;0;0;factoryVariety;55;;128;116;2;0
924;308;2;1;1;0;0;1;0;1;0;0;0;1;0;0;1;0;0;0;1;0;0;0;0;7;2;0;4;0;2;1;1;0;1;0;0;0;explorationFocus;55;;54;151;1;1
925;309;0;3;0;0;0;0;0;1;0;1;0;0;0;0;1;0;1;0;0;0;1;0;0;7;2;0;5;3;0;0;1;0;0;0;0;0;factoryVariety;300;aborted_300_rounds;40;133;1;1
926;309;1;1;1;0;0;0;0;1;0;1;0;0;0;0;1;0;1;0;0;0;1;0;0;7;2;0;2;1;2;2;0;1;0;1;0;0;adaptiveResidentStrategy;300;aborted_300_rounds;78;100;3;0
927;309;2;2;0;0;0;0;0;1;0;1;0;0;0;0;1;0;1;0;0;0;1;0;0;7;2;0;3;2;1;1;1;1;0;0;0;0;eliteResidentProduction;300;aborted_300_rounds;56;112;2;0
928;310;0;3;0;1;0;0;0;0;0;1;1;1;0;0;0;0;0;0;0;0;0;1;0;7;2;0;2;3;1;1;0;0;1;1;0;0;adaptiveResidentStrategy;153;;146;117;3;0
929;310;1;1;1;1;0;0;0;0;0;1;1;1;0;0;0;0;0;0;0;0;0;1;0;7;2;0;4;2;2;0;0;0;1;0;0;0;explorationFocus;153;;74;118;2;0
930;310;2;2;0;1;0;0;0;0;0;1;1;1;0;0;0;0;0;0;0;0;0;1;0;7;2;0;5;1;1;0;1;1;0;0;0;0;shipBuilding;153;;97;133;1;1
931;311;0;3;0;0;1;0;0;1;0;0;1;0;0;0;0;0;0;0;1;0;0;1;0;7;2;0;2;2;0;3;1;0;0;0;1;0;shipBuilding;217;;131;148;1;1
932;311;1;1;1;0;1;0;0;1;0;0;1;0;0;0;0;0;0;0;1;0;0;1;0;7;2;0;3;3;1;1;0;0;1;0;0;0;adaptiveResidentStrategy;217;;50;124;2;0
933;311;2;2;0;0;1;0;0;1;0;0;1;0;0;0;0;0;0;0;1;0;0;1;0;7;2;0;3;1;3;0;1;0;0;0;1;0;factoryVariety;217;;37;99;3;0
934;312;0;3;0;1;0;0;0;0;0;0;1;0;0;0;0;0;0;0;0;0;1;1;1;7;2;0;3;3;0;2;0;1;0;0;0;0;explorationFocus;245;;48;132;3;0
935;312;1;1;1;1;0;0;0;0;0;0;1;0;0;0;0;0;0;0;0;0;1;1;1;7;2;0;5;0;2;0;1;0;1;0;0;0;balanced;245;;148;149;2;0
936;312;2;2;0;1;0;0;0;0;0;0;1;0;0;0;0;0;0;0;0;0;1;1;1;7;2;0;1;1;2;3;1;0;1;0;0;0;explorationFocus;245;;41;165;1;1
937;313;0;2;0;1;0;1;0;0;0;0;1;1;0;0;0;0;0;0;0;0;0;0;1;7;2;0;3;0;3;1;0;0;1;1;0;0;factoryVariety;217;;74;83;3;0
938;313;1;3;0;1;0;1;0;0;0;0;1;1;0;0;0;0;0;0;0;0;0;0;1;7;2;0;4;1;2;0;0;0;1;0;1;0;eliteResidentProduction;217;;102;97;2;0
939;313;2;1;1;1;0;1;0;0;0;0;1;1;0;0;0;0;0;0;0;0;0;0;1;7;2;0;4;2;1;1;1;0;0;0;0;0;balanced;217;;48;104;1;1
940;314;0;3;0;0;0;1;0;1;0;1;1;1;0;0;0;0;0;0;0;0;0;0;0;7;2;0;5;1;1;1;0;0;1;0;0;0;balanced;178;;45;138;1;1
941;314;1;1;1;0;0;1;0;1;0;1;1;1;0;0;0;0;0;0;0;0;0;0;0;7;2;0;3;1;3;0;2;0;0;0;0;0;factoryVariety;178;;102;114;2;0
942;314;2;2;0;0;0;1;0;1;0;1;1;1;0;0;0;0;0;0;0;0;0;0;0;7;2;0;5;1;0;1;1;0;1;0;0;0;factoryVariety;178;;86;111;3;0
943;315;0;3;0;0;1;1;0;0;0;0;1;0;0;0;0;0;0;0;1;0;0;1;0;7;2;0;5;1;0;1;0;1;1;0;0;0;eliteResidentProduction;190;;125;83;3;0
944;315;1;1;1;0;1;1;0;0;0;0;1;0;0;0;0;0;0;0;1;0;0;1;0;7;2;0;2;1;2;2;0;1;0;1;0;0;eliteResidentProduction;190;;142;124;1;1
945;315;2;2;0;0;1;1;0;0;0;0;1;0;0;0;0;0;0;0;1;0;0;1;0;7;2;0;3;2;3;0;0;0;1;0;0;0;factoryVariety;190;;73;122;2;0
946;316;0;3;0;1;0;0;0;0;0;1;0;1;0;0;1;0;0;0;0;0;1;0;0;7;2;0;3;1;1;2;1;1;0;0;0;0;eliteResidentProduction;115;;37;155;1;1
947;316;1;1;1;1;0;0;0;0;0;1;0;1;0;0;1;0;0;0;0;0;1;0;0;7;2;0;3;1;2;1;0;0;1;1;0;0;eliteResidentProduction;115;;31;107;3;0
948;316;2;2;0;1;0;0;0;0;0;1;0;1;0;0;1;0;0;0;0;0;1;0;0;7;2;0;5;2;1;1;0;0;0;0;0;0;shipBuilding;115;;133;113;2;0
949;317;0;3;0;1;0;1;0;1;0;1;0;0;0;0;0;0;1;0;0;0;0;0;0;7;2;0;4;1;2;0;1;0;1;0;0;0;factoryVariety;123;;43;115;2;0
950;317;1;1;1;1;0;1;0;1;0;1;0;0;0;0;0;0;1;0;0;0;0;0;0;7;2;0;2;2;1;2;0;0;1;1;0;0;explorationFocus;123;;153;159;1;1
951;317;2;2;0;1;0;1;0;1;0;1;0;0;0;0;0;0;1;0;0;0;0;0;0;7;2;0;2;3;0;2;2;0;0;0;0;0;factoryVariety;123;;89;91;3;0
952;318;0;1;1;1;0;1;0;0;0;0;1;0;0;0;1;0;0;0;1;0;0;0;0;7;2;0;4;2;1;0;1;0;1;0;0;0;explorationFocus;275;;119;154;1;1
953;318;1;2;0;1;0;1;0;0;0;0;1;0;0;0;1;0;0;0;1;0;0;0;0;7;2;0;3;1;2;2;0;0;0;0;1;0;eliteResidentProduction;275;;142;131;2;0
954;318;2;3;0;1;0;1;0;0;0;0;1;0;0;0;1;0;0;0;1;0;0;0;0;7;2;0;5;1;1;0;2;0;0;0;0;0;explorationFocus;275;;79;127;3;0
955;319;0;1;1;0;1;0;0;1;0;0;0;0;0;0;0;0;0;0;0;0;1;1;1;7;2;0;4;1;2;0;0;1;1;0;0;0;adaptiveResidentStrategy;155;;111;99;3;0
956;319;1;2;0;0;1;0;0;1;0;0;0;0;0;0;0;0;0;0;0;0;1;1;1;7;2;0;3;2;0;2;1;0;1;0;0;0;explorationFocus;155;;132;99;3;0
957;319;2;3;0;0;1;0;0;1;0;0;0;0;0;0;0;0;0;0;0;0;1;1;1;7;2;0;3;2;1;2;1;0;0;0;0;0;explorationFocus;155;;59;134;1;1
958;320;0;2;0;1;1;0;0;0;0;1;0;0;0;0;1;0;1;0;0;0;0;0;0;7;2;0;3;1;3;2;0;0;0;0;0;0;explorationFocus;300;aborted_300_rounds;83;135;2;0
959;320;1;3;0;1;1;0;0;0;0;1;0;0;0;0;1;0;1;0;0;0;0;0;0;7;2;0;5;0;1;1;2;0;0;0;0;0;factoryVariety;300;aborted_300_rounds;28;104;3;0
960;320;2;1;1;1;1;0;0;0;0;1;0;0;0;0;1;0;1;0;0;0;0;0;0;7;2;0;1;3;2;1;1;0;1;0;0;0;adaptiveResidentStrategy;300;aborted_300_rounds;29;145;1;1
961;321;0;3;0;1;0;0;0;0;0;1;1;0;1;0;1;0;0;0;0;0;0;0;0;7;2;0;5;2;0;0;1;0;1;0;0;0;factoryVariety;210;;124;127;2;0
962;321;1;1;1;1;0;0;0;0;0;1;1;0;1;0;1;0;0;0;0;0;0;0;0;7;2;0;1;2;4;0;0;0;1;1;0;0;explorationFocus;210;;41;124;3;0
963;321;2;2;0;1;0;0;0;0;0;1;1;0;1;0;1;0;0;0;0;0;0;0;0;7;2;0;1;3;1;2;1;0;1;0;0;0;eliteResidentProduction;210;;60;153;1;1
964;322;0;2;0;1;0;0;0;1;0;0;0;1;0;0;1;0;0;0;0;0;0;1;0;7;2;0;5;2;0;0;1;0;0;1;0;0;shipBuilding;115;;99;126;1;1
965;322;1;3;0;1;0;0;0;1;0;0;0;1;0;0;1;0;0;0;0;0;0;1;0;7;2;0;6;0;1;0;0;1;0;1;0;0;factoryVariety;115;;135;90;3;0
966;322;2;1;1;1;0;0;0;1;0;0;0;1;0;0;1;0;0;0;0;0;0;1;0;7;2;0;1;1;4;1;0;0;2;0;0;0;adaptiveResidentStrategy;115;;27;98;2;0
967;323;0;1;1;0;1;0;0;0;0;0;1;1;0;0;1;0;1;0;0;0;0;0;0;7;2;0;3;3;1;1;1;0;0;0;0;0;adaptiveResidentStrategy;114;;65;100;3;0
968;323;1;2;0;0;1;0;0;0;0;0;1;1;0;0;1;0;1;0;0;0;0;0;0;7;2;0;3;2;0;3;0;0;1;0;0;0;balanced;114;;58;148;1;1
969;323;2;3;0;0;1;0;0;0;0;0;1;1;0;0;1;0;1;0;0;0;0;0;0;7;2;0;3;0;3;1;1;0;0;1;0;0;adaptiveResidentStrategy;114;;104;146;2;0
970;324;0;1;1;1;1;0;0;0;0;0;1;0;1;0;1;0;0;0;0;0;0;0;0;7;2;0;5;0;1;1;1;0;0;1;0;0;explorationFocus;133;;133;99;2;0
971;324;1;2;0;1;1;0;0;0;0;0;1;0;1;0;1;0;0;0;0;0;0;0;0;7;2;0;6;1;1;0;0;0;0;0;1;0;factoryVariety;133;;116;94;3;0
972;324;2;3;0;1;1;0;0;0;0;0;1;0;1;0;1;0;0;0;0;0;0;0;0;7;2;0;2;2;2;1;0;0;1;1;0;0;eliteResidentProduction;133;;138;165;1;1
973;325;0;3;0;1;1;1;0;0;0;0;0;0;0;0;1;0;0;0;1;0;0;0;0;7;2;0;4;0;3;1;1;0;0;0;0;0;adaptiveResidentStrategy;200;;98;122;3;0
974;325;1;1;1;1;1;1;0;0;0;0;0;0;0;0;1;0;0;0;1;0;0;0;0;7;2;0;5;0;1;1;1;0;0;0;1;0;adaptiveResidentStrategy;200;;137;146;2;0
975;325;2;2;0;1;1;1;0;0;0;0;0;0;0;0;1;0;0;0;1;0;0;0;0;7;2;0;2;3;3;0;0;0;0;1;0;0;explorationFocus;200;;133;151;1;1
976;326;0;2;0;1;0;0;0;1;0;0;0;0;0;0;0;0;0;0;1;0;0;1;1;7;2;0;3;2;1;1;1;1;0;0;0;0;balanced;125;;112;139;3;0
977;326;1;3;0;1;0;0;0;1;0;0;0;0;0;0;0;0;0;0;1;0;0;1;1;7;2;0;1;2;3;1;2;0;0;0;0;0;factoryVariety;125;;66;142;2;0
978;326;2;1;1;1;0;0;0;1;0;0;0;0;0;0;0;0;0;0;1;0;0;1;1;7;2;0;4;1;3;0;1;0;0;0;0;0;adaptiveResidentStrategy;125;;33;145;1;1
979;327;0;1;1;0;0;1;0;0;0;0;1;0;1;0;0;0;0;0;1;0;0;1;0;7;2;0;3;2;1;1;2;0;0;0;0;0;adaptiveResidentStrategy;90;;36;99;3;0
980;327;1;2;0;0;0;1;0;0;0;0;1;0;1;0;0;0;0;0;1;0;0;1;0;7;2;0;4;1;1;1;0;1;1;0;0;0;balanced;90;;135;156;2;0
981;327;2;3;0;0;0;1;0;0;0;0;1;0;1;0;0;0;0;0;1;0;0;1;0;7;2;0;2;2;2;1;2;0;0;0;0;0;adaptiveResidentStrategy;90;;57;160;1;1
982;328;0;2;0;1;1;0;0;0;0;0;1;0;0;0;0;0;0;0;1;0;1;0;0;7;2;0;2;1;3;1;1;1;0;0;0;0;balanced;103;;119;128;2;0
983;328;1;3;0;1;1;0;0;0;0;0;1;0;0;0;0;0;0;0;1;0;1;0;0;7;2;0;3;1;1;2;0;2;0;0;0;0;explorationFocus;103;;133;86;3;0
984;328;2;1;1;1;1;0;0;0;0;0;1;0;0;0;0;0;0;0;1;0;1;0;0;7;2;0;3;3;1;1;0;0;0;0;1;0;explorationFocus;103;;152;134;1;1
985;329;0;2;0;1;1;0;0;1;0;0;0;0;0;0;0;0;0;0;0;0;1;1;0;7;2;0;6;1;0;0;2;0;0;0;0;0;factoryVariety;105;;40;84;3;0
986;329;1;3;0;1;1;0;0;1;0;0;0;0;0;0;0;0;0;0;0;0;1;1;0;7;2;0;2;2;1;3;1;0;0;0;0;0;factoryVariety;105;;102;123;1;1
987;329;2;1;1;1;1;0;0;1;0;0;0;0;0;0;0;0;0;0;0;0;1;1;0;7;2;0;2;4;1;0;1;0;0;1;0;0;balanced;105;;90;99;2;0
988;330;0;1;1;0;0;0;0;1;0;1;0;0;1;0;0;0;0;0;0;0;1;1;0;7;2;0;4;5;0;0;0;0;0;0;0;0;shipBuilding;173;;141;123;3;0
989;330;1;2;0;0;0;0;0;1;0;1;0;0;1;0;0;0;0;0;0;0;1;1;0;7;2;0;2;3;2;1;0;1;0;0;0;0;factoryVariety;173;;95;154;1;1
990;330;2;3;0;0;0;0;0;1;0;1;0;0;1;0;0;0;0;0;0;0;1;1;0;7;2;0;4;0;3;0;0;0;1;0;1;0;explorationFocus;173;;65;146;2;0
991;331;0;1;1;0;1;0;0;0;0;1;0;0;0;0;0;0;1;0;1;0;0;0;1;7;2;0;5;1;1;0;0;1;0;1;0;0;adaptiveResidentStrategy;205;;122;86;3;0
992;331;1;2;0;0;1;0;0;0;0;1;0;0;0;0;0;0;1;0;1;0;0;0;1;7;2;0;4;2;0;2;0;0;0;1;0;0;balanced;205;;119;102;2;0
993;331;2;3;0;0;1;0;0;0;0;1;0;0;0;0;0;0;1;0;1;0;0;0;1;7;2;0;3;0;3;1;1;0;1;0;0;0;adaptiveResidentStrategy;205;;114;165;1;1
994;332;0;1;1;0;0;0;0;1;0;1;0;0;1;0;1;0;0;0;0;0;0;1;0;7;2;0;4;1;1;1;1;0;0;0;1;0;balanced;135;;64;153;1;1
995;332;1;2;0;0;0;0;0;1;0;1;0;0;1;0;1;0;0;0;0;0;0;1;0;7;2;0;5;1;1;1;0;0;1;0;0;0;eliteResidentProduction;135;;98;107;3;0
996;332;2;3;0;0;0;0;0;1;0;1;0;0;1;0;1;0;0;0;0;0;0;1;0;7;2;0;4;1;2;0;1;0;0;1;0;0;shipBuilding;135;;109;122;2;0
997;333;0;3;0;0;0;0;0;1;0;1;1;0;0;0;0;0;1;0;0;0;0;1;0;7;2;0;4;0;2;1;1;0;1;0;0;0;balanced;73;;113;132;2;0
998;333;1;1;1;0;0;0;0;1;0;1;1;0;0;0;0;0;1;0;0;0;0;1;0;7;2;0;2;3;1;1;2;0;0;0;0;0;adaptiveResidentStrategy;73;;78;111;3;0
999;333;2;2;0;0;0;0;0;1;0;1;1;0;0;0;0;0;1;0;0;0;0;1;0;7;2;0;4;1;1;1;0;0;1;0;1;0;explorationFocus;73;;87;142;1;1
1000;334;0;3;0;0;0;1;0;1;0;1;0;1;0;0;0;0;0;0;1;0;0;0;0;7;2;0;4;1;3;0;0;1;0;0;0;0;balanced;85;;46;107;2;0
1001;334;1;1;1;0;0;1;0;1;0;1;0;1;0;0;0;0;0;0;1;0;0;0;0;7;2;0;3;2;2;1;0;0;1;0;0;0;balanced;85;;65;138;1;1
1002;334;2;2;0;0;0;1;0;1;0;1;0;1;0;0;0;0;0;0;1;0;0;0;0;7;2;0;3;2;2;1;1;0;0;0;0;0;balanced;85;;88;92;3;0
1003;335;0;1;1;0;0;1;0;1;0;0;0;0;1;0;0;0;1;0;0;0;0;0;1;7;2;0;4;1;1;1;1;0;1;0;0;0;adaptiveResidentStrategy;133;;46;138;2;0
1004;335;1;2;0;0;0;1;0;1;0;0;0;0;1;0;0;0;1;0;0;0;0;0;1;7;2;0;3;1;2;1;1;1;0;0;0;0;adaptiveResidentStrategy;133;;114;141;1;1
1005;335;2;3;0;0;0;1;0;1;0;0;0;0;1;0;0;0;1;0;0;0;0;0;1;7;2;0;3;4;1;0;1;0;0;0;0;0;balanced;133;;38;133;3;0
1006;336;0;3;0;1;0;0;1;0;0;0;0;0;0;0;1;0;0;0;0;0;1;1;0;7;2;0;4;3;1;0;0;0;1;0;0;0;adaptiveResidentStrategy;200;;147;89;3;0
1007;336;1;1;1;1;0;0;0;0;0;1;0;0;0;0;1;0;0;0;0;0;1;1;0;7;2;0;2;2;2;1;2;0;0;0;0;0;factoryVariety;200;;35;107;2;0
1008;336;2;2;0;1;0;0;0;0;0;1;0;0;0;0;1;0;0;0;0;0;1;1;0;7;2;0;2;3;0;2;2;0;0;0;0;0;eliteResidentProduction;200;;39;134;1;1
1009;337;0;2;0;1;0;0;0;0;0;1;1;0;0;0;0;0;1;0;1;0;0;0;0;7;2;0;2;2;3;0;1;0;0;0;1;0;adaptiveResidentStrategy;125;;63;129;2;0
1010;337;1;3;0;1;0;0;0;0;0;1;1;0;0;0;0;0;1;0;1;0;0;0;0;7;2;0;5;0;2;1;0;0;1;0;0;0;adaptiveResidentStrategy;125;;148;103;3;0
1011;337;2;1;1;1;0;0;0;0;0;1;1;0;0;0;0;0;1;0;1;0;0;0;0;7;2;0;2;0;2;3;1;0;0;0;1;0;explorationFocus;125;;139;134;1;1
1012;338;0;1;1;0;1;0;0;0;0;1;1;0;0;0;0;0;0;0;0;0;1;0;1;7;2;0;3;1;2;1;1;0;0;1;0;0;eliteResidentProduction;90;;70;130;2;0
1013;338;1;2;0;0;1;0;0;0;0;1;1;0;0;0;0;0;0;0;0;0;1;0;1;7;2;0;3;2;1;1;1;1;0;0;0;0;factoryVariety;90;;122;157;1;1
1014;338;2;3;0;0;1;0;0;0;0;1;1;0;0;0;0;0;0;0;0;0;1;0;1;7;2;0;3;2;2;0;2;0;0;0;0;0;eliteResidentProduction;90;;90;125;3;0
1015;339;0;3;0;0;1;0;0;1;0;0;0;0;1;0;1;0;0;0;0;0;0;0;1;7;2;0;4;1;3;0;0;0;1;0;0;0;explorationFocus;103;;74;134;2;0
1016;339;1;1;1;0;1;0;0;1;0;0;0;0;1;0;1;0;0;0;0;0;0;0;1;7;2;0;4;1;3;0;1;0;0;0;0;0;adaptiveResidentStrategy;103;;51;82;3;0
1017;339;2;2;0;0;1;0;0;1;0;0;0;0;1;0;1;0;0;0;0;0;0;0;1;7;2;0;3;3;1;1;1;0;0;0;0;0;eliteResidentProduction;103;;66;143;1;1
1018;340;0;1;1;0;0;1;0;0;0;0;0;1;0;0;1;0;1;0;1;0;0;0;0;7;2;0;3;0;4;1;0;0;0;0;1;0;adaptiveResidentStrategy;105;;153;88;3;0
1019;340;1;2;0;0;0;1;0;0;0;0;0;1;0;0;1;0;1;0;1;0;0;0;0;7;2;0;4;2;1;1;1;0;0;0;0;0;balanced;105;;46;164;1;1
1020;340;2;3;0;0;0;1;0;0;0;0;0;1;0;0;1;0;1;0;1;0;0;0;0;7;2;0;4;2;1;0;1;0;0;1;0;0;eliteResidentProduction;105;;30;105;2;0
1021;341;0;2;0;0;0;0;0;0;0;1;1;0;0;0;0;0;1;0;0;0;0;1;1;7;2;0;5;1;1;0;0;0;1;1;0;0;eliteResidentProduction;173;;64;97;2;0
1022;341;1;3;0;0;0;0;0;0;0;1;1;0;0;0;0;0;1;0;0;0;0;1;1;7;2;0;5;1;1;1;1;0;0;0;0;0;adaptiveResidentStrategy;173;;29;91;3;0
1023;341;2;1;1;0;0;0;0;0;0;1;1;0;0;0;0;0;1;0;0;0;0;1;1;7;2;0;4;1;1;1;1;0;1;0;0;0;eliteResidentProduction;173;;30;131;1;1
1024;342;0;3;0;0;0;1;0;0;1;0;0;0;0;0;1;0;1;0;0;0;1;0;0;7;2;0;2;2;2;1;0;2;0;0;0;0;adaptiveResidentStrategy;205;;91;116;3;0
1025;342;1;1;1;0;0;1;0;0;0;1;0;0;0;0;1;0;1;0;0;0;1;0;0;7;2;0;5;0;2;1;0;0;0;0;1;0;balanced;205;;127;140;2;0
1026;342;2;2;0;0;0;1;0;0;0;1;0;0;0;0;1;0;1;0;0;0;1;0;0;7;2;0;2;1;4;0;0;0;1;1;0;0;eliteResidentProduction;205;;134;165;1;1
1027;343;0;2;0;0;1;0;0;1;0;1;0;0;1;0;0;0;0;0;0;0;1;0;0;7;2;0;2;2;2;1;1;1;0;0;0;0;factoryVariety;135;;149;141;1;1
1028;343;1;3;0;0;1;0;0;1;0;1;0;0;1;0;0;0;0;0;0;0;1;0;0;7;2;0;6;1;1;1;0;0;0;0;0;0;adaptiveResidentStrategy;135;;52;128;2;0
1029;343;2;1;1;0;1;0;0;1;0;1;0;0;1;0;0;0;0;0;0;0;1;0;0;7;2;0;4;1;2;0;1;0;0;0;1;0;balanced;135;;132;110;3;0
1030;344;0;3;0;0;0;0;0;1;0;0;0;0;1;0;1;0;1;0;0;0;0;1;0;7;2;0;4;1;0;2;1;1;0;0;0;0;eliteResidentProduction;73;;151;126;2;0
1031;344;1;1;1;0;0;0;0;1;0;0;0;0;1;0;1;0;1;0;0;0;0;1;0;7;2;0;5;0;2;0;2;0;0;0;0;0;shipBuilding;73;;29;110;3;0
1032;344;2;2;0;0;0;0;0;1;0;0;0;0;1;0;1;0;1;0;0;0;0;1;0;7;2;0;2;4;1;1;0;0;0;1;0;0;eliteResidentProduction;73;;140;128;1;1
1033;345;0;2;0;0;0;0;0;0;0;0;1;0;1;0;0;0;1;0;1;0;0;1;0;7;2;0;2;3;2;1;0;0;1;0;0;0;factoryVariety;85;;42;110;3;0
1034;345;1;3;0;0;0;0;0;0;0;0;1;0;1;0;0;0;1;0;1;0;0;1;0;7;2;0;5;1;1;0;1;0;1;0;0;0;adaptiveResidentStrategy;85;;127;150;2;0
1035;345;2;1;1;0;0;0;0;0;0;0;1;0;1;0;0;0;1;0;1;0;0;1;0;7;2;0;1;1;2;3;1;0;0;0;1;0;explorationFocus;85;;129;162;1;1
1036;346;0;2;0;0;1;1;0;0;0;0;0;0;1;0;0;0;0;0;0;0;1;1;0;7;2;0;3;0;2;2;0;0;0;2;0;0;eliteResidentProduction;64;;140;122;2;0
1037;346;1;3;0;0;1;1;0;0;0;0;0;0;1;0;0;0;0;0;0;0;1;1;0;7;2;0;3;1;1;2;1;1;0;0;0;0;factoryVariety;64;;74;126;1;1
1038;346;2;1;1;0;1;1;0;0;0;0;0;0;1;0;0;0;0;0;0;0;1;1;0;7;2;0;2;2;2;1;1;0;1;0;0;0;eliteResidentProduction;64;;142;110;3;0
1039;347;0;1;1;1;0;1;0;0;0;0;0;0;0;0;0;0;1;0;1;0;0;0;1;7;2;0;2;2;2;1;1;1;0;0;0;0;adaptiveResidentStrategy;145;;50;146;1;1
1040;347;1;2;0;1;0;1;0;0;0;0;0;0;0;0;0;0;1;0;1;0;0;0;1;7;2;0;6;1;0;0;0;0;1;0;1;0;adaptiveResidentStrategy;145;;52;138;3;0
1041;347;2;3;0;1;0;1;0;0;0;0;0;0;0;0;0;0;1;0;1;0;0;0;1;7;2;0;4;1;2;0;0;0;2;0;0;0;adaptiveResidentStrategy;145;;75;145;2;0
1042;348;0;3;0;0;0;0;0;1;0;0;1;1;1;0;0;0;1;0;0;0;0;0;0;7;2;0;4;1;3;1;0;0;0;0;0;0;shipBuilding;210;;34;121;1;1
1043;348;1;1;1;0;0;0;0;1;0;0;1;1;1;0;0;0;1;0;0;0;0;0;0;7;2;0;4;2;1;1;1;0;0;0;0;0;explorationFocus;210;;84;85;3;0
1044;348;2;2;0;0;0;0;0;1;0;0;1;1;1;0;0;0;1;0;0;0;0;0;0;7;2;0;3;2;1;2;1;0;0;0;0;0;explorationFocus;210;;135;94;2;0
1045;349;0;2;0;1;0;1;0;0;0;0;1;1;0;0;0;0;1;0;0;0;0;0;0;7;2;0;5;2;0;1;1;0;0;0;0;0;explorationFocus;77;;56;126;1;1
1046;349;1;3;0;1;0;0;0;0;1;0;1;1;0;0;0;0;1;0;0;0;0;0;0;7;2;0;1;4;0;2;1;0;1;0;0;0;factoryVariety;77;;126;96;3;0
1047;349;2;1;1;1;0;1;0;0;0;0;1;1;0;0;0;0;1;0;0;0;0;0;0;7;2;0;4;0;3;0;1;0;0;0;1;0;explorationFocus;77;;107;126;1;1
1048;350;0;2;0;1;1;0;0;0;0;0;0;1;1;0;0;0;0;0;0;0;0;0;1;7;2;0;3;2;1;1;0;1;0;1;0;0;eliteResidentProduction;113;;33;131;1;1
1049;350;1;3;0;1;1;0;0;0;0;0;0;1;1;0;0;0;0;0;0;0;0;0;1;7;2;0;5;2;0;1;0;0;1;0;0;0;eliteResidentProduction;113;;109;102;3;0
1050;350;2;1;1;1;1;0;0;0;0;0;0;1;1;0;0;0;0;0;0;0;0;0;1;7;2;0;2;4;2;0;1;0;0;0;0;0;shipBuilding;113;;39;113;2;0
1051;351;0;2;0;1;1;1;0;1;0;0;0;1;0;0;0;0;0;0;0;0;0;0;0;7;2;0;4;3;1;0;0;0;1;0;0;0;factoryVariety;222;;102;112;2;0
1052;351;1;3;0;1;1;1;0;1;0;0;0;1;0;0;0;0;0;0;0;0;0;0;0;7;2;0;2;0;6;0;1;0;0;0;0;0;balanced;222;;91;83;3;0
1053;351;2;1;1;1;1;1;0;1;0;0;0;1;0;0;0;0;0;0;0;0;0;0;0;7;2;0;2;4;1;2;0;0;0;0;0;0;explorationFocus;222;;61;155;1;1
1054;352;0;3;0;1;0;0;0;0;0;1;1;0;0;0;0;0;0;0;0;0;1;1;0;7;2;0;5;1;0;1;0;1;1;0;0;0;factoryVariety;164;;101;116;2;0
1055;352;1;1;1;1;0;0;0;0;0;1;1;0;0;0;0;0;0;0;0;0;1;1;0;7;2;0;4;1;2;0;0;0;2;0;0;0;eliteResidentProduction;164;;70;112;3;0
1056;352;2;2;0;1;0;0;0;0;0;1;1;0;0;0;0;0;0;0;0;0;1;1;0;7;2;0;0;1;4;3;1;0;0;0;0;0;factoryVariety;164;;42;122;1;1
1057;353;0;3;0;0;1;0;0;0;0;1;0;0;1;0;0;0;0;0;0;0;0;1;1;7;2;0;3;1;2;2;0;1;0;0;0;0;eliteResidentProduction;173;;76;140;2;0
1058;353;1;1;1;0;1;0;0;0;0;1;0;0;1;0;0;0;0;0;0;0;0;1;1;7;2;0;3;1;3;0;2;0;0;0;0;0;factoryVariety;173;;122;104;3;0
1059;353;2;2;0;0;1;0;0;0;0;1;0;0;1;0;0;0;0;0;0;0;0;1;1;7;2;0;4;2;1;0;1;0;0;1;0;0;eliteResidentProduction;173;;134;149;1;1
1060;354;0;1;1;0;0;1;0;0;0;0;0;0;1;0;1;0;0;0;1;0;1;0;0;7;2;0;4;1;0;2;0;0;1;1;0;0;eliteResidentProduction;55;;32;142;1;1
1061;354;1;2;0;0;0;1;0;0;0;0;0;0;1;0;1;0;0;0;1;0;1;0;0;7;2;0;2;3;2;1;0;0;1;0;0;0;explorationFocus;55;;47;104;3;0
1062;354;2;3;0;0;0;1;0;0;0;0;0;0;1;0;1;0;0;0;1;0;1;0;0;7;2;0;3;1;3;1;1;0;0;0;0;0;factoryVariety;55;;82;111;2;0
1063;355;0;3;0;0;0;0;0;0;0;0;0;0;0;0;1;0;1;0;1;0;1;1;0;7;2;0;3;2;1;1;2;0;0;0;0;0;adaptiveResidentStrategy;300;aborted_300_rounds;57;118;1;1
1064;355;1;1;1;0;0;0;0;0;0;0;0;0;0;0;1;0;1;0;1;0;1;1;0;7;2;0;5;0;0;2;0;0;0;1;1;0;adaptiveResidentStrategy;300;aborted_300_rounds;29;88;3;0
1065;355;2;2;0;0;0;0;0;0;0;0;0;0;0;0;1;0;1;0;1;0;1;1;0;7;2;0;2;3;1;1;1;1;0;0;0;0;shipBuilding;300;aborted_300_rounds;87;100;2;0
1066;356;0;1;1;1;0;1;0;1;0;0;0;0;0;0;0;0;1;0;0;0;0;0;1;7;2;0;3;1;1;2;1;0;0;1;0;0;explorationFocus;153;;119;92;3;0
1067;356;1;2;0;1;0;1;0;1;0;0;0;0;0;0;0;0;1;0;0;0;0;0;1;7;2;0;4;1;1;1;1;0;0;1;0;0;eliteResidentProduction;153;;129;105;2;0
1068;356;2;3;0;1;0;1;0;1;0;0;0;0;0;0;0;0;1;0;0;0;0;0;1;7;2;0;1;3;3;0;0;0;1;0;1;0;factoryVariety;153;;56;143;1;1
1069;357;0;1;1;0;0;0;0;0;0;0;0;1;0;0;1;0;1;0;1;0;1;0;0;7;2;0;6;0;0;1;1;0;0;0;1;0;balanced;217;;41;138;1;1
1070;357;1;2;0;0;0;0;0;0;0;0;0;1;0;0;1;0;1;0;1;0;1;0;0;7;2;0;3;2;3;0;0;0;0;1;0;0;factoryVariety;217;;113;96;2;0
1071;357;2;3;0;0;0;0;0;0;0;0;0;1;0;0;1;0;1;0;1;0;1;0;0;7;2;0;1;3;3;1;0;0;1;0;0;0;eliteResidentProduction;217;;51;93;3;0
1072;358;0;3;0;0;0;0;0;1;0;1;1;1;0;0;0;0;0;0;0;0;0;1;0;7;2;0;4;1;1;1;1;0;1;0;0;0;factoryVariety;245;;43;103;2;0
1073;358;1;1;1;0;0;0;0;1;0;1;1;1;0;0;0;0;0;0;0;0;0;1;0;7;2;0;5;2;1;0;0;0;1;0;0;0;shipBuilding;245;;98;87;3;0
1074;358;2;2;0;0;0;0;0;0;1;1;1;1;0;0;0;0;0;0;0;0;0;1;0;7;2;0;2;2;3;0;1;1;0;0;0;0;balanced;245;;93;124;1;1
1075;359;0;2;0;0;0;1;0;1;0;0;0;0;0;0;0;0;1;0;0;0;1;0;1;7;2;0;3;2;2;0;0;0;1;1;0;0;adaptiveResidentStrategy;217;;145;112;2;0
1076;359;1;3;0;0;0;1;0;1;0;0;0;0;0;0;0;0;1;0;0;0;1;0;1;7;2;0;5;1;1;0;0;0;2;0;0;0;adaptiveResidentStrategy;217;;73;90;3;0
1077;359;2;1;1;0;0;1;0;1;0;0;0;0;0;0;0;0;1;0;0;0;1;0;1;7;2;0;5;1;1;1;1;0;0;0;0;0;adaptiveResidentStrategy;217;;143;159;1;1
1078;360;0;1;1;1;0;0;0;1;0;0;0;0;0;0;0;0;0;0;0;0;1;1;1;7;2;0;2;3;1;2;0;0;0;1;0;0;adaptiveResidentStrategy;178;;65;146;2;0
1079;360;1;2;0;1;0;0;0;1;0;0;0;0;0;0;0;0;0;0;0;0;1;1;1;7;2;0;3;4;1;0;0;0;0;1;0;0;factoryVariety;178;;122;163;1;1
1080;360;2;3;0;1;0;0;0;1;0;0;0;0;0;0;0;0;0;0;0;0;1;1;1;7;2;0;4;1;1;1;0;2;0;0;0;0;factoryVariety;178;;50;113;3;0
1081;361;0;2;0;1;0;0;0;1;0;0;1;0;0;0;1;0;1;0;0;0;0;0;0;7;2;0;3;2;3;0;1;0;0;0;0;0;explorationFocus;190;;56;130;3;0
1082;361;1;3;0;1;0;0;0;1;0;0;1;0;0;0;1;0;1;0;0;0;0;0;0;7;2;0;3;2;2;1;0;0;1;0;0;0;shipBuilding;190;;126;165;1;1
1083;361;2;1;1;1;0;0;0;1;0;0;1;0;0;0;1;0;1;0;0;0;0;0;0;7;2;0;4;2;0;2;0;1;0;0;0;0;shipBuilding;190;;102;154;2;0
1084;362;0;3;0;0;0;0;0;1;0;0;0;1;1;0;1;0;1;0;0;0;0;0;0;7;2;0;2;3;2;1;1;0;0;0;0;0;factoryVariety;115;;138;85;3;0
1085;362;1;1;1;0;0;0;0;1;0;0;0;1;1;0;1;0;1;0;0;0;0;0;0;7;2;0;2;1;3;1;1;0;1;0;0;0;shipBuilding;115;;141;111;2;0
1086;362;2;2;0;0;0;0;0;1;0;0;0;1;1;0;1;0;1;0;0;0;0;0;0;7;2;0;3;3;2;0;0;1;0;0;0;0;explorationFocus;115;;74;129;1;1
1087;363;0;1;1;1;1;1;0;0;0;0;0;0;0;0;1;0;1;0;0;0;0;0;0;7;2;0;4;0;3;1;1;0;0;0;0;0;adaptiveResidentStrategy;123;;70;164;1;1
1088;363;1;2;0;1;1;1;0;0;0;0;0;0;0;0;1;0;1;0;0;0;0;0;0;7;2;0;5;0;1;1;2;0;0;0;0;0;balanced;123;;95;151;3;0
1089;363;2;3;0;1;1;1;0;0;0;0;0;0;0;0;1;0;1;0;0;0;0;0;0;7;2;0;3;2;1;2;1;0;0;0;0;0;eliteResidentProduction;123;;109;162;2;0
1090;364;0;1;1;0;0;1;0;0;0;0;0;0;1;0;1;0;0;0;0;0;1;0;1;7;2;0;3;2;2;0;0;0;1;0;1;0;adaptiveResidentStrategy;275;;108;93;2;0
1091;364;1;2;0;0;0;1;0;0;0;0;0;0;1;0;1;0;0;0;0;0;1;0;1;7;2;0;3;1;2;2;0;0;0;0;1;0;eliteResidentProduction;275;;153;90;3;0
1092;364;2;3;0;0;0;1;0;0;0;0;0;0;1;0;1;0;0;0;0;0;1;0;1;7;2;0;5;1;0;1;1;0;1;0;0;0;balanced;275;;80;144;1;1
1093;365;0;3;0;0;0;0;0;0;0;0;1;0;1;0;1;0;1;0;0;0;0;1;0;7;2;0;4;2;1;0;1;0;1;0;0;0;factoryVariety;155;;77;144;2;0
1094;365;1;1;1;0;0;0;0;0;0;0;1;0;1;0;1;0;1;0;0;0;0;1;0;7;2;0;2;3;0;2;0;0;2;0;0;0;shipBuilding;155;;87;135;3;0
1095;365;2;2;0;0;0;0;0;0;0;0;1;0;1;0;1;0;1;0;0;0;0;1;0;7;2;0;3;0;3;1;1;0;1;0;0;0;adaptiveResidentStrategy;155;;54;150;1;1
1096;366;0;3;0;1;1;1;0;0;0;1;0;0;0;0;0;0;0;0;0;0;0;0;1;7;2;0;5;1;2;0;0;0;0;1;0;0;balanced;300;aborted_300_rounds;133;127;2;0
1097;366;1;1;1;1;1;1;0;0;0;1;0;0;0;0;0;0;0;0;0;0;0;0;1;7;2;0;3;2;2;1;1;0;0;0;0;0;adaptiveResidentStrategy;300;aborted_300_rounds;59;136;1;1
1098;366;2;2;0;1;1;1;0;0;0;1;0;0;0;0;0;0;0;0;0;0;0;0;1;7;2;0;2;2;2;2;1;0;0;0;0;0;factoryVariety;300;aborted_300_rounds;43;105;3;0
1099;367;0;1;1;1;0;1;0;0;0;0;1;0;1;0;0;0;0;0;0;0;0;0;1;7;2;0;3;2;1;1;1;0;0;1;0;0;balanced;210;;58;129;2;0
1100;367;1;2;0;1;0;1;0;0;0;0;1;0;1;0;0;0;0;0;0;0;0;0;1;7;2;0;4;2;1;0;1;0;1;0;0;0;adaptiveResidentStrategy;210;;153;161;1;1
1101;367;2;3;0;1;0;1;0;0;0;0;1;0;1;0;0;0;0;0;0;0;0;0;1;7;2;0;2;1;3;1;0;0;1;0;1;0;balanced;210;;147;94;3;0
1102;368;0;1;1;1;1;0;0;0;0;0;0;0;0;0;1;0;0;0;1;0;0;0;1;7;2;0;4;2;1;0;0;0;1;1;0;0;eliteResidentProduction;115;;34;87;3;0
1103;368;1;2;0;1;1;0;0;0;0;0;0;0;0;0;1;0;0;0;1;0;0;0;1;7;2;0;3;1;2;1;1;0;0;0;1;0;explorationFocus;115;;58;123;1;1
1104;368;2;3;0;1;1;0;0;0;0;0;0;0;0;0;1;0;0;0;1;0;0;0;1;7;2;0;3;2;1;1;0;0;1;1;0;0;shipBuilding;115;;56;112;2;0
1105;369;0;1;1;1;1;0;0;0;0;0;0;0;1;0;0;0;0;0;1;0;0;1;0;7;2;0;5;1;2;0;0;1;0;0;0;0;explorationFocus;114;;114;156;2;0
1106;369;1;2;0;1;1;0;0;0;0;0;0;0;1;0;0;0;0;0;1;0;0;1;0;7;2;0;2;3;1;1;1;0;1;0;0;0;explorationFocus;114;;124;165;1;1
1107;369;2;3;0;1;1;0;0;0;0;0;0;0;1;0;0;0;0;0;1;0;0;1;0;7;2;0;2;3;0;2;1;0;1;0;0;0;explorationFocus;114;;71;121;3;0
1108;370;0;2;0;0;0;1;0;1;0;1;0;0;0;0;0;0;1;0;0;0;0;1;0;7;2;0;3;2;1;1;1;0;0;1;0;0;eliteResidentProduction;133;;36;121;1;1
1109;370;1;3;0;0;0;1;0;1;0;1;0;0;0;0;0;0;1;0;0;0;0;1;0;7;2;0;3;1;0;3;0;0;2;0;0;0;balanced;133;;113;119;2;0
1110;370;2;1;1;0;0;1;0;1;0;1;0;0;0;0;0;0;1;0;0;0;0;1;0;7;2;0;4;1;2;0;1;0;0;1;0;0;eliteResidentProduction;133;;93;86;3;0
1111;371;0;3;0;0;0;0;0;0;0;0;1;0;1;0;1;0;0;0;0;0;0;1;1;7;2;0;5;0;3;0;0;0;1;0;0;0;factoryVariety;200;;139;142;2;0
1112;371;1;1;1;0;0;0;0;0;0;0;1;0;1;0;1;0;0;0;0;0;0;1;1;7;2;0;2;1;3;1;1;0;0;1;0;0;adaptiveResidentStrategy;200;;142;137;3;0
1113;371;2;2;0;0;0;0;0;0;0;0;1;0;1;0;1;0;0;0;0;0;0;1;1;7;2;0;4;2;1;0;0;1;0;1;0;0;balanced;200;;134;156;1;1
1114;372;0;2;0;1;0;0;0;0;0;1;1;0;0;0;1;0;0;0;0;0;1;0;0;7;2;0;3;2;1;1;0;1;0;0;1;0;factoryVariety;125;;146;154;1;1
1115;372;1;3;0;1;0;0;0;0;0;1;1;0;0;0;1;0;0;0;0;0;1;0;0;7;2;0;5;1;0;1;0;0;2;0;0;0;balanced;125;;107;84;3;0
1116;372;2;1;1;1;0;0;0;0;0;1;1;0;0;0;1;0;0;0;0;0;1;0;0;7;2;0;2;2;2;2;1;0;0;0;0;0;balanced;125;;28;104;2;0
1117;373;0;1;1;0;0;1;0;0;0;0;1;0;0;0;1;0;0;0;0;0;1;0;1;7;2;0;5;1;1;0;1;1;0;0;0;0;factoryVariety;90;;35;159;1;1
1118;373;1;2;0;0;0;1;0;0;0;0;1;0;0;0;1;0;0;0;0;0;1;0;1;7;2;0;2;2;2;1;1;0;0;1;0;0;eliteResidentProduction;90;;124;97;3;0
1119;373;2;3;0;0;0;1;0;0;0;0;1;0;0;0;1;0;0;0;0;0;1;0;1;7;2;0;4;2;1;1;0;0;0;1;0;0;balanced;90;;98;124;2;0
1120;374;0;1;1;0;1;0;0;1;0;0;0;0;1;0;0;0;0;0;1;0;0;0;1;7;2;0;4;1;1;2;0;1;0;0;0;0;factoryVariety;103;;68;162;2;0
1121;374;1;2;0;0;1;0;0;1;0;0;0;0;1;0;0;0;0;0;1;0;0;0;1;7;2;0;3;4;0;0;1;0;1;0;0;0;factoryVariety;103;;94;139;3;0
1122;374;2;3;0;0;1;0;0;1;0;0;0;0;1;0;0;0;0;0;1;0;0;0;1;7;2;0;3;1;3;0;1;0;0;0;1;0;eliteResidentProduction;103;;144;164;1;1
1123;375;0;3;0;0;0;0;0;1;0;0;0;1;1;0;0;0;1;0;1;0;0;0;0;7;2;0;4;1;1;1;2;0;0;0;0;0;balanced;105;;131;163;1;1
1124;375;1;1;1;0;0;0;0;1;0;0;0;1;1;0;0;0;1;0;1;0;0;0;0;7;2;0;5;1;1;1;0;0;0;1;0;0;eliteResidentProduction;105;;32;128;3;0
1125;375;2;2;0;0;0;0;0;1;0;0;0;1;1;0;0;0;1;0;1;0;0;0;0;7;2;0;2;3;2;0;1;1;0;0;0;0;eliteResidentProduction;105;;134;152;2;0
1126;376;0;2;0;0;1;1;0;1;0;1;0;1;0;0;0;0;0;0;0;0;0;0;0;7;2;0;4;1;1;1;1;0;1;0;0;0;adaptiveResidentStrategy;173;;89;122;2;0
1127;376;1;3;0;0;1;1;0;1;0;1;0;1;0;0;0;0;0;0;0;0;0;0;0;7;2;0;3;1;2;1;1;0;1;0;0;0;explorationFocus;173;;135;129;1;1
1128;376;2;1;1;0;1;1;0;1;0;1;0;1;0;0;0;0;0;0;0;0;0;0;0;7;2;0;4;0;2;1;1;0;1;0;0;0;explorationFocus;173;;65;118;3;0
1129;377;0;1;1;1;0;1;0;0;0;0;0;0;0;0;1;0;1;0;0;0;0;0;1;7;2;0;2;2;2;2;0;0;1;0;0;0;eliteResidentProduction;205;;130;145;2;0
1130;377;1;2;0;1;0;1;0;0;0;0;0;0;0;0;1;0;1;0;0;0;0;0;1;7;2;0;1;2;4;1;0;0;0;1;0;0;factoryVariety;205;;88;155;1;1
1131;377;2;3;0;1;0;1;0;0;0;0;0;0;0;0;1;0;1;0;0;0;0;0;1;7;2;0;4;2;1;0;1;1;0;0;0;0;balanced;205;;114;102;3;0
1132;378;0;2;0;1;0;0;0;0;0;0;1;1;1;0;0;0;0;0;0;0;1;0;0;7;2;0;2;2;3;2;0;0;0;0;0;0;explorationFocus;135;;82;92;3;0
1133;378;1;3;0;1;0;0;0;0;0;0;1;1;1;0;0;0;0;0;0;0;1;0;0;7;2;0;4;1;2;1;1;0;0;0;0;0;adaptiveResidentStrategy;135;;91;99;2;0
1134;378;2;1;1;1;0;0;0;0;0;0;1;1;1;0;0;0;0;0;0;0;1;0;0;7;2;0;4;2;2;0;0;0;1;0;0;0;explorationFocus;135;;97;115;1;1
1135;379;0;2;0;0;1;0;0;0;0;1;0;0;1;0;0;0;0;0;0;0;1;0;1;7;2;0;3;1;3;1;1;0;0;0;0;0;eliteResidentProduction;73;;71;110;3;0
1136;379;1;3;0;0;1;0;0;0;0;1;0;0;1;0;0;0;0;0;0;0;1;0;1;7;2;0;2;1;2;2;2;0;0;0;0;0;balanced;73;;114;164;1;1
1137;379;2;1;1;0;1;0;0;0;0;1;0;0;1;0;0;0;0;0;0;0;1;0;1;7;2;0;6;1;1;0;0;1;0;0;0;0;factoryVariety;73;;140;128;2;0
1138;380;0;3;0;1;0;0;0;0;0;1;0;0;0;0;0;0;1;0;0;0;1;0;1;7;2;0;6;0;0;1;1;1;0;0;0;0;balanced;85;;148;155;2;0
1139;380;1;1;1;1;0;0;0;0;0;1;0;0;0;0;0;0;1;0;0;0;1;0;1;7;2;0;5;1;2;0;0;0;0;1;0;0;balanced;85;;112;153;3;0
1140;380;2;2;0;1;0;0;0;0;0;1;0;0;0;0;0;0;1;0;0;0;1;0;1;7;2;0;2;1;1;4;1;0;0;0;0;0;eliteResidentProduction;85;;98;163;1;1
1141;381;0;1;1;0;0;0;0;0;0;0;1;0;0;0;1;0;1;0;0;0;1;1;0;7;2;0;4;1;1;1;0;0;0;2;0;0;factoryVariety;64;;84;104;3;0
1142;381;1;2;0;0;0;0;0;0;0;0;1;0;0;0;1;0;1;0;0;0;1;1;0;7;2;0;4;2;1;1;0;0;1;0;0;0;balanced;64;;144;140;1;1
1143;381;2;3;0;0;0;0;0;0;0;0;1;0;0;0;1;0;1;0;0;0;1;1;0;7;2;0;5;0;1;1;1;1;0;0;0;0;explorationFocus;64;;115;139;2;0
1144;382;0;2;0;0;1;0;0;1;0;0;0;0;1;0;1;0;0;0;0;0;1;0;0;7;2;0;3;0;3;1;1;0;1;0;0;0;eliteResidentProduction;145;;88;164;1;1
1145;382;1;3;0;0;1;0;0;1;0;0;0;0;1;0;1;0;0;0;0;0;1;0;0;7;2;0;3;1;1;2;1;0;1;0;0;0;adaptiveResidentStrategy;145;;72;95;3;0
1146;382;2;1;1;0;1;0;0;1;0;0;0;0;1;0;1;0;0;0;0;0;1;0;0;7;2;0;5;1;0;1;2;0;0;0;0;0;shipBuilding;145;;53;145;2;0
1147;383;0;2;0;1;0;0;0;0;0;1;0;0;0;0;1;0;0;0;1;0;1;0;0;7;2;0;3;1;3;1;0;0;1;0;0;0;shipBuilding;210;;119;149;1;1
1148;383;1;3;0;1;0;0;0;0;0;1;0;0;0;0;1;0;0;0;1;0;1;0;0;7;2;0;4;4;0;0;1;0;0;0;0;0;shipBuilding;210;;145;115;3;0
1149;383;2;1;1;1;0;0;0;0;0;1;0;0;0;0;1;0;0;0;1;0;1;0;0;7;2;0;4;1;1;1;0;0;1;0;1;0;adaptiveResidentStrategy;210;;63;119;2;0
1150;384;0;2;0;0;1;0;0;0;0;0;0;1;1;0;0;0;0;0;0;0;1;0;1;7;2;0;0;3;4;0;1;0;1;0;0;0;explorationFocus;77;;28;125;2;0
1151;384;1;3;0;0;1;0;0;0;0;0;0;1;1;0;0;0;0;0;0;0;1;0;1;7;2;0;4;1;2;1;1;0;0;0;0;0;explorationFocus;77;;105;111;3;0
1152;384;2;1;1;0;1;0;0;0;0;0;0;1;1;0;0;0;0;0;0;0;1;0;1;7;2;0;4;1;0;2;1;1;0;0;0;0;explorationFocus;77;;109;154;1;1
1153;385;0;2;0;0;0;1;0;1;0;0;0;0;1;0;0;0;1;0;0;0;1;0;0;7;2;0;5;0;1;1;1;0;1;0;0;0;shipBuilding;113;;38;131;1;1
1154;385;1;3;0;0;0;1;0;1;0;0;0;0;1;0;0;0;1;0;0;0;1;0;0;7;2;0;3;5;0;1;0;0;0;0;0;0;factoryVariety;113;;141;128;2;0
1155;385;2;1;1;0;0;1;0;1;0;0;0;0;1;0;0;0;1;0;0;0;1;0;0;7;2;0;1;3;1;3;0;0;0;1;0;0;shipBuilding;113;;106;85;3;0
1156;386;0;1;1;1;1;0;0;0;0;0;0;1;0;0;0;0;0;0;1;0;0;0;1;7;2;0;4;2;2;0;0;0;0;1;0;0;explorationFocus;222;;35;96;3;0
1157;386;1;2;0;1;1;0;0;0;0;0;0;1;0;0;0;0;0;0;1;0;0;0;1;7;2;0;5;1;1;1;0;0;1;0;0;0;eliteResidentProduction;222;;109;146;2;0
1158;386;2;3;0;1;1;0;0;0;0;0;0;1;0;0;0;0;0;0;1;0;0;0;1;7;2;0;2;2;3;1;1;0;0;0;0;0;explorationFocus;222;;150;163;1;1
1159;387;0;2;0;0;0;0;0;1;0;0;1;1;0;0;0;0;1;0;0;0;0;0;1;7;2;0;3;1;2;1;1;0;0;1;0;0;eliteResidentProduction;164;;83;111;2;0
1160;387;1;3;0;0;0;0;0;1;0;0;1;1;0;0;0;0;1;0;0;0;0;0;1;7;2;0;3;2;1;1;1;0;0;1;0;0;adaptiveResidentStrategy;164;;72;87;3;0
1161;387;2;1;1;0;0;0;0;1;0;0;1;1;0;0;0;0;1;0;0;0;0;0;1;7;2;0;4;1;1;2;0;0;1;0;0;0;balanced;164;;136;124;1;1
1162;388;0;2;0;0;1;0;0;0;0;1;0;1;1;0;0;0;0;0;0;0;1;0;0;7;2;0;5;1;1;1;1;0;0;0;0;0;explorationFocus;173;;86;137;2;0
1163;388;1;3;0;0;1;0;0;0;0;1;0;1;1;0;0;0;0;0;0;0;1;0;0;7;2;0;2;3;3;1;0;0;0;0;0;0;eliteResidentProduction;173;;122;129;3;0
1164;388;2;1;1;0;1;0;0;0;0;1;0;1;1;0;0;0;0;0;0;0;1;0;0;7;2;0;1;3;2;1;0;1;1;0;0;0;eliteResidentProduction;173;;92;158;1;1
1165;389;0;2;0;1;0;0;0;1;0;0;0;0;0;0;1;0;1;0;1;0;0;0;0;7;2;0;3;1;2;1;0;1;0;0;1;0;explorationFocus;55;;118;117;1;1
1166;389;1;3;0;1;0;0;0;1;0;0;0;0;0;0;1;0;1;0;1;0;0;0;0;7;2;0;4;1;3;0;1;0;0;0;0;0;eliteResidentProduction;55;;33;111;2;0
1167;389;2;1;1;1;0;0;0;1;0;0;0;0;0;0;1;0;1;0;1;0;0;0;0;7;2;0;5;1;1;0;0;0;0;2;0;0;factoryVariety;55;;32;103;3;0
1168;390;0;3;0;0;1;1;0;1;0;1;0;1;0;0;0;0;0;0;0;0;0;0;0;7;2;0;4;1;1;1;0;0;0;2;0;0;explorationFocus;300;aborted_300_rounds;89;131;1;1
1169;390;1;1;1;0;1;1;0;1;0;1;0;1;0;0;0;0;0;0;0;0;0;0;0;7;2;0;4;1;2;1;1;0;0;0;0;0;explorationFocus;300;aborted_300_rounds;46;87;3;0
1170;390;2;2;0;0;1;1;0;1;0;1;0;1;0;0;0;0;0;0;0;0;0;0;0;7;2;0;3;2;2;1;0;0;1;0;0;0;explorationFocus;300;aborted_300_rounds;31;110;2;0
1171;391;0;3;0;1;0;0;0;1;0;0;0;0;0;0;0;0;1;0;0;0;1;1;0;7;2;0;4;1;3;1;0;0;0;0;0;0;balanced;153;;28;129;1;1
1172;391;1;1;1;1;0;0;0;1;0;0;0;0;0;0;0;0;1;0;0;0;1;1;0;7;2;0;4;2;1;0;0;1;1;0;0;0;explorationFocus;153;;142;128;2;0
1173;391;2;2;0;1;0;0;0;1;0;0;0;0;0;0;0;0;1;0;0;0;1;1;0;7;2;0;3;0;2;3;0;0;1;0;0;0;shipBuilding;153;;133;100;3;0
1174;392;0;2;0;1;0;0;0;0;0;1;0;1;1;0;0;0;0;0;0;0;0;1;0;7;2;0;5;0;1;1;1;0;1;0;0;0;factoryVariety;217;;78;147;1;1
1175;392;1;3;0;1;0;0;0;0;0;1;0;1;1;0;0;0;0;0;0;0;0;1;0;7;2;0;4;3;0;1;1;0;0;0;0;0;eliteResidentProduction;217;;87;83;3;0
1176;392;2;1;1;1;0;0;0;0;0;1;0;1;1;0;0;0;0;0;0;0;0;1;0;7;2;0;3;3;2;0;0;1;0;0;0;0;balanced;217;;48;99;2;0
1177;393;0;1;1;0;0;1;0;0;0;0;1;0;1;0;1;0;0;0;0;0;0;1;0;7;2;0;5;1;1;1;1;0;0;0;0;0;eliteResidentProduction;245;;68;128;1;1
1178;393;1;2;0;0;0;1;0;0;0;0;1;0;1;0;1;0;0;0;0;0;0;1;0;7;2;0;4;2;1;0;1;0;0;0;1;0;adaptiveResidentStrategy;245;;60;91;2;0
1179;393;2;3;0;0;0;1;0;0;0;0;1;0;1;0;1;0;0;0;0;0;0;1;0;7;2;0;5;1;1;0;0;0;2;0;0;0;explorationFocus;245;;60;90;3;0
1180;394;0;1;1;1;0;0;0;0;0;0;0;0;0;0;0;0;0;0;1;0;1;1;1;7;2;0;4;2;1;0;1;0;0;1;0;0;factoryVariety;217;;117;150;2;0
1181;394;1;2;0;1;0;0;0;0;0;0;0;0;0;0;0;0;0;0;1;0;1;1;1;7;2;0;5;3;0;1;0;0;0;0;0;0;factoryVariety;217;;74;163;1;1
1182;394;2;3;0;1;0;0;0;0;0;0;0;0;0;0;0;0;0;0;1;0;1;1;1;7;2;0;3;0;2;2;1;0;0;0;1;0;adaptiveResidentStrategy;217;;72;145;3;0
1183;395;0;3;0;0;0;1;0;0;0;0;0;1;0;0;1;0;0;0;0;0;1;1;0;7;2;0;3;2;2;1;0;0;1;0;0;0;adaptiveResidentStrategy;178;;56;161;1;1
1184;395;1;1;1;0;0;1;0;0;0;0;0;1;0;0;1;0;0;0;0;0;1;1;0;7;2;0;4;1;2;1;0;0;1;0;0;0;factoryVariety;178;;126;92;3;0
1185;395;2;2;0;0;0;1;0;0;0;0;0;1;0;0;1;0;0;0;0;0;1;1;0;7;2;0;1;2;3;2;0;1;0;0;0;0;adaptiveResidentStrategy;178;;64;137;2;0
1186;396;0;3;0;0;1;1;0;0;0;0;0;0;0;0;1;0;1;0;0;0;1;0;0;7;2;0;7;0;0;0;0;1;0;1;0;0;shipBuilding;190;;37;145;1;1
1187;396;1;1;1;0;1;1;0;0;0;0;0;0;0;0;1;0;1;0;0;0;1;0;0;7;2;0;2;1;5;0;1;0;0;0;0;0;factoryVariety;190;;103;125;2;0
1188;396;2;2;0;0;1;1;0;0;0;0;0;0;0;0;1;0;1;0;0;0;1;0;0;7;2;0;6;0;2;0;1;0;0;0;0;0;eliteResidentProduction;190;;56;85;3;0
1189;397;0;3;0;1;0;0;0;0;0;0;0;1;0;0;0;0;0;0;1;0;0;1;1;7;2;0;5;1;1;0;1;0;0;0;1;0;factoryVariety;115;;48;94;3;0
1190;397;1;1;1;1;0;0;0;0;0;0;0;1;0;0;0;0;0;0;1;0;0;1;1;7;2;0;2;2;2;1;1;0;1;0;0;0;adaptiveResidentStrategy;115;;62;119;2;0
1191;397;2;2;0;1;0;0;0;0;0;0;0;1;0;0;0;0;0;0;1;0;0;1;1;7;2;0;4;2;3;0;0;0;0;0;0;0;factoryVariety;115;;37;120;1;1
1192;398;0;3;0;1;0;1;0;0;0;0;1;0;0;0;0;0;1;0;0;0;0;1;0;7;2;0;3;3;0;1;1;0;1;0;0;0;balanced;123;;135;147;1;1
1193;398;1;1;1;1;0;1;0;0;0;0;1;0;0;0;0;0;1;0;0;0;0;1;0;7;2;0;2;4;1;1;1;0;0;0;0;0;eliteResidentProduction;123;;46;121;3;0
1194;398;2;2;0;1;0;1;0;0;0;0;1;0;0;0;0;0;1;0;0;0;0;1;0;7;2;0;5;0;2;1;0;0;1;0;0;0;factoryVariety;123;;85;136;2;0
1195;399;0;2;0;0;0;0;0;0;0;0;1;0;1;0;1;0;1;0;1;0;0;0;0;7;2;0;3;2;2;2;0;0;0;0;0;0;eliteResidentProduction;275;;74;93;2;0
1196;399;1;3;0;0;0;0;0;0;0;0;1;0;1;0;1;0;1;0;1;0;0;0;0;7;2;0;1;2;4;1;0;0;0;1;0;0;adaptiveResidentStrategy;275;;112;90;3;0
1197;399;2;1;1;0;0;0;0;0;0;0;1;0;1;0;1;0;1;0;1;0;0;0;0;7;2;0;4;3;1;0;0;0;0;0;1;0;factoryVariety;275;;30;96;1;1
1198;400;0;2;0;0;1;0;0;1;0;0;0;0;0;0;0;0;0;0;0;0;1;1;1;7;2;0;3;1;1;2;1;0;0;1;0;0;explorationFocus;300;aborted_300_rounds;47;160;1;1
1199;400;1;3;0;0;1;0;0;1;0;0;0;0;0;0;0;0;0;0;0;0;1;1;1;7;2;0;5;1;0;1;1;0;1;0;0;0;adaptiveResidentStrategy;300;aborted_300_rounds;146;113;2;0
1200;400;2;1;1;0;1;0;0;1;0;0;0;0;0;0;0;0;0;0;0;0;1;1;1;7;2;0;4;3;0;0;1;0;0;1;0;0;adaptiveResidentStrategy;300;aborted_300_rounds;90;100;3;0
1201;401;0;3;0;1;0;0;0;0;0;1;1;0;0;0;0;0;0;0;0;0;1;1;0;7;2;0;2;2;2;2;0;0;0;1;0;0;explorationFocus;125;;111;98;2;0
1202;401;1;1;1;1;0;0;0;0;0;1;1;0;0;0;0;0;0;0;0;0;1;1;0;7;2;0;4;1;1;1;1;0;0;0;1;0;eliteResidentProduction;125;;107;82;3;0
1203;401;2;2;0;1;0;0;0;0;0;1;1;0;0;0;0;0;0;0;0;0;1;1;0;7;2;0;2;3;2;1;0;0;1;0;0;0;shipBuilding;125;;58;130;1;1
1204;402;0;3;0;0;0;1;0;0;0;1;0;0;1;0;0;0;1;0;0;0;0;1;0;7;2;0;1;3;2;1;0;1;1;0;0;0;eliteResidentProduction;90;;68;140;2;0
1205;402;1;1;1;0;0;1;0;0;0;1;0;0;1;0;0;0;1;0;0;0;0;1;0;7;2;0;6;2;0;0;0;0;0;1;0;0;adaptiveResidentStrategy;90;;93;152;1;1
1206;402;2;2;0;0;0;1;0;0;0;1;0;0;1;0;0;0;1;0;0;0;0;1;0;7;2;0;4;0;3;1;0;0;0;0;1;0;eliteResidentProduction;90;;93;114;3;0
1207;403;0;3;0;1;0;1;0;1;0;0;0;0;0;0;0;0;0;0;0;0;1;1;0;7;2;0;4;1;2;0;1;0;1;0;0;0;factoryVariety;103;;49;164;1;1
1208;403;1;1;1;1;0;1;0;1;0;0;0;0;0;0;0;0;0;0;0;0;1;1;0;7;2;0;6;0;0;1;2;0;0;0;0;0;eliteResidentProduction;103;;71;146;3;0
1209;403;2;2;0;1;0;1;0;1;0;0;0;0;0;0;0;0;0;0;0;0;1;1;0;7;2;0;3;1;2;1;0;0;2;0;0;0;shipBuilding;103;;69;155;2;0
1210;404;0;2;0;1;0;0;0;1;0;0;0;1;0;0;0;0;0;0;1;0;1;0;0;7;2;0;4;1;1;1;0;0;2;0;0;0;balanced;105;;91;130;1;1
1211;404;1;3;0;1;0;0;0;1;0;0;0;1;0;0;0;0;0;0;1;0;1;0;0;7;2;0;5;1;1;0;0;0;1;1;0;0;adaptiveResidentStrategy;105;;147;82;3;0
1212;404;2;1;1;1;0;0;0;1;0;0;0;1;0;0;0;0;0;0;1;0;1;0;0;7;2;0;4;1;1;1;2;0;0;0;0;0;shipBuilding;105;;35;90;2;0
1213;405;0;1;1;1;0;0;0;1;0;0;0;0;1;0;0;0;0;0;0;0;1;1;0;7;2;0;3;1;3;0;1;0;1;0;0;0;factoryVariety;173;;139;111;3;0
1214;405;1;2;0;1;0;0;0;1;0;0;0;0;1;0;0;0;0;0;0;0;1;1;0;7;2;0;3;2;1;1;0;1;1;0;0;0;shipBuilding;173;;100;141;2;0
1215;405;2;3;0;1;0;0;0;1;0;0;0;0;1;0;0;0;0;0;0;0;1;1;0;7;2;0;6;1;2;0;0;0;0;0;0;0;eliteResidentProduction;173;;68;146;1;1
1216;406;0;3;0;0;0;1;0;0;0;0;0;1;0;0;1;0;0;0;1;0;0;1;0;7;2;0;1;2;1;3;0;1;1;0;0;0;balanced;205;;119;82;3;0
1217;406;1;1;1;0;0;1;0;0;0;0;0;1;0;0;1;0;0;0;1;0;0;1;0;7;2;0;3;2;3;0;1;0;0;0;0;0;factoryVariety;205;;91;161;1;1
1218;406;2;2;0;0;0;1;0;0;0;0;0;1;0;0;1;0;0;0;1;0;0;1;0;7;2;0;5;1;0;1;1;0;1;0;0;0;factoryVariety;205;;50;124;2;0
1219;407;0;2;0;0;1;1;0;0;0;1;1;0;1;0;0;0;0;0;0;0;0;0;0;7;2;0;6;0;1;1;1;0;0;0;0;0;explorationFocus;135;;60;152;1;1
1220;407;1;3;0;0;1;1;0;0;0;1;1;0;1;0;0;0;0;0;0;0;0;0;0;7;2;0;1;2;3;1;0;0;1;1;0;0;eliteResidentProduction;135;;47;107;3;0
1221;407;2;1;1;0;1;1;0;0;0;1;1;0;1;0;0;0;0;0;0;0;0;0;0;7;2;0;5;2;1;0;0;1;0;0;0;0;eliteResidentProduction;135;;146;113;2;0
1222;408;0;3;0;0;0;1;0;0;0;0;1;1;0;0;1;0;0;0;0;0;0;1;0;7;2;0;5;1;0;1;1;1;0;0;0;0;adaptiveResidentStrategy;73;;82;163;1;1
1223;408;1;1;1;0;0;1;0;0;0;0;1;1;0;0;1;0;0;0;0;0;0;1;0;7;2;0;2;3;0;2;0;0;1;1;0;0;explorationFocus;73;;143;128;2;0
1224;408;2;2;0;0;0;1;0;0;0;0;1;1;0;0;1;0;0;0;0;0;0;1;0;7;2;0;3;0;3;1;1;0;0;1;0;0;adaptiveResidentStrategy;73;;123;96;3;0
1225;409;0;2;0;1;1;0;0;0;0;0;0;0;0;0;0;0;0;0;1;0;0;1;1;7;2;0;1;2;3;1;0;0;1;1;0;0;explorationFocus;85;;41;150;3;0
1226;409;1;3;0;1;1;0;0;0;0;0;0;0;0;0;0;0;0;0;1;0;0;1;1;7;2;0;3;2;2;0;2;0;0;0;0;0;balanced;85;;149;162;1;1
1227;409;2;1;1;1;1;0;0;0;0;0;0;0;0;0;0;0;0;0;1;0;0;1;1;7;2;0;6;0;0;1;1;0;1;0;0;0;balanced;85;;97;152;2;0
1228;410;0;3;0;0;1;0;0;0;0;1;1;0;0;0;0;0;0;0;1;0;0;1;0;7;2;0;2;1;2;2;0;2;0;0;0;0;balanced;64;;150;113;2;0
1229;410;1;1;1;0;1;0;0;0;0;1;1;0;0;0;0;0;0;0;1;0;0;1;0;7;2;0;4;2;3;0;0;0;0;0;0;0;balanced;64;;65;121;1;1
1230;410;2;2;0;0;1;0;0;0;0;1;1;0;0;0;0;0;0;0;1;0;0;1;0;7;2;0;3;2;1;1;1;0;1;0;0;0;factoryVariety;64;;76;96;3;0
1231;411;0;1;1;1;1;0;0;0;0;0;1;0;0;0;0;0;1;0;0;0;1;0;0;7;2;0;5;1;2;1;0;0;0;0;0;0;balanced;145;;99;86;3;0
1232;411;1;2;0;1;1;0;0;0;0;0;1;0;0;0;0;0;1;0;0;0;1;0;0;7;2;0;3;0;2;2;2;0;0;0;0;0;eliteResidentProduction;145;;117;136;2;0
1233;411;2;3;0;1;1;0;0;0;0;0;1;0;0;0;0;0;1;0;0;0;1;0;0;7;2;0;4;0;3;1;1;0;0;0;0;0;explorationFocus;145;;127;142;1;1
1234;412;0;1;1;0;0;1;0;1;0;0;1;0;0;0;0;0;0;0;1;0;1;0;0;7;2;0;4;0;3;1;1;0;0;0;0;0;adaptiveResidentStrategy;210;;39;100;3;0
1235;412;1;2;0;0;0;1;0;1;0;0;1;0;0;0;0;0;0;0;1;0;1;0;0;7;2;0;7;0;0;0;1;0;1;0;0;0;eliteResidentProduction;210;;32;110;2;0
1236;412;2;3;0;0;0;1;0;1;0;0;1;0;0;0;0;0;0;0;1;0;1;0;0;7;2;0;3;2;1;1;1;0;1;0;0;0;explorationFocus;210;;88;116;1;1
1237;413;0;1;1;1;0;0;0;0;0;0;0;1;1;0;0;0;1;0;0;0;0;1;0;7;2;0;5;1;2;0;0;0;0;0;1;0;adaptiveResidentStrategy;77;;95;158;1;1
1238;413;1;2;0;1;0;0;0;0;0;0;0;1;1;0;0;0;1;0;0;0;0;1;0;7;2;0;4;2;2;0;1;0;0;0;0;0;explorationFocus;77;;131;132;2;0
1239;413;2;3;0;1;0;0;0;0;0;0;0;1;1;0;0;0;1;0;0;0;0;1;0;7;2;0;3;2;1;1;0;1;0;0;1;0;adaptiveResidentStrategy;77;;129;95;3;0
1240;414;0;2;0;1;0;0;0;0;0;0;1;0;1;0;1;0;1;0;0;0;0;0;0;7;2;0;4;3;0;1;0;1;0;0;0;0;eliteResidentProduction;113;;29;150;1;1
1241;414;1;3;0;1;0;0;0;0;0;0;1;0;1;0;1;0;1;0;0;0;0;0;0;7;2;0;4;3;0;1;0;0;1;0;0;0;adaptiveResidentStrategy;113;;130;89;3;0
1242;414;2;1;1;1;0;0;0;0;0;0;1;0;1;0;1;0;1;0;0;0;0;0;0;7;2;0;5;0;3;0;1;0;0;0;0;0;adaptiveResidentStrategy;113;;145;90;2;0
1243;415;0;3;0;0;0;0;0;1;0;1;1;1;0;0;0;0;1;0;0;0;0;0;0;7;2;0;3;1;2;1;1;0;0;1;0;0;explorationFocus;222;;118;120;2;0
1244;415;1;1;1;0;0;0;0;1;0;1;1;1;0;0;0;0;1;0;0;0;0;0;0;7;2;0;3;0;3;1;0;1;0;1;0;0;explorationFocus;222;;141;153;1;1
1245;415;2;2;0;0;0;0;0;1;0;1;1;1;0;0;0;0;1;0;0;0;0;0;0;7;2;0;2;2;1;3;0;0;1;0;0;0;adaptiveResidentStrategy;222;;88;113;3;0
1246;416;0;2;0;0;0;1;0;0;0;1;0;0;0;0;0;0;1;0;0;0;1;0;1;7;2;0;4;1;2;0;1;0;0;0;1;0;adaptiveResidentStrategy;164;;145;130;2;0
1247;416;1;3;0;0;0;1;0;0;0;1;0;0;0;0;0;0;1;0;0;0;1;0;1;7;2;0;5;2;0;0;0;0;2;0;0;0;adaptiveResidentStrategy;164;;147;148;1;1
1248;416;2;1;1;0;0;1;0;0;0;1;0;0;0;0;0;0;1;0;0;0;1;0;1;7;2;0;4;2;1;1;0;0;0;1;0;0;eliteResidentProduction;164;;150;92;3;0
1249;417;0;2;0;1;0;1;0;0;0;1;0;0;0;0;0;0;1;0;0;0;1;0;0;7;2;0;5;0;1;1;0;0;2;0;0;0;balanced;173;;114;111;3;0
1250;417;1;3;0;1;0;1;0;0;0;1;0;0;0;0;0;0;1;0;0;0;1;0;0;7;2;0;4;2;1;1;1;0;0;0;0;0;eliteResidentProduction;173;;77;129;2;0
1251;417;2;1;1;1;0;1;0;0;0;1;0;0;0;0;0;0;1;0;0;0;1;0;0;7;2;0;3;2;2;0;1;0;0;0;1;0;explorationFocus;173;;143;157;1;1
1252;418;0;1;1;0;0;0;0;1;0;0;0;0;0;0;1;0;1;0;1;0;1;0;0;7;2;0;2;2;3;0;0;1;1;0;0;0;adaptiveResidentStrategy;55;;150;129;1;1
1253;418;1;2;0;0;0;0;0;1;0;0;0;0;0;0;1;0;1;0;1;0;1;0;0;7;2;0;3;0;2;2;2;0;0;0;0;0;adaptiveResidentStrategy;55;;126;100;2;0
1254;418;2;3;0;0;0;0;0;1;0;0;0;0;0;0;1;0;1;0;1;0;1;0;0;7;2;0;3;0;3;1;2;0;0;0;0;0;shipBuilding;55;;50;91;3;0
1255;419;0;3;0;0;1;0;0;0;0;1;0;0;1;0;0;0;1;0;1;0;0;0;0;7;2;0;2;1;4;0;0;1;1;0;0;0;explorationFocus;300;aborted_300_rounds;41;156;1;1
1256;419;1;1;1;0;1;0;0;0;0;1;0;0;1;0;0;0;1;0;1;0;0;0;0;7;2;0;3;3;2;1;0;0;0;0;0;0;adaptiveResidentStrategy;300;aborted_300_rounds;61;107;3;0
1257;419;2;2;0;0;1;0;0;0;0;1;0;0;1;0;0;0;1;0;1;0;0;0;0;7;2;0;4;0;1;2;1;0;1;0;0;0;factoryVariety;300;aborted_300_rounds;104;147;2;0
1258;420;0;2;0;1;0;0;0;0;0;1;0;1;1;0;0;0;0;0;0;0;1;0;0;7;2;0;4;2;1;0;2;0;0;0;0;0;factoryVariety;153;;104;86;3;0
1259;420;1;3;0;1;0;0;0;0;0;1;0;1;1;0;0;0;0;0;0;0;1;0;0;7;2;0;3;1;2;1;1;0;1;0;0;0;eliteResidentProduction;153;;44;151;2;0
1260;420;2;1;1;1;0;0;0;0;0;1;0;1;1;0;0;0;0;0;0;0;1;0;0;7;2;0;5;1;0;1;0;1;0;1;0;0;factoryVariety;153;;75;153;1;1
1261;421;0;3;0;1;1;0;0;0;0;0;0;1;0;0;1;0;0;0;0;0;1;0;0;7;2;0;4;1;2;0;0;0;2;0;0;0;factoryVariety;217;;98;86;3;0
1262;421;1;1;1;1;1;0;0;0;0;0;0;1;0;0;1;0;0;0;0;0;1;0;0;7;2;0;2;2;3;1;0;0;1;0;0;0;adaptiveResidentStrategy;217;;60;110;1;1
1263;421;2;2;0;1;1;0;0;0;0;0;0;1;0;0;1;0;0;0;0;0;1;0;0;7;2;0;5;2;1;0;1;0;0;0;0;0;eliteResidentProduction;217;;108;104;2;0
1264;422;0;3;0;1;1;0;0;1;0;1;0;1;0;0;0;0;0;0;0;0;0;0;0;7;2;0;5;2;0;1;0;0;0;1;0;0;explorationFocus;245;;30;96;2;0
1265;422;1;1;1;1;1;0;0;1;0;1;0;1;0;0;0;0;0;0;0;0;0;0;0;7;2;0;2;1;3;1;0;0;2;0;0;0;balanced;245;;108;94;3;0
1266;422;2;2;0;1;1;0;0;1;0;1;0;1;0;0;0;0;0;0;0;0;0;0;0;7;2;0;4;0;3;1;0;0;1;0;0;0;factoryVariety;245;;142;156;1;1
1267;423;0;1;1;1;0;1;0;1;0;0;0;0;0;0;1;0;0;0;0;0;0;0;1;7;2;0;4;1;1;1;1;1;0;0;0;0;explorationFocus;217;;71;105;2;0
1268;423;1;2;0;1;0;1;0;1;0;0;0;0;0;0;1;0;0;0;0;0;0;0;1;7;2;0;3;1;3;0;0;1;1;0;0;0;eliteResidentProduction;217;;59;93;3;0
1269;423;2;3;0;1;0;1;0;1;0;0;0;0;0;0;1;0;0;0;0;0;0;0;1;7;2;0;2;1;3;1;0;0;1;1;0;0;factoryVariety;217;;75;108;1;1
1270;424;0;1;1;0;0;1;0;1;0;1;0;1;0;0;1;0;0;0;0;0;0;0;0;7;2;0;3;2;1;1;1;0;1;0;0;0;shipBuilding;178;;58;126;3;0
1271;424;1;2;0;0;0;1;0;1;0;1;0;1;0;0;1;0;0;0;0;0;0;0;0;7;2;0;5;1;0;1;1;0;0;0;1;0;shipBuilding;178;;101;158;1;1
1272;424;2;3;0;0;0;1;0;1;0;1;0;1;0;0;1;0;0;0;0;0;0;0;0;7;2;0;3;3;2;1;0;0;0;0;0;0;shipBuilding;178;;66;139;2;0
1273;425;0;3;0;1;0;0;0;1;0;0;0;1;0;0;1;0;0;0;0;0;1;0;0;7;2;0;1;2;3;2;0;0;1;0;0;0;explorationFocus;190;;41;154;1;1
1274;425;1;1;1;1;0;0;0;1;0;0;0;1;0;0;1;0;0;0;0;0;1;0;0;7;2;0;4;1;3;0;0;0;0;1;0;0;balanced;190;;29;88;3;0
1275;425;2;2;0;1;0;0;0;1;0;0;0;1;0;0;1;0;0;0;0;0;1;0;0;7;2;0;5;0;2;0;1;0;0;0;1;0;shipBuilding;190;;79;114;2;0
1276;426;0;1;1;0;0;0;0;1;0;1;0;0;0;0;0;0;1;0;0;0;1;1;0;7;2;0;1;3;2;1;1;0;1;0;0;0;balanced;115;;146;156;1;1
1277;426;1;2;0;0;0;0;0;1;0;1;0;0;0;0;0;0;1;0;0;0;1;1;0;7;2;0;3;1;3;1;1;0;0;0;0;0;balanced;115;;134;87;3;0
1278;426;2;3;0;0;0;0;0;1;0;1;0;0;0;0;0;0;1;0;0;0;1;1;0;7;2;0;5;2;0;0;1;1;0;0;0;0;adaptiveResidentStrategy;115;;50;116;2;0
1279;427;0;1;1;0;0;0;0;1;0;1;0;0;0;0;1;0;0;0;1;0;0;1;0;7;2;0;4;1;3;0;0;0;1;0;0;0;adaptiveResidentStrategy;123;;106;137;1;1
1280;427;1;2;0;0;0;0;0;1;0;1;0;0;0;0;1;0;0;0;1;0;0;1;0;7;2;0;4;1;1;1;1;0;1;0;0;0;eliteResidentProduction;123;;35;129;2;0
1281;427;2;3;0;0;0;0;0;1;0;1;0;0;0;0;1;0;0;0;1;0;0;1;0;7;2;0;2;3;0;2;1;0;0;0;1;0;eliteResidentProduction;123;;48;94;3;0
1282;428;0;1;1;1;1;0;0;0;0;0;0;0;0;0;1;0;0;0;0;0;1;1;0;7;2;0;3;1;1;2;1;0;1;0;0;0;shipBuilding;275;;127;132;1;1
1283;428;1;2;0;1;1;0;0;0;0;0;0;0;0;0;1;0;0;0;0;0;1;1;0;7;2;0;5;1;1;1;0;0;0;1;0;0;shipBuilding;275;;56;105;3;0
1284;428;2;3;0;1;1;0;0;0;0;0;0;0;0;0;1;0;0;0;0;0;1;1;0;7;2;0;2;1;3;1;1;1;0;0;0;0;explorationFocus;275;;126;118;2;0
1285;429;0;3;0;0;1;1;0;1;0;0;0;0;0;0;0;0;0;0;0;0;1;1;0;7;2;0;3;2;3;0;0;1;0;0;0;0;eliteResidentProduction;155;;92;143;1;1
1286;429;1;1;1;0;1;1;0;1;0;0;0;0;0;0;0;0;0;0;0;0;1;1;0;7;2;0;3;0;1;3;0;0;1;1;0;0;adaptiveResidentStrategy;155;;117;120;2;0
1287;429;2;2;0;0;1;1;0;1;0;0;0;0;0;0;0;0;0;0;0;0;1;1;0;7;2;0;2;2;2;1;1;0;1;0;0;0;factoryVariety;155;;118;95;3;0
1288;430;0;2;0;1;1;0;0;1;0;0;1;0;0;0;0;0;0;0;1;0;0;0;0;7;2;0;5;0;0;2;2;0;0;0;0;0;balanced;300;aborted_300_rounds;126;141;2;0
1289;430;1;3;0;1;1;0;0;1;0;0;1;0;0;0;0;0;0;0;1;0;0;0;0;7;2;0;4;1;1;1;1;0;1;0;0;0;explorationFocus;300;aborted_300_rounds;113;147;1;1
1290;430;2;1;1;1;1;0;0;1;0;0;1;0;0;0;0;0;0;0;1;0;0;0;0;7;2;0;2;2;2;2;0;0;1;0;0;0;balanced;300;aborted_300_rounds;66;135;3;0
1291;431;0;2;0;0;0;0;0;0;0;1;0;1;0;0;1;0;0;0;1;0;1;0;0;7;2;0;3;1;0;3;1;1;0;0;0;0;eliteResidentProduction;210;;49;159;1;1
1292;431;1;3;0;0;0;0;0;0;0;1;0;1;0;0;1;0;0;0;1;0;1;0;0;7;2;0;4;2;1;0;1;0;0;1;0;0;eliteResidentProduction;210;;134;116;3;0
1293;431;2;1;1;0;0;0;0;0;0;1;0;1;0;0;1;0;0;0;1;0;1;0;0;7;2;0;2;1;2;2;2;0;0;0;0;0;shipBuilding;210;;30;138;2;0
1294;432;0;1;1;0;0;0;0;1;0;1;1;0;0;0;0;0;1;0;0;0;1;0;0;7;2;0;1;5;2;0;1;0;0;0;0;0;shipBuilding;115;;28;92;2;0
1295;432;1;2;0;0;0;0;0;1;0;1;1;0;0;0;0;0;1;0;0;0;1;0;0;7;2;0;4;1;1;1;1;0;0;1;0;0;explorationFocus;115;;58;86;3;0
1296;432;2;3;0;0;0;0;0;1;0;1;1;0;0;0;0;0;1;0;0;0;1;0;0;7;2;0;4;1;1;1;1;0;0;1;0;0;balanced;115;;51;105;1;1
1297;433;0;1;1;0;0;1;0;0;0;1;0;1;1;0;0;0;0;0;0;0;1;0;0;7;2;0;2;3;3;0;0;0;1;0;0;0;explorationFocus;114;;73;104;3;0
1298;433;1;2;0;0;0;1;0;0;0;1;0;1;1;0;0;0;0;0;0;0;1;0;0;7;2;0;3;1;0;3;2;0;0;0;0;0;shipBuilding;114;;42;132;1;1
1299;433;2;3;0;0;0;1;0;0;0;1;0;1;1;0;0;0;0;0;0;0;1;0;0;7;2;0;3;1;2;2;0;1;0;0;0;0;factoryVariety;114;;142;105;2;0
1300;434;0;3;0;1;0;0;0;1;0;0;0;1;0;0;1;0;0;0;1;0;0;0;0;7;2;0;5;2;0;0;1;0;0;1;0;0;eliteResidentProduction;133;;101;143;1;1
1301;434;1;1;1;1;0;0;0;1;0;0;0;1;0;0;1;0;0;0;1;0;0;0;0;7;2;0;5;2;0;0;0;0;1;0;1;0;explorationFocus;133;;147;122;2;0
1302;434;2;2;0;1;0;0;0;1;0;0;0;1;0;0;1;0;0;0;1;0;0;0;0;7;2;0;2;0;2;3;1;0;0;1;0;0;eliteResidentProduction;133;;34;91;3;0
1303;435;0;2;0;0;0;0;0;0;0;0;1;1;0;0;1;0;1;0;0;0;1;0;0;7;2;0;1;1;4;2;0;0;1;0;0;0;explorationFocus;200;;135;159;2;0
1304;435;1;3;0;0;0;0;0;0;0;0;1;1;0;0;1;0;1;0;0;0;1;0;0;7;2;0;4;1;1;2;1;0;0;0;0;0;eliteResidentProduction;200;;79;162;1;1
1305;435;2;1;1;0;0;0;0;0;0;0;1;1;0;0;1;0;1;0;0;0;1;0;0;7;2;0;4;0;3;0;1;0;0;0;1;0;shipBuilding;200;;76;153;3;0
1306;436;0;3;0;0;0;1;0;1;0;1;0;1;0;0;0;0;0;0;1;0;0;0;0;7;2;0;3;1;2;1;1;0;1;0;0;0;balanced;125;;148;153;2;0
1307;436;1;1;1;0;0;1;0;1;0;1;0;1;0;0;0;0;0;0;1;0;0;0;0;7;2;0;4;2;2;0;0;1;0;0;0;0;factoryVariety;125;;96;155;1;1
1308;436;2;2;0;0;0;1;0;1;0;1;0;1;0;0;0;0;0;0;1;0;0;0;0;7;2;0;2;2;4;0;1;0;0;0;0;0;eliteResidentProduction;125;;85;116;3;0
1309;437;0;2;0;0;1;0;0;1;0;1;1;0;0;0;1;0;0;0;0;0;0;0;0;7;2;0;2;2;2;1;2;0;0;0;0;0;adaptiveResidentStrategy;90;;103;150;1;1
1310;437;1;3;0;0;1;0;0;1;0;1;1;0;0;0;1;0;0;0;0;0;0;0;0;7;2;0;5;0;1;1;1;0;1;0;0;0;balanced;90;;64;85;3;0
1311;437;2;1;1;0;1;0;0;1;0;1;1;0;0;0;1;0;0;0;0;0;0;0;0;7;2;0;5;1;0;1;1;1;0;0;0;0;balanced;90;;37;88;2;0
1312;438;0;1;1;0;0;0;0;1;0;0;0;1;0;0;0;0;1;0;1;0;1;0;0;7;2;0;4;0;2;1;0;0;1;1;0;0;explorationFocus;103;;124;114;3;0
1313;438;1;2;0;0;0;0;0;1;0;0;0;1;0;0;0;0;1;0;1;0;1;0;0;7;2;0;4;1;1;1;2;0;0;0;0;0;balanced;103;;106;141;1;1
1314;438;2;3;0;0;0;0;0;1;0;0;0;1;0;0;0;0;1;0;1;0;1;0;0;7;2;0;5;4;0;0;0;0;0;0;0;0;factoryVariety;103;;129;129;2;0
1315;439;0;3;0;0;1;0;0;0;0;0;1;0;0;0;1;0;0;0;0;0;1;1;0;7;2;0;5;0;2;0;0;1;1;0;0;0;eliteResidentProduction;105;;61;133;1;1
1316;439;1;1;1;0;1;0;0;0;0;0;1;0;0;0;1;0;0;0;0;0;1;1;0;7;2;0;4;2;0;1;0;0;2;0;0;0;shipBuilding;105;;111;83;3;0
1317;439;2;2;0;0;1;0;0;0;0;0;1;0;0;0;1;0;0;0;0;0;1;1;0;7;2;0;3;3;2;0;0;1;0;0;0;0;eliteResidentProduction;105;;147;133;1;1
1318;440;0;1;1;1;0;0;0;0;0;1;0;0;1;0;1;0;0;0;1;0;0;0;0;7;2;0;7;0;0;0;1;0;1;0;0;0;adaptiveResidentStrategy;173;;115;132;2;0
1319;440;1;2;0;1;0;0;0;0;0;1;0;0;1;0;1;0;0;0;1;0;0;0;0;7;2;0;2;1;3;2;0;0;1;0;0;0;explorationFocus;173;;117;156;1;1
1320;440;2;3;0;1;0;0;0;0;0;1;0;0;1;0;1;0;0;0;1;0;0;0;0;7;2;0;4;0;4;0;1;0;0;0;0;0;shipBuilding;173;;141;82;3;0
1321;441;0;3;0;0;1;0;0;1;0;0;0;1;1;0;0;0;0;0;0;0;1;0;0;7;2;0;5;1;0;1;0;1;1;0;0;0;balanced;205;;48;92;2;0
1322;441;1;1;1;0;1;0;0;1;0;0;0;1;1;0;0;0;0;0;0;0;1;0;0;7;2;0;4;2;1;1;1;0;0;0;0;0;balanced;205;;111;84;3;0
1323;441;2;2;0;0;1;0;0;1;0;0;0;1;1;0;0;0;0;0;0;0;1;0;0;7;2;0;3;0;3;1;0;1;1;0;0;0;balanced;205;;138;106;1;1
1324;442;0;1;1;0;0;1;0;1;0;1;0;0;0;0;0;0;0;0;1;0;0;1;0;7;2;0;5;1;0;1;0;0;2;0;0;0;shipBuilding;135;;137;104;2;0
1325;442;1;2;0;0;0;1;0;1;0;1;0;0;0;0;0;0;0;0;1;0;0;1;0;7;2;0;2;1;3;1;0;1;0;0;1;0;factoryVariety;135;;60;101;3;0
1326;442;2;3;0;0;0;1;0;1;0;1;0;0;0;0;0;0;0;0;1;0;0;1;0;7;2;0;3;3;1;0;0;1;1;0;0;0;factoryVariety;135;;76;149;1;1
1327;443;0;3;0;0;0;0;0;0;0;0;0;1;0;0;1;0;1;0;1;0;1;0;0;7;2;0;2;1;3;1;2;0;0;0;0;0;explorationFocus;73;;147;126;2;0
1328;443;1;1;1;0;0;0;0;0;0;0;0;1;0;0;1;0;1;0;1;0;1;0;0;7;2;0;3;1;1;2;0;0;1;1;0;0;explorationFocus;73;;147;105;3;0
1329;443;2;2;0;0;0;0;0;0;0;0;0;1;0;0;1;0;1;0;1;0;1;0;0;7;2;0;5;2;0;0;1;0;0;1;0;0;eliteResidentProduction;73;;45;152;1;1
1330;444;0;1;1;0;0;0;0;1;0;1;0;1;1;0;0;0;0;0;1;0;0;0;0;7;2;0;3;3;1;1;0;0;1;0;0;0;explorationFocus;85;;109;82;3;0
1331;444;1;2;0;0;0;0;0;1;0;1;0;1;1;0;0;0;0;0;1;0;0;0;0;7;2;0;2;2;3;1;0;0;0;1;0;0;shipBuilding;85;;105;149;1;1
1332;444;2;3;0;0;0;0;0;1;0;1;0;1;1;0;0;0;0;0;1;0;0;0;0;7;2;0;5;1;1;0;1;0;0;1;0;0;explorationFocus;85;;126;113;2;0
1333;445;0;2;0;1;0;1;0;0;0;0;0;0;0;0;0;0;1;0;1;0;1;0;0;7;2;0;3;1;1;2;1;0;0;1;0;0;eliteResidentProduction;64;;70;145;2;0
1334;445;1;3;0;1;0;1;0;0;0;0;0;0;0;0;0;0;1;0;1;0;1;0;0;7;2;0;6;0;1;0;1;1;0;0;0;0;explorationFocus;64;;103;141;3;0
1335;445;2;1;1;1;0;1;0;0;0;0;0;0;0;0;0;0;1;0;1;0;1;0;0;7;2;0;1;3;4;0;1;0;0;0;0;0;shipBuilding;64;;151;157;1;1
1336;446;0;3;0;1;0;1;0;0;0;1;0;0;0;0;1;0;0;0;0;0;0;1;0;7;2;0;5;2;0;0;0;1;1;0;0;0;explorationFocus;145;;154;121;1;1
1337;446;1;1;1;1;0;1;0;0;0;1;0;0;0;0;1;0;0;0;0;0;0;1;0;7;2;0;5;1;1;0;2;0;0;0;0;0;shipBuilding;145;;84;119;2;0
1338;446;2;2;0;1;0;1;0;0;0;1;0;0;0;0;1;0;0;0;0;0;0;1;0;7;2;0;4;1;2;0;0;1;1;0;0;0;explorationFocus;145;;126;108;3;0
1339;447;0;3;0;0;1;1;0;0;0;1;0;0;0;0;0;0;0;0;1;0;1;0;0;7;2;0;4;1;2;0;0;0;2;0;0;0;shipBuilding;210;;129;125;2;0
1340;447;1;1;1;0;1;1;0;0;0;1;0;0;0;0;0;0;0;0;1;0;1;0;0;7;2;0;3;2;2;1;0;1;0;0;0;0;explorationFocus;210;;108;154;1;1
1341;447;2;2;0;0;1;1;0;0;0;1;0;0;0;0;0;0;0;0;1;0;1;0;0;7;2;0;3;1;4;0;0;0;0;1;0;0;balanced;210;;99;114;3;0
1342;448;0;3;0;0;1;1;0;1;0;0;0;0;0;0;0;0;1;0;1;0;0;0;0;7;2;0;2;3;2;2;0;0;0;0;0;0;factoryVariety;77;;35;163;1;1
1343;448;1;1;1;0;1;1;0;1;0;0;0;0;0;0;0;0;1;0;1;0;0;0;0;7;2;0;5;1;1;1;0;0;1;0;0;0;explorationFocus;77;;115;141;2;0
1344;448;2;2;0;0;1;1;0;1;0;0;0;0;0;0;0;0;1;0;1;0;0;0;0;7;2;0;4;0;2;1;1;0;0;1;0;0;explorationFocus;77;;131;123;3;0
1345;449;0;1;1;0;1;1;0;1;0;0;0;0;0;0;1;0;0;0;0;0;0;1;0;7;2;0;3;2;2;1;0;0;0;1;0;0;shipBuilding;113;;47;133;1;1
1346;449;1;2;0;0;1;1;0;1;0;0;0;0;0;0;1;0;0;0;0;0;0;1;0;7;2;0;4;1;2;0;1;1;0;0;0;0;explorationFocus;113;;52;96;3;0
1347;449;2;3;0;0;1;1;0;1;0;0;0;0;0;0;1;0;0;0;0;0;0;1;0;7;2;0;4;2;1;1;1;0;0;0;0;0;eliteResidentProduction;113;;89;115;2;0
1348;450;0;1;1;0;1;0;0;1;0;0;0;0;0;0;0;0;1;0;0;0;1;1;0;7;2;0;2;3;2;1;0;0;1;0;0;0;adaptiveResidentStrategy;222;;67;85;3;0
1349;450;1;2;0;0;1;0;0;1;0;0;0;0;0;0;0;0;1;0;0;0;1;1;0;7;2;0;3;2;1;2;0;1;0;0;0;0;balanced;222;;59;93;2;0
1350;450;2;3;0;0;1;0;0;1;0;0;0;0;0;0;0;0;1;0;0;0;1;1;0;7;2;0;5;1;1;0;1;0;1;0;0;0;balanced;222;;104;101;1;1
1351;451;0;3;0;0;0;0;0;1;0;1;0;1;0;0;0;0;0;0;0;0;1;0;1;7;2;0;2;2;2;1;0;0;2;0;0;0;balanced;164;;78;123;3;0
1352;451;1;1;1;0;0;0;0;1;0;1;0;1;0;0;0;0;0;0;0;0;1;0;1;7;2;0;3;2;1;1;2;0;0;0;0;0;adaptiveResidentStrategy;164;;96;123;3;0
1353;451;2;2;0;0;0;0;0;1;0;1;0;1;0;0;0;0;0;0;0;0;1;0;1;7;2;0;4;0;2;1;1;0;1;0;0;0;adaptiveResidentStrategy;164;;145;164;1;1
1354;452;0;2;0;1;1;0;0;1;0;0;0;0;0;0;0;0;0;0;1;0;0;1;0;7;2;0;5;0;1;1;1;1;0;0;0;0;adaptiveResidentStrategy;173;;43;104;3;0
1355;452;1;3;0;1;1;0;0;1;0;0;0;0;0;0;0;0;0;0;1;0;0;1;0;7;2;0;3;2;2;1;1;0;0;0;0;0;eliteResidentProduction;173;;121;123;2;0
1356;452;2;1;1;1;1;0;0;1;0;0;0;0;0;0;0;0;0;0;1;0;0;1;0;7;2;0;2;0;3;2;1;0;0;1;0;0;explorationFocus;173;;69;146;1;1
1357;453;0;2;0;1;0;0;0;1;0;0;1;0;0;0;0;0;0;0;1;0;0;1;0;7;2;0;3;2;1;2;0;1;0;0;0;0;adaptiveResidentStrategy;55;;131;151;1;1
1358;453;1;3;0;1;0;0;0;1;0;0;1;0;0;0;0;0;0;0;1;0;0;1;0;7;2;0;4;1;1;1;0;0;1;1;0;0;adaptiveResidentStrategy;55;;30;82;3;0
1359;453;2;1;1;1;0;0;0;1;0;0;1;0;0;0;0;0;0;0;1;0;0;1;0;7;2;0;2;2;3;0;1;0;0;0;1;0;eliteResidentProduction;55;;97;139;2;0
1360;454;0;1;1;0;1;0;0;1;0;0;0;0;1;0;1;0;0;0;0;0;0;1;0;7;2;0;3;0;3;1;1;0;0;1;0;0;explorationFocus;300;aborted_300_rounds;123;139;2;0
1361;454;1;2;0;0;1;0;0;1;0;0;0;0;1;0;1;0;0;0;0;0;0;1;0;7;2;0;4;1;3;0;0;0;1;0;0;0;shipBuilding;300;aborted_300_rounds;62;160;1;1
1362;454;2;3;0;0;1;0;0;1;0;0;0;0;1;0;1;0;0;0;0;0;0;1;0;7;2;0;1;2;1;3;1;1;0;0;0;0;shipBuilding;300;aborted_300_rounds;81;128;3;0
1363;455;0;3;0;1;0;0;0;0;0;0;0;0;0;0;0;0;0;0;1;0;1;1;1;7;2;0;4;1;0;2;0;0;1;0;1;0;factoryVariety;153;;137;125;2;0
1364;455;1;1;1;1;0;0;0;0;0;0;0;0;0;0;0;0;0;0;1;0;1;1;1;7;2;0;4;0;3;1;0;0;0;1;0;0;adaptiveResidentStrategy;153;;73;133;1;1
1365;455;2;2;0;1;0;0;0;0;0;0;0;0;0;0;0;0;0;0;1;0;1;1;1;7;2;0;5;1;0;1;2;0;0;0;0;0;factoryVariety;153;;129;103;3;0
1366;456;0;1;1;1;0;1;0;0;0;1;0;1;0;0;0;0;0;0;1;0;0;0;0;7;2;0;3;2;1;2;0;0;1;0;0;0;explorationFocus;217;;149;94;2;0
1367;456;1;2;0;1;0;1;0;0;0;1;0;1;0;0;0;0;0;0;1;0;0;0;0;7;2;0;4;1;2;0;2;0;0;0;0;0;factoryVariety;217;;61;93;3;0
1368;456;2;3;0;1;0;1;0;0;0;1;0;1;0;0;0;0;0;0;1;0;0;0;0;7;2;0;3;1;1;2;1;0;1;0;0;0;balanced;217;;149;146;1;1
1369;457;0;1;1;0;1;1;0;1;0;1;1;0;0;0;0;0;0;0;0;0;0;0;0;7;2;0;2;1;4;0;1;0;1;0;0;0;balanced;245;;152;143;1;1
1370;457;1;2;0;0;1;1;0;1;0;1;1;0;0;0;0;0;0;0;0;0;0;0;0;7;2;0;4;0;0;3;1;0;0;0;1;0;explorationFocus;245;;136;142;2;0
1371;457;2;3;0;0;1;1;0;1;0;1;1;0;0;0;0;0;0;0;0;0;0;0;0;7;2;0;4;4;1;0;0;0;0;0;0;0;balanced;245;;101;135;3;0
1372;458;0;1;1;1;0;1;0;0;0;1;0;1;0;0;0;0;1;0;0;0;0;0;0;7;2;0;5;2;1;1;0;0;0;0;0;0;shipBuilding;217;;118;89;3;0
1373;458;1;2;0;1;0;1;0;0;0;1;0;1;0;0;0;0;1;0;0;0;0;0;0;7;2;0;4;2;1;0;1;0;1;0;0;0;eliteResidentProduction;217;;57;130;2;0
1374;458;2;3;0;1;0;1;0;0;0;1;0;1;0;0;0;0;1;0;0;0;0;0;0;7;2;0;2;3;1;1;0;1;0;0;1;0;eliteResidentProduction;217;;50;131;1;1
1375;459;0;2;0;0;1;0;0;0;0;1;0;0;1;0;1;0;0;0;1;0;0;0;0;7;2;0;4;1;1;1;1;0;0;1;0;0;adaptiveResidentStrategy;178;;101;112;2;0
1376;459;1;3;0;0;1;0;0;0;0;1;0;0;1;0;1;0;0;0;1;0;0;0;0;7;2;0;6;2;0;0;1;0;0;0;0;0;factoryVariety;178;;88;161;1;1
1377;459;2;1;1;0;1;0;0;0;0;1;0;0;1;0;1;0;0;0;1;0;0;0;0;7;2;0;2;1;4;1;0;0;0;0;1;0;eliteResidentProduction;178;;140;84;3;0
1378;460;0;3;0;0;1;0;0;0;0;0;1;0;0;0;1;0;0;0;0;0;1;1;0;7;2;0;4;1;2;1;1;0;0;0;0;0;eliteResidentProduction;190;;127;141;2;0
1379;460;1;1;1;0;1;0;0;0;0;0;1;0;0;0;1;0;0;0;0;0;1;1;0;7;2;0;5;2;1;0;0;0;1;0;0;0;explorationFocus;190;;83;145;1;1
1380;460;2;2;0;0;1;0;0;0;0;0;1;0;0;0;1;0;0;0;0;0;1;1;0;7;2;0;3;1;0;3;0;0;1;0;1;0;shipBuilding;190;;60;113;3;0
1381;461;0;3;0;0;0;0;0;1;0;1;0;1;1;0;0;0;0;0;0;0;0;0;1;7;2;0;4;3;0;0;0;0;0;1;1;0;eliteResidentProduction;115;;67;147;1;1
1382;461;1;1;1;0;0;0;0;1;0;1;0;1;1;0;0;0;0;0;0;0;0;0;1;7;2;0;4;1;1;1;0;0;1;0;1;0;factoryVariety;115;;151;138;2;0
1383;461;2;2;0;0;0;0;0;1;0;1;0;1;1;0;0;0;0;0;0;0;0;0;1;7;2;0;3;1;2;1;1;0;1;0;0;0;eliteResidentProduction;115;;111;132;3;0
1384;462;0;2;0;1;0;0;0;0;0;0;1;0;1;0;1;0;1;0;0;0;0;0;0;7;2;0;4;3;0;1;0;1;0;0;0;0;balanced;123;;46;92;3;0
1385;462;1;3;0;1;0;0;0;0;0;0;1;0;1;0;1;0;1;0;0;0;0;0;0;7;2;0;4;0;4;0;0;1;0;0;0;0;adaptiveResidentStrategy;123;;150;96;2;0
1386;462;2;1;1;1;0;0;0;0;0;0;1;0;1;0;1;0;1;0;0;0;0;0;0;7;2;0;4;1;2;0;2;0;0;0;0;0;balanced;123;;143;140;1;1
1387;463;0;2;0;1;0;0;0;0;0;1;1;0;1;0;0;0;0;0;0;0;0;1;0;7;2;0;4;1;1;1;0;0;1;1;0;0;adaptiveResidentStrategy;275;;117;160;1;1
1388;463;1;3;0;1;0;0;0;0;0;1;1;0;1;0;0;0;0;0;0;0;0;1;0;7;2;0;5;2;1;0;1;0;0;0;0;0;shipBuilding;275;;47;118;2;0
1389;463;2;1;1;1;0;0;0;0;0;1;1;0;1;0;0;0;0;0;0;0;0;1;0;7;2;0;4;1;1;1;0;0;2;0;0;0;adaptiveResidentStrategy;275;;77;110;3;0
1390;464;0;1;1;1;0;1;0;0;0;0;0;1;1;0;0;0;0;0;0;0;0;1;0;7;2;0;3;1;3;1;1;0;0;0;0;0;balanced;155;;96;151;1;1
1391;464;1;2;0;1;0;1;0;0;0;0;0;1;1;0;0;0;0;0;0;0;0;1;0;7;2;0;3;3;1;1;1;0;0;0;0;0;eliteResidentProduction;155;;105;92;3;0
1392;464;2;3;0;1;0;1;0;0;0;0;0;1;1;0;0;0;0;0;0;0;0;1;0;7;2;0;5;0;1;1;0;1;1;0;0;0;shipBuilding;155;;109;128;2;0
1393;465;0;3;0;0;1;0;0;1;0;0;0;0;0;0;1;0;0;0;0;0;0;1;1;7;2;0;4;1;3;0;0;0;0;1;0;0;adaptiveResidentStrategy;300;aborted_300_rounds;57;92;3;0
1394;465;1;1;1;0;1;0;0;1;0;0;0;0;0;0;1;0;0;0;0;0;0;1;1;7;2;0;5;0;1;1;1;0;0;1;0;0;eliteResidentProduction;300;aborted_300_rounds;118;96;2;0
1395;465;2;2;0;0;1;0;0;1;0;0;0;0;0;0;1;0;0;0;0;0;0;1;1;7;2;0;3;1;0;3;1;0;1;0;0;0;eliteResidentProduction;300;aborted_300_rounds;96;99;1;1
1396;466;0;3;0;0;1;1;0;0;0;0;0;1;1;0;0;0;0;0;1;0;0;0;0;7;2;0;3;0;3;1;0;1;1;0;0;0;factoryVariety;210;;44;126;2;0
1397;466;1;1;1;0;1;1;0;0;0;0;0;1;1;0;0;0;0;0;1;0;0;0;0;7;2;0;6;1;1;0;1;0;0;0;0;0;factoryVariety;210;;59;139;1;1
1398;466;2;2;0;0;1;1;0;0;0;0;0;1;1;0;0;0;0;0;1;0;0;0;0;7;2;0;2;2;4;1;0;0;0;0;0;0;eliteResidentProduction;210;;99;121;3;0
1399;467;0;3;0;0;0;0;0;0;0;1;0;0;1;0;1;0;0;0;0;0;1;1;0;7;2;0;2;2;1;2;0;0;2;0;0;0;eliteResidentProduction;300;aborted_300_rounds;146;98;3;0
1400;467;1;1;1;0;0;0;0;0;0;1;0;0;1;0;1;0;0;0;0;0;1;1;0;7;2;0;3;1;2;1;2;0;0;0;0;0;adaptiveResidentStrategy;300;aborted_300_rounds;144;133;1;1
1401;467;2;2;0;0;0;0;0;0;0;1;0;0;1;0;1;0;0;0;0;0;1;1;0;7;2;0;2;1;2;3;1;0;0;0;0;0;balanced;300;aborted_300_rounds;55;118;2;0
1402;468;0;3;0;0;0;0;0;1;0;0;0;1;1;0;1;0;0;0;1;0;0;0;0;7;2;0;3;3;1;1;0;0;0;1;0;0;balanced;125;;80;118;2;0
1403;468;1;1;1;0;0;0;0;1;0;0;0;1;1;0;1;0;0;0;1;0;0;0;0;7;2;0;5;2;0;0;0;1;1;0;0;0;shipBuilding;125;;55;102;3;0
1404;468;2;2;0;0;0;0;0;1;0;0;0;1;1;0;1;0;0;0;1;0;0;0;0;7;2;0;4;2;2;0;0;0;1;0;0;0;factoryVariety;125;;38;129;1;1
1405;469;0;2;0;0;0;0;0;1;0;1;1;0;0;0;0;0;1;0;1;0;0;0;0;7;2;0;5;2;0;0;0;1;0;1;0;0;adaptiveResidentStrategy;90;;51;124;1;1
1406;469;1;3;0;0;0;0;0;1;0;1;1;0;0;0;0;0;1;0;1;0;0;0;0;7;2;0;2;1;3;2;0;1;0;0;0;0;adaptiveResidentStrategy;90;;78;90;3;0
1407;469;2;1;1;0;0;0;0;1;0;1;1;0;0;0;0;0;1;0;1;0;0;0;0;7;2;0;2;3;1;1;0;0;1;1;0;0;balanced;90;;45;95;2;0
1408;470;0;1;1;0;1;1;0;0;0;0;0;0;1;0;0;0;1;0;1;0;0;0;0;7;2;0;3;1;2;1;0;1;0;0;1;0;explorationFocus;103;;75;116;3;0
1409;470;1;2;0;0;1;1;0;0;0;0;0;0;1;0;0;0;1;0;1;0;0;0;0;7;2;0;5;1;1;1;1;0;0;0;0;0;adaptiveResidentStrategy;103;;152;143;1;1
1410;470;2;3;0;0;1;1;0;0;0;0;0;0;1;0;0;0;1;0;1;0;0;0;0;7;2;0;4;1;0;2;0;0;1;0;1;0;explorationFocus;103;;64;139;2;0
1411;471;0;1;1;1;0;0;0;0;0;0;1;1;1;0;0;0;1;0;0;0;0;0;0;7;2;0;3;3;1;1;0;0;1;0;0;0;balanced;105;;51;141;3;0
1412;471;1;2;0;1;0;0;0;0;0;0;1;1;1;0;0;0;1;0;0;0;0;0;0;7;2;0;3;4;2;0;0;0;0;0;0;0;explorationFocus;105;;136;157;1;1
1413;471;2;3;0;1;0;0;0;0;0;0;1;1;1;0;0;0;1;0;0;0;0;0;0;7;2;0;3;1;2;1;2;0;0;0;0;0;adaptiveResidentStrategy;105;;58;143;2;0
1414;472;0;2;0;1;1;0;0;0;0;0;1;0;1;0;0;0;0;0;1;0;0;0;0;7;2;0;4;1;2;0;0;1;1;0;0;0;shipBuilding;173;;51;103;2;0
1415;472;1;3;0;1;1;0;0;0;0;0;1;0;1;0;0;0;0;0;1;0;0;0;0;7;2;0;3;0;2;2;1;0;1;0;0;0;explorationFocus;173;;67;154;1;1
1416;472;2;1;1;1;1;0;0;0;0;0;1;0;1;0;0;0;0;0;1;0;0;0;0;7;2;0;3;2;2;0;1;0;0;1;0;0;explorationFocus;173;;72;97;3;0
1417;473;0;3;0;1;1;0;0;0;0;0;1;1;0;0;0;0;1;0;0;0;0;0;0;7;2;0;4;1;1;1;2;0;0;0;0;0;eliteResidentProduction;205;;31;142;1;1
1418;473;1;1;1;1;1;0;0;0;0;0;1;1;0;0;0;0;1;0;0;0;0;0;0;7;2;0;3;1;2;2;1;0;0;0;0;0;balanced;205;;91;85;2;0
1419;473;2;2;0;1;1;0;0;0;0;0;1;1;0;0;0;0;1;0;0;0;0;0;0;7;2;0;2;4;2;1;0;0;0;0;0;0;eliteResidentProduction;205;;107;82;3;0
1420;474;0;3;0;1;0;0;0;0;0;0;0;0;1;0;1;0;0;0;0;0;0;1;1;7;2;0;4;1;2;1;0;0;0;0;1;0;factoryVariety;135;;125;138;2;0
1421;474;1;1;1;1;0;0;0;0;0;0;0;0;1;0;1;0;0;0;0;0;0;1;1;7;2;0;3;4;0;0;1;0;0;1;0;0;eliteResidentProduction;135;;75;97;3;0
1422;474;2;2;0;1;0;0;0;0;0;0;0;0;1;0;1;0;0;0;0;0;0;1;1;7;2;0;3;2;2;1;1;0;0;0;0;0;balanced;135;;147;139;1;1
1423;475;0;1;1;0;0;0;0;0;0;0;1;1;1;0;1;0;1;0;0;0;0;0;0;7;2;0;2;5;0;1;1;0;0;0;0;0;eliteResidentProduction;73;;62;163;1;1
1424;475;1;2;0;0;0;0;0;0;0;0;1;1;1;0;1;0;1;0;0;0;0;0;0;7;2;0;2;1;4;1;0;1;0;0;0;0;eliteResidentProduction;73;;131;128;3;0
1425;475;2;3;0;0;0;0;0;0;0;0;1;1;1;0;1;0;1;0;0;0;0;0;0;7;2;0;5;1;2;0;0;0;1;0;0;0;adaptiveResidentStrategy;73;;39;139;2;0
1426;476;0;2;0;1;0;1;0;0;0;0;0;0;0;0;0;0;0;0;1;0;1;1;0;7;2;0;4;1;2;2;0;0;0;0;0;0;explorationFocus;85;;144;144;1;1
1427;476;1;3;0;1;0;1;0;0;0;0;0;0;0;0;0;0;0;0;1;0;1;1;0;7;2;0;3;2;2;0;2;0;0;0;0;0;adaptiveResidentStrategy;85;;128;141;2;0
1428;476;2;1;1;1;0;1;0;0;0;0;0;0;0;0;0;0;0;0;1;0;1;1;0;7;2;0;3;1;2;1;1;0;1;0;0;0;adaptiveResidentStrategy;85;;125;116;3;0
1429;477;0;2;0;1;0;0;0;0;0;0;0;0;0;0;1;0;0;0;1;0;0;1;1;7;2;0;3;2;1;1;0;0;1;1;0;0;eliteResidentProduction;64;;66;82;3;0
1430;477;1;3;0;1;0;0;0;0;0;0;0;0;0;0;1;0;0;0;1;0;0;1;1;7;2;0;3;3;2;0;1;0;0;0;0;0;balanced;64;;64;89;2;0
1431;477;2;1;1;1;0;0;0;0;0;0;0;0;0;0;1;0;0;0;1;0;0;1;1;7;2;0;3;1;2;1;0;0;1;0;1;0;balanced;64;;110;143;1;1
1432;478;0;1;1;0;0;1;0;1;0;0;0;0;1;0;0;0;0;0;1;0;1;0;0;7;2;0;4;1;2;0;1;0;0;0;1;0;factoryVariety;145;;29;165;1;1
1433;478;1;2;0;0;0;1;0;1;0;0;0;0;1;0;0;0;0;0;1;0;1;0;0;7;2;0;4;2;0;1;0;0;1;1;0;0;balanced;145;;86;131;2;0
1434;478;2;3;0;0;0;1;0;1;0;0;0;0;1;0;0;0;0;0;1;0;1;0;0;7;2;0;2;1;2;2;1;0;0;1;0;0;adaptiveResidentStrategy;145;;31;110;3;0
1435;479;0;1;1;0;1;0;0;0;0;0;1;1;0;0;0;0;0;0;0;0;0;1;1;7;2;0;4;2;0;1;0;1;1;0;0;0;explorationFocus;210;;135;127;2;0
1436;479;1;2;0;0;1;0;0;0;0;0;1;1;0;0;0;0;0;0;0;0;0;1;1;7;2;0;5;0;1;1;0;0;2;0;0;0;adaptiveResidentStrategy;210;;86;151;1;1
1437;479;2;3;0;0;1;0;0;0;0;0;1;1;0;0;0;0;0;0;0;0;0;1;1;7;2;0;1;1;4;1;1;0;0;0;1;0;factoryVariety;210;;127;106;3;0
1438;480;0;3;0;1;0;0;0;0;0;0;1;0;0;0;0;0;1;0;0;0;0;1;1;7;2;0;3;1;1;2;0;0;1;0;1;0;factoryVariety;77;;121;157;1;1
1439;480;1;1;1;1;0;0;0;0;0;0;1;0;0;0;0;0;1;0;0;0;0;1;1;7;2;0;2;2;2;2;1;0;0;0;0;0;factoryVariety;77;;39;127;3;0
1440;480;2;2;0;1;0;0;0;0;0;0;1;0;0;0;0;0;1;0;0;0;0;1;1;7;2;0;4;3;1;0;1;0;0;0;0;0;factoryVariety;77;;79;127;3;0
1441;481;0;1;1;0;0;0;0;0;0;0;0;1;1;0;1;0;0;0;1;0;0;0;1;7;2;0;4;1;2;0;2;0;0;0;0;0;balanced;113;;106;126;2;0
1442;481;1;2;0;0;0;0;0;0;0;0;0;1;1;0;1;0;0;0;1;0;0;0;1;7;2;0;3;1;1;2;0;0;0;1;1;0;eliteResidentProduction;113;;140;105;3;0
1443;481;2;3;0;0;0;0;0;0;0;0;0;1;1;0;1;0;0;0;1;0;0;0;1;7;2;0;3;2;2;1;1;0;0;0;0;0;balanced;113;;89;142;1;1
1444;482;0;2;0;1;0;1;0;1;0;0;0;0;0;0;0;0;0;0;1;0;0;1;0;7;2;0;3;3;0;2;1;0;0;0;0;0;balanced;222;;154;108;2;0
1445;482;1;3;0;1;0;1;0;1;0;0;0;0;0;0;0;0;0;0;1;0;0;1;0;7;2;0;5;1;1;0;1;0;0;1;0;0;explorationFocus;222;;130;156;1;1
1446;482;2;1;1;1;0;1;0;1;0;0;0;0;0;0;0;0;0;0;1;0;0;1;0;7;2;0;4;1;2;0;1;0;1;0;0;0;explorationFocus;222;;36;96;3;0
1447;483;0;1;1;0;1;0;0;1;0;0;1;0;0;0;0;0;0;0;0;0;1;0;1;7;2;0;4;1;2;1;0;0;0;0;1;0;factoryVariety;164;;61;89;3;0
1448;483;1;2;0;0;1;0;0;1;0;0;1;0;0;0;0;0;0;0;0;0;1;0;1;7;2;0;3;1;1;2;1;0;0;0;1;0;explorationFocus;164;;88;132;1;1
1449;483;2;3;0;0;1;0;0;1;0;0;1;0;0;0;0;0;0;0;0;0;1;0;1;7;2;0;4;2;1;0;1;0;1;0;0;0;factoryVariety;164;;67;132;1;1
1450;484;0;2;0;0;0;0;0;1;0;1;1;1;1;0;0;0;0;0;0;0;0;0;0;7;2;0;5;0;2;0;1;0;0;0;1;0;adaptiveResidentStrategy;173;;134;86;3;0
1451;484;1;3;0;0;0;0;0;1;0;1;1;1;1;0;0;0;0;0;0;0;0;0;0;7;2;0;4;2;2;0;0;0;0;0;1;0;shipBuilding;173;;32;106;2;0
1452;484;2;1;1;0;0;0;0;1;0;1;1;1;1;0;0;0;0;0;0;0;0;0;0;7;2;0;3;2;1;1;0;0;2;0;0;0;factoryVariety;173;;111;162;1;1
1453;485;0;1;1;0;0;1;0;0;0;0;1;0;0;0;0;0;1;0;0;0;1;1;0;7;2;0;2;2;2;2;1;0;0;0;0;0;adaptiveResidentStrategy;55;;102;142;1;1
1454;485;1;2;0;0;0;1;0;0;0;0;1;0;0;0;0;0;1;0;0;0;1;1;0;7;2;0;4;3;0;1;0;0;1;0;0;0;factoryVariety;55;;59;110;3;0
1455;485;2;3;0;0;0;1;0;0;0;0;1;0;0;0;0;0;1;0;0;0;1;1;0;7;2;0;5;2;0;0;0;0;1;1;0;0;factoryVariety;55;;127;141;2;0
1456;486;0;1;1;0;1;0;0;1;0;0;0;1;0;0;0;0;0;0;0;0;1;1;0;7;2;0;4;1;0;2;0;1;0;1;0;0;adaptiveResidentStrategy;300;aborted_300_rounds;73;130;3;0
1457;486;1;2;0;0;1;0;0;1;0;0;0;1;0;0;0;0;0;0;0;0;1;1;0;7;2;0;3;0;2;2;1;0;0;0;1;0;balanced;300;aborted_300_rounds;119;141;2;0
1458;486;2;3;0;0;1;0;0;1;0;0;0;1;0;0;0;0;0;0;0;0;1;1;0;7;2;0;3;1;2;1;1;0;0;1;0;0;explorationFocus;300;aborted_300_rounds;42;143;1;1
1459;487;0;1;1;1;1;0;0;0;0;0;0;0;0;0;0;0;0;0;1;0;1;1;0;7;2;0;4;0;3;0;1;0;1;0;0;0;balanced;153;;57;114;3;0
1460;487;1;2;0;1;1;0;0;0;0;0;0;0;0;0;0;0;0;0;1;0;1;1;0;7;2;0;4;2;1;0;2;0;0;0;0;0;factoryVariety;153;;149;147;1;1
1461;487;2;3;0;1;1;0;0;0;0;0;0;0;0;0;0;0;0;0;1;0;1;1;0;7;2;0;3;3;1;1;0;0;1;0;0;0;adaptiveResidentStrategy;153;;94;117;2;0
1462;488;0;2;0;0;1;0;0;1;0;1;0;0;1;0;0;0;1;0;0;0;0;0;0;7;2;0;3;1;1;2;0;0;1;1;0;0;adaptiveResidentStrategy;217;;88;122;2;0
1463;488;1;3;0;0;1;0;0;1;0;1;0;0;1;0;0;0;1;0;0;0;0;0;0;7;2;0;2;0;3;2;1;1;0;0;0;0;factoryVariety;217;;78;120;3;0
1464;488;2;1;1;0;1;0;0;1;0;1;0;0;1;0;0;0;1;0;0;0;0;0;0;7;2;0;4;1;0;2;2;0;0;0;0;0;balanced;217;;83;158;1;1
1465;489;0;3;0;0;0;0;0;0;0;1;1;1;0;0;0;0;0;0;1;0;0;0;1;7;2;0;4;1;0;2;0;0;0;1;1;0;balanced;245;;111;154;1;1
1466;489;1;1;1;0;0;0;0;0;0;1;1;1;0;0;0;0;0;0;1;0;0;0;1;7;2;0;5;1;2;0;0;0;0;1;0;0;adaptiveResidentStrategy;245;;85;89;3;0
1467;489;2;2;0;0;0;0;0;0;0;1;1;1;0;0;0;0;0;0;1;0;0;0;1;7;2;0;3;2;2;2;0;0;0;0;0;0;adaptiveResidentStrategy;245;;31;152;2;0
1468;490;0;2;0;1;0;0;0;1;0;0;0;0;0;0;0;0;1;0;0;0;1;0;1;7;2;0;3;1;3;0;1;0;1;0;0;0;factoryVariety;217;;102;153;1;1
1469;490;1;3;0;1;0;0;0;1;0;0;0;0;0;0;0;0;1;0;0;0;1;0;1;7;2;0;5;1;1;0;0;0;0;1;1;0;factoryVariety;217;;140;107;2;0
1470;490;2;1;1;1;0;0;0;1;0;0;0;0;0;0;0;0;1;0;0;0;1;0;1;7;2;0;3;2;2;1;0;0;1;0;0;0;balanced;217;;117;84;3;0
1471;491;0;3;0;1;1;1;0;0;0;0;1;0;0;0;0;0;0;0;0;0;1;0;0;7;2;0;4;2;2;0;0;0;1;0;0;0;adaptiveResidentStrategy;178;;29;142;2;0
1472;491;1;1;1;1;1;1;0;0;0;0;1;0;0;0;0;0;0;0;0;0;1;0;0;7;2;0;3;2;2;0;2;0;0;0;0;0;adaptiveResidentStrategy;178;;81;165;1;1
1473;491;2;2;0;1;1;1;0;0;0;0;1;0;0;0;0;0;0;0;0;0;1;0;0;7;2;0;4;2;0;1;1;1;0;0;0;0;balanced;178;;143;137;3;0
1474;492;0;1;1;1;1;0;0;0;0;0;0;0;1;0;0;0;0;0;0;0;1;1;0;7;2;0;3;0;4;1;1;0;0;0;0;0;adaptiveResidentStrategy;190;;73;130;2;0
1475;492;1;2;0;1;1;0;0;0;0;0;0;0;1;0;0;0;0;0;0;0;1;1;0;7;2;0;2;4;1;1;1;0;0;0;0;0;eliteResidentProduction;190;;124;119;3;0
1476;492;2;3;0;1;1;0;0;0;0;0;0;0;1;0;0;0;0;0;0;0;1;1;0;7;2;0;5;2;1;0;1;0;0;0;0;0;factoryVariety;190;;68;145;1;1
1477;493;0;3;0;1;0;0;0;0;0;0;0;0;0;0;1;0;1;0;1;0;1;0;0;7;2;0;1;3;1;2;1;0;1;0;0;0;balanced;115;;67;91;2;0
1478;493;1;1;1;1;0;0;0;0;0;0;0;0;0;0;1;0;1;0;1;0;1;0;0;7;2;0;1;5;2;1;0;0;0;0;0;0;shipBuilding;115;;66;94;1;1
1479;493;2;2;0;1;0;0;0;0;0;0;0;0;0;0;1;0;1;0;1;0;1;0;0;7;2;0;5;0;2;0;0;0;1;1;0;0;balanced;115;;46;87;3;0
1480;494;0;3;0;1;1;0;0;0;0;0;1;1;0;0;0;0;0;0;0;0;0;0;1;7;2;0;3;2;2;0;1;0;1;0;0;0;factoryVariety;123;;90;126;3;0
1481;494;1;1;1;1;1;0;0;0;0;0;1;1;0;0;0;0;0;0;0;0;0;0;1;7;2;0;3;2;2;0;1;1;0;0;0;0;eliteResidentProduction;123;;29;142;2;0
1482;494;2;2;0;1;1;0;0;0;0;0;1;1;0;0;0;0;0;0;0;0;0;0;1;7;2;0;5;2;0;1;0;0;0;0;1;0;balanced;123;;104;148;1;1
1483;495;0;1;1;0;1;1;0;0;0;0;0;0;1;0;0;0;0;0;1;0;0;0;1;7;2;0;5;3;0;1;0;0;0;0;0;0;eliteResidentProduction;275;;58;99;3;0
1484;495;1;2;0;0;1;1;0;0;0;0;0;0;1;0;0;0;0;0;1;0;0;0;1;7;2;0;4;1;1;1;1;0;0;0;1;0;adaptiveResidentStrategy;275;;123;124;2;0
1485;495;2;3;0;0;1;1;0;0;0;0;0;0;1;0;0;0;0;0;1;0;0;0;1;7;2;0;4;1;1;1;1;0;1;0;0;0;eliteResidentProduction;275;;62;165;1;1
1486;496;0;2;0;1;0;0;0;0;0;1;0;1;1;0;0;0;1;0;0;0;0;0;0;7;2;0;4;1;1;1;0;0;1;0;1;0;balanced;155;;133;100;2;0
1487;496;1;3;0;1;0;0;0;0;0;1;0;1;1;0;0;0;1;0;0;0;0;0;0;7;2;0;4;3;0;2;0;0;0;0;0;0;eliteResidentProduction;155;;109;87;3;0
1488;496;2;1;1;1;0;0;0;0;0;1;0;1;1;0;0;0;1;0;0;0;0;0;0;7;2;0;4;1;2;0;0;0;2;0;0;0;explorationFocus;155;;110;164;1;1
1489;497;0;1;1;1;1;0;0;0;0;0;0;1;1;0;0;0;0;0;0;0;1;0;0;7;2;0;4;1;2;0;0;0;2;0;0;0;balanced;300;aborted_300_rounds;91;146;1;1
1490;497;1;2;0;1;1;0;0;0;0;0;0;1;1;0;0;0;0;0;0;0;1;0;0;7;2;0;3;3;2;0;0;0;0;1;0;0;shipBuilding;300;aborted_300_rounds;150;136;2;0
1491;497;2;3;0;1;1;0;0;0;0;0;0;1;1;0;0;0;0;0;0;0;1;0;0;7;2;0;3;2;1;1;0;1;1;0;0;0;factoryVariety;300;aborted_300_rounds;81;118;3;0
1492;498;0;2;0;0;1;0;0;0;0;0;1;0;1;0;1;0;0;0;0;0;1;0;0;7;2;0;4;2;0;1;0;0;1;1;0;0;adaptiveResidentStrategy;210;;82;92;3;0
1493;498;1;3;0;0;1;0;0;0;0;0;1;0;1;0;1;0;0;0;0;0;1;0;0;7;2;0;3;2;2;0;0;0;1;0;1;0;adaptiveResidentStrategy;210;;96;124;2;0
1494;498;2;1;1;0;1;0;0;0;0;0;1;0;1;0;1;0;0;0;0;0;1;0;0;7;2;0;3;1;2;1;2;0;0;0;0;0;factoryVariety;210;;131;149;1;1
1495;499;0;2;0;0;1;1;0;1;0;1;0;0;0;0;1;0;0;0;0;0;0;0;0;7;2;0;4;3;0;0;1;0;0;0;1;0;factoryVariety;115;;99;146;1;1
1496;499;1;3;0;0;1;1;0;1;0;1;0;0;0;0;1;0;0;0;0;0;0;0;0;7;2;0;2;1;3;2;0;1;0;0;0;0;eliteResidentProduction;115;;83;121;3;0
1497;499;2;1;1;0;1;1;0;1;0;1;0;0;0;0;1;0;0;0;0;0;0;0;0;7;2;0;3;1;3;1;0;0;1;0;0;0;balanced;115;;139;142;2;0
1498;500;0;3;0;0;0;1;0;1;0;0;1;1;0;0;0;0;0;0;0;0;1;0;0;7;2;0;3;3;2;0;0;0;1;0;0;0;adaptiveResidentStrategy;114;;139;153;2;0
1499;500;1;1;1;0;0;1;0;1;0;0;1;1;0;0;0;0;0;0;0;0;1;0;0;7;2;0;3;2;2;0;1;0;0;0;1;0;shipBuilding;114;;143;98;3;0
1500;500;2;2;0;0;0;1;0;1;0;0;1;1;0;0;0;0;0;0;0;0;1;0;0;7;2;0;2;1;3;1;1;0;1;0;0;0;shipBuilding;114;;123;155;1;1
1501;501;0;3;0;1;0;1;0;1;0;0;0;1;0;0;0;0;0;0;1;0;0;0;0;7;2;0;6;1;1;0;0;0;1;0;0;0;balanced;133;;48;162;1;1
1502;501;1;1;1;1;0;1;0;1;0;0;0;1;0;0;0;0;0;0;1;0;0;0;0;7;2;0;4;1;3;0;0;0;0;1;0;0;balanced;133;;104;159;2;0
1503;501;2;2;0;1;0;1;0;1;0;0;0;1;0;0;0;0;0;0;1;0;0;0;0;7;2;0;3;1;1;2;1;0;1;0;0;0;explorationFocus;133;;60;153;3;0
