row_id;game_id;player_id;seat_position;is_start_player;objective_MostInvestors;objective_MostEngineers;objective_NewWorldExplorer;objective_BasicGoodsProducer;objective_ExplorerTrader;objective_LuxuryFactories;objective_SingleIslandBonus;objective_MostExpeditionCards;objective_ExtraAction;objective_ArtifactBonus;objective_NewWorldProductFactories;objective_AnimalBonus;objective_ArtisanGoodsFactories;objective_MostTradeChips;objective_PrestigeFactories;objective_ResidentCardsPenalty;objective_EngineerGoodsFactories;objective_DiscardResidentCard;objective_InvestorExhaustForGold;objective_MostResidentsTotal;start_cards_l2_count;start_cards_l5_count;start_cards_l7_count;start_reward_new_residents_count;start_reward_upgrade_count;start_reward_tradepoints_count;start_reward_gold_count;start_reward_extraaction_count;start_reward_expedition_count;start_reward_discard_count;start_reward_explorationpoints_count;start_reward_freegoodschoice_count;start_reward_gold_and_tradepoints_count;strategy_name;rounds_played;game_end_status;fulfill_needs_count;final_points;rank;is_winner
1;1;0;2;0;0;0;1;0;0;0;0;0;1;0;0;0;0;1;0;1;0;1;0;0;7;2;0;4;1;2;1;1;0;0;0;0;0;adaptiveResidentStrategy;300;aborted_300_rounds;0;-8;1;1
2;1;1;3;0;0;0;1;0;0;0;0;0;1;0;0;0;0;1;0;1;0;1;0;0;7;2;0;2;2;2;1;0;1;0;0;1;0;balanced;300;aborted_300_rounds;0;-8;1;1
3;1;2;1;1;0;0;1;0;0;0;0;0;1;0;0;0;0;1;0;1;0;1;0;0;7;2;0;5;2;1;1;0;0;0;0;0;0;explorationFocus;300;aborted_300_rounds;0;-16;2;0
4;2;0;1;1;0;0;0;0;0;0;0;1;0;1;0;0;0;0;0;1;0;0;1;1;7;2;0;3;1;1;2;0;2;0;0;0;0;adaptiveResidentStrategy;300;aborted_300_rounds;0;-8;1;1
5;2;1;2;0;0;0;0;0;0;0;0;1;0;1;0;0;0;0;0;1;0;0;1;1;7;2;0;5;1;1;1;1;0;0;0;0;0;eliteResidentProduction;300;aborted_300_rounds;0;-8;1;1
6;2;2;3;0;0;0;0;0;0;0;0;1;0;1;0;0;0;0;0;1;0;0;1;1;7;2;0;4;2;2;0;1;0;0;0;0;0;adaptiveResidentStrategy;300;aborted_300_rounds;0;-8;1;1
7;3;0;3;0;1;1;0;0;1;0;1;0;0;0;0;0;0;0;0;0;0;0;0;1;7;2;0;5;0;2;0;0;0;0;2;0;0;factoryVariety;300;aborted_300_rounds;0;22;2;0
8;3;1;1;1;1;1;0;0;1;0;1;0;0;0;0;0;0;0;0;0;0;0;0;1;7;2;0;3;1;2;1;2;0;0;0;0;0;balanced;300;aborted_300_rounds;0;22;2;0
9;3;2;2;0;1;1;0;0;1;0;1;0;0;0;0;0;0;0;0;0;0;0;0;1;7;2;0;3;3;1;0;2;0;0;0;0;0;factoryVariety;300;aborted_300_rounds;0;28;1;1
10;4;0;3;0;1;0;1;0;0;0;0;0;0;0;0;0;0;1;0;1;0;0;0;1;7;2;0;2;2;2;1;0;2;0;0;0;0;adaptiveResidentStrategy;300;aborted_300_rounds;0;-4;1;1
11;4;1;1;1;1;0;1;0;0;0;0;0;0;0;0;0;0;1;0;1;0;0;0;1;7;2;0;5;2;0;1;0;0;0;0;1;0;factoryVariety;300;aborted_300_rounds;0;-6;2;0
12;4;2;2;0;1;0;1;0;0;0;0;0;0;0;0;0;0;1;0;1;0;0;0;1;7;2;0;4;2;1;0;1;0;1;0;0;0;balanced;300;aborted_300_rounds;0;-4;1;1
13;5;0;2;0;1;0;0;0;1;0;0;0;0;0;0;0;0;0;0;1;0;1;1;0;7;2;0;4;2;0;1;1;1;0;0;0;0;explorationFocus;300;aborted_300_rounds;0;-24;1;1
14;5;1;3;0;1;0;0;0;1;0;0;0;0;0;0;0;0;0;0;1;0;1;1;0;7;2;0;5;1;0;1;1;0;0;1;0;0;explorationFocus;300;aborted_300_rounds;0;-32;2;0
15;5;2;1;1;1;0;0;0;1;0;0;0;0;0;0;0;0;0;0;1;0;1;1;0;7;2;0;3;2;2;0;1;0;0;1;0;0;shipBuilding;300;aborted_300_rounds;0;-24;1;1
16;6;0;3;0;1;0;1;0;1;0;0;0;0;0;0;0;0;1;0;1;0;0;0;0;7;2;0;5;1;1;0;1;0;0;0;1;0;balanced;300;aborted_300_rounds;0;-8;1;1
17;6;1;1;1;1;0;1;0;1;0;0;0;0;0;0;0;0;1;0;1;0;0;0;0;7;2;0;4;2;2;0;0;1;0;0;0;0;factoryVariety;300;aborted_300_rounds;0;-16;2;0
18;6;2;2;0;1;0;1;0;1;0;0;0;0;0;0;0;0;1;0;1;0;0;0;0;7;2;0;1;2;1;3;0;1;1;0;0;0;explorationFocus;300;aborted_300_rounds;0;-8;1;1
19;7;0;2;0;1;0;0;0;0;0;0;0;1;0;0;0;0;1;0;0;0;0;1;1;7;2;0;3;2;1;2;1;0;0;0;0;0;factoryVariety;300;aborted_300_rounds;0;20;1;1
20;7;1;3;0;1;0;0;0;0;0;0;0;1;0;0;0;0;1;0;0;0;0;1;1;7;2;0;2;4;0;1;0;2;0;0;0;0;balanced;300;aborted_300_rounds;0;14;2;0
21;7;2;1;1;1;0;0;0;0;0;0;0;1;0;0;0;0;1;0;0;0;0;1;1;7;2;0;3;1;3;1;0;0;0;1;0;0;factoryVariety;300;aborted_300_rounds;0;14;2;0
22;8;0;1;1;1;0;1;0;0;0;0;0;0;1;0;1;0;0;0;0;0;0;0;1;7;2;0;5;0;2;1;0;1;0;0;0;0;eliteResidentProduction;300;aborted_300_rounds;0;16;1;1
23;8;1;2;0;1;0;1;0;0;0;0;0;0;1;0;1;0;0;0;0;0;0;0;1;7;2;0;4;3;2;0;0;0;0;0;0;0;adaptiveResidentStrategy;300;aborted_300_rounds;0;16;1;1
24;8;2;3;0;1;0;1;0;0;0;0;0;0;1;0;1;0;0;0;0;0;0;0;1;7;2;0;4;0;2;1;0;0;2;0;0;0;eliteResidentProduction;300;aborted_300_rounds;0;16;1;1
25;9;0;1;1;0;1;0;0;0;0;0;0;0;0;0;1;0;0;0;1;0;1;0;1;7;2;0;5;2;2;0;0;0;0;0;0;0;adaptiveResidentStrategy;300;aborted_300_rounds;0;-14;1;1
26;9;1;2;0;0;1;0;0;0;0;0;0;0;0;0;1;0;0;0;1;0;1;0;1;7;2;0;4;2;0;2;0;0;1;0;0;0;balanced;300;aborted_300_rounds;0;-20;2;0
27;9;2;3;0;0;1;0;0;0;0;0;0;0;0;0;1;0;0;0;1;0;1;0;1;7;2;0;2;2;3;1;0;1;0;0;0;0;factoryVariety;300;aborted_300_rounds;0;-22;3;0
28;10;0;2;0;0;1;1;0;0;0;1;0;0;1;0;0;0;1;0;0;0;0;0;0;7;2;0;2;2;3;0;0;1;0;0;1;0;factoryVariety;300;aborted_300_rounds;0;34;1;1
29;10;1;3;0;0;1;1;0;0;0;1;0;0;1;0;0;0;1;0;0;0;0;0;0;7;2;0;2;2;3;1;0;0;0;0;1;0;shipBuilding;300;aborted_300_rounds;0;34;1;1
30;10;2;1;1;0;1;1;0;0;0;1;0;0;1;0;0;0;1;0;0;0;0;0;0;7;2;0;6;1;1;0;1;0;0;0;0;0;shipBuilding;300;aborted_300_rounds;0;34;1;1
31;11;0;3;0;1;0;1;0;1;0;0;0;0;0;0;0;0;0;0;1;0;0;1;0;7;2;0;2;2;3;0;2;0;0;0;0;0;eliteResidentProduction;300;aborted_300_rounds;0;-18;1;1
32;11;1;1;1;1;0;1;0;1;0;0;0;0;0;0;0;0;0;0;1;0;0;1;0;7;2;0;4;1;1;1;0;0;1;0;1;0;eliteResidentProduction;300;aborted_300_rounds;0;-18;1;1
33;11;2;2;0;1;0;1;0;1;0;0;0;0;0;0;0;0;0;0;1;0;0;1;0;7;2;0;1;2;1;4;0;0;0;1;0;0;explorationFocus;300;aborted_300_rounds;0;-18;1;1
34;12;0;1;1;0;0;0;0;0;0;1;1;1;1;0;0;0;0;0;1;0;0;0;0;7;2;0;2;3;2;1;1;0;0;0;0;0;explorationFocus;300;aborted_300_rounds;0;-6;2;0
35;12;1;2;0;0;0;0;0;0;0;1;1;1;1;0;0;0;0;0;1;0;0;0;0;7;2;0;4;1;0;2;1;0;1;0;0;0;eliteResidentProduction;300;aborted_300_rounds;0;0;1;1
36;12;2;3;0;0;0;0;0;0;0;1;1;1;1;0;0;0;0;0;1;0;0;0;0;7;2;0;5;1;2;0;0;0;1;0;0;0;adaptiveResidentStrategy;300;aborted_300_rounds;0;0;1;1
37;13;0;3;0;0;1;0;0;0;0;1;1;1;0;0;1;0;0;0;0;0;0;0;0;7;2;0;3;1;2;1;1;0;1;0;0;0;explorationFocus;300;aborted_300_rounds;0;18;1;1
38;13;1;1;1;0;1;0;0;0;0;1;1;1;0;0;1;0;0;0;0;0;0;0;0;7;2;0;5;1;1;0;1;0;1;0;0;0;factoryVariety;300;aborted_300_rounds;0;18;1;1
39;13;2;2;0;0;1;0;0;0;0;1;1;1;0;0;1;0;0;0;0;0;0;0;0;7;2;0;2;3;1;1;0;1;0;0;1;0;explorationFocus;300;aborted_300_rounds;0;18;1;1
40;14;0;2;0;0;1;1;0;0;0;0;0;0;0;0;1;0;0;0;0;0;1;1;0;7;2;0;3;0;3;2;0;0;0;0;1;0;adaptiveResidentStrategy;300;aborted_300_rounds;0;6;1;1
41;14;1;3;0;0;1;1;0;0;0;0;0;0;0;0;1;0;0;0;0;0;1;1;0;7;2;0;5;0;0;2;2;0;0;0;0;0;eliteResidentProduction;300;aborted_300_rounds;0;6;1;1
42;14;2;1;1;0;1;1;0;0;0;0;0;0;0;0;1;0;0;0;0;0;1;1;0;7;2;0;3;3;0;1;1;0;1;0;0;0;factoryVariety;300;aborted_300_rounds;0;6;1;1
43;15;0;2;0;0;1;1;0;0;0;1;0;0;0;0;1;0;1;0;0;0;0;0;0;7;2;0;4;3;1;1;0;0;0;0;0;0;eliteResidentProduction;300;aborted_300_rounds;0;34;1;1
44;15;1;3;0;0;1;1;0;0;0;1;0;0;0;0;1;0;1;0;0;0;0;0;0;7;2;0;3;3;3;0;0;0;0;0;0;0;explorationFocus;300;aborted_300_rounds;0;34;1;1
45;15;2;1;1;0;1;1;0;0;0;1;0;0;0;0;1;0;1;0;0;0;0;0;0;7;2;0;5;1;1;0;1;0;1;0;0;0;balanced;300;aborted_300_rounds;0;34;1;1
46;16;0;2;0;0;1;0;0;1;0;0;0;1;1;0;0;0;0;0;0;0;0;1;0;7;2;0;2;3;2;0;1;0;1;0;0;0;balanced;300;aborted_300_rounds;0;0;1;1
47;16;1;3;0;0;1;0;0;1;0;0;0;1;1;0;0;0;0;0;0;0;0;1;0;7;2;0;2;1;3;1;0;1;0;1;0;0;shipBuilding;300;aborted_300_rounds;0;0;1;1
48;16;2;1;1;0;1;0;0;1;0;0;0;1;1;0;0;0;0;0;0;0;0;1;0;7;2;0;6;1;0;1;0;0;1;0;0;0;explorationFocus;300;aborted_300_rounds;0;0;1;1
49;17;0;1;1;1;1;1;0;0;0;1;0;0;0;0;0;0;1;0;0;0;0;0;0;7;2;0;3;1;2;2;0;0;1;0;0;0;eliteResidentProduction;300;aborted_300_rounds;0;34;1;1
50;17;1;2;0;1;1;1;0;0;0;1;0;0;0;0;0;0;1;0;0;0;0;0;0;7;2;0;4;1;2;0;0;2;0;0;0;0;explorationFocus;300;aborted_300_rounds;0;34;1;1
51;17;2;3;0;1;1;1;0;0;0;1;0;0;0;0;0;0;1;0;0;0;0;0;0;7;2;0;3;3;1;1;0;0;0;1;0;0;explorationFocus;300;aborted_300_rounds;0;34;1;1
52;18;0;1;1;1;1;0;0;0;0;0;1;0;0;0;0;0;0;0;0;0;1;1;0;7;2;0;4;2;0;1;0;0;2;0;0;0;shipBuilding;300;aborted_300_rounds;0;0;1;1
53;18;1;2;0;1;1;0;0;0;0;0;1;0;0;0;0;0;0;0;0;0;1;1;0;7;2;0;4;0;2;1;2;0;0;0;0;0;explorationFocus;300;aborted_300_rounds;0;0;1;1
54;18;2;3;0;1;1;0;0;0;0;0;1;0;0;0;0;0;0;0;0;0;1;1;0;7;2;0;3;1;2;2;1;0;0;0;0;0;adaptiveResidentStrategy;300;aborted_300_rounds;0;0;1;1
55;19;0;3;0;0;0;1;0;0;0;0;1;1;0;0;0;0;0;0;1;0;0;1;0;7;2;0;4;2;0;1;1;0;0;0;1;0;balanced;300;aborted_300_rounds;0;-18;1;1
56;19;1;1;1;0;0;1;0;0;0;0;1;1;0;0;0;0;0;0;1;0;0;1;0;7;2;0;4;1;1;2;0;0;1;0;0;0;balanced;300;aborted_300_rounds;0;-18;1;1
57;19;2;2;0;0;0;1;0;0;0;0;1;1;0;0;0;0;0;0;1;0;0;1;0;7;2;0;1;2;2;2;1;0;0;1;0;0;balanced;300;aborted_300_rounds;0;-18;1;1
58;20;0;3;0;0;0;1;0;0;0;1;0;1;0;0;0;0;0;0;0;0;0;1;1;7;2;0;4;1;1;2;0;0;1;0;0;0;factoryVariety;300;aborted_300_rounds;0;34;1;1
59;20;1;1;1;0;0;1;0;0;0;1;0;1;0;0;0;0;0;0;0;0;0;1;1;7;2;0;5;0;1;1;0;0;1;1;0;0;adaptiveResidentStrategy;300;aborted_300_rounds;0;28;2;0
60;20;2;2;0;0;0;1;0;0;0;1;0;1;0;0;0;0;0;0;0;0;0;1;1;7;2;0;4;2;0;1;1;0;0;1;0;0;eliteResidentProduction;300;aborted_300_rounds;0;28;2;0
61;21;0;2;0;1;0;0;0;0;0;0;0;1;0;0;0;0;1;0;0;0;1;0;1;7;2;0;2;1;3;2;1;0;0;0;0;0;explorationFocus;300;aborted_300_rounds;0;20;1;1
62;21;1;3;0;1;0;0;0;0;0;0;0;1;0;0;0;0;1;0;0;0;1;0;1;7;2;0;4;2;0;1;0;1;1;0;0;0;balanced;300;aborted_300_rounds;0;20;1;1
63;21;2;1;1;1;0;0;0;0;0;0;0;1;0;0;0;0;1;0;0;0;1;0;1;7;2;0;4;2;2;0;1;0;0;0;0;0;balanced;300;aborted_300_rounds;0;20;1;1
64;22;0;1;1;1;0;0;0;0;0;1;0;1;0;0;0;0;0;0;1;0;0;1;0;7;2;0;3;1;3;0;0;0;1;1;0;0;factoryVariety;300;aborted_300_rounds;0;-8;3;0
65;22;1;2;0;1;0;0;0;0;0;1;0;1;0;0;0;0;0;0;1;0;0;1;0;7;2;0;4;2;1;0;1;0;1;0;0;0;adaptiveResidentStrategy;300;aborted_300_rounds;0;0;1;1
66;22;2;3;0;1;0;0;0;0;0;1;0;1;0;0;0;0;0;0;1;0;0;1;0;7;2;0;3;1;2;2;0;0;1;0;0;0;explorationFocus;300;aborted_300_rounds;0;-6;2;0
67;23;0;2;0;0;1;0;0;1;0;1;1;0;0;0;1;0;0;0;0;0;0;0;0;7;2;0;5;0;1;1;0;0;1;1;0;0;eliteResidentProduction;300;aborted_300_rounds;0;18;1;1
68;23;1;3;0;0;1;0;0;1;0;1;1;0;0;0;1;0;0;0;0;0;0;0;0;7;2;0;3;2;3;0;0;0;1;0;0;0;shipBuilding;300;aborted_300_rounds;0;18;1;1
69;23;2;1;1;0;1;0;0;1;0;1;1;0;0;0;1;0;0;0;0;0;0;0;0;7;2;0;4;0;3;1;0;0;1;0;0;0;explorationFocus;300;aborted_300_rounds;0;18;1;1
70;24;0;1;1;1;0;0;0;1;0;1;0;0;0;0;0;0;0;0;0;0;1;1;0;7;2;0;5;3;0;0;0;1;0;0;0;0;explorationFocus;300;aborted_300_rounds;0;18;1;1
71;24;1;2;0;1;0;0;0;1;0;1;0;0;0;0;0;0;0;0;0;0;1;1;0;7;2;0;2;2;1;2;1;0;0;0;1;0;eliteResidentProduction;300;aborted_300_rounds;0;18;1;1
72;24;2;3;0;1;0;0;0;1;0;1;0;0;0;0;0;0;0;0;0;0;1;1;0;7;2;0;5;1;1;0;1;0;1;0;0;0;balanced;300;aborted_300_rounds;0;18;1;1
73;25;0;1;1;0;0;1;0;1;0;0;0;0;1;0;1;0;1;0;0;0;0;0;0;7;2;0;5;1;1;0;1;0;1;0;0;0;eliteResidentProduction;300;aborted_300_rounds;0;16;1;1
74;25;1;2;0;0;0;1;0;1;0;0;0;0;1;0;1;0;1;0;0;0;0;0;0;7;2;0;4;0;0;3;2;0;0;0;0;0;adaptiveResidentStrategy;300;aborted_300_rounds;0;16;1;1
75;25;2;3;0;0;0;1;0;1;0;0;0;0;1;0;1;0;1;0;0;0;0;0;0;7;2;0;4;0;3;2;0;0;0;0;0;0;balanced;300;aborted_300_rounds;0;16;1;1
76;26;0;1;1;0;1;0;0;1;0;1;0;1;0;0;0;0;0;0;1;0;0;0;0;7;2;0;2;2;1;2;1;0;0;0;1;0;balanced;300;aborted_300_rounds;0;-6;1;1
77;26;1;2;0;0;1;0;0;1;0;1;0;1;0;0;0;0;0;0;1;0;0;0;0;7;2;0;4;1;2;0;2;0;0;0;0;0;factoryVariety;300;aborted_300_rounds;0;-6;1;1
78;26;2;3;0;0;1;0;0;1;0;1;0;1;0;0;0;0;0;0;1;0;0;0;0;7;2;0;3;2;2;1;1;0;0;0;0;0;shipBuilding;300;aborted_300_rounds;0;-6;1;1
79;27;0;3;0;0;0;0;0;0;0;0;0;1;0;0;0;0;1;0;1;0;1;1;0;7;2;0;3;2;3;0;0;0;1;0;0;0;adaptiveResidentStrategy;300;aborted_300_rounds;0;-8;1;1
80;27;1;1;1;0;0;0;0;0;0;0;0;1;0;0;0;0;1;0;1;0;1;1;0;7;2;0;3;1;4;0;0;0;0;0;1;0;factoryVariety;300;aborted_300_rounds;0;-14;2;0
81;27;2;2;0;0;0;0;0;0;0;0;0;1;0;0;0;0;1;0;1;0;1;1;0;7;2;0;3;2;1;1;1;0;0;1;0;0;adaptiveResidentStrategy;300;aborted_300_rounds;0;-8;1;1
82;28;0;3;0;0;0;1;0;0;0;1;0;0;1;0;0;0;1;0;1;0;0;0;0;7;2;0;4;0;2;1;1;0;0;0;1;0;balanced;300;aborted_300_rounds;0;10;1;1
83;28;1;1;1;0;0;1;0;0;0;1;0;0;1;0;0;0;1;0;1;0;0;0;0;7;2;0;6;1;0;1;0;0;0;1;0;0;factoryVariety;300;aborted_300_rounds;0;2;2;0
84;28;2;2;0;0;0;1;0;0;0;1;0;0;1;0;0;0;1;0;1;0;0;0;0;7;2;0;1;1;4;2;0;1;0;0;0;0;balanced;300;aborted_300_rounds;0;10;1;1
85;29;0;3;0;1;1;0;0;0;0;1;0;0;0;0;0;0;0;0;0;0;0;1;1;7;2;0;3;0;2;2;0;0;2;0;0;0;adaptiveResidentStrategy;300;aborted_300_rounds;0;22;2;0
86;29;1;1;1;1;1;0;0;0;0;1;0;0;0;0;0;0;0;0;0;0;0;1;1;7;2;0;5;2;1;1;0;0;0;0;0;0;factoryVariety;300;aborted_300_rounds;0;28;1;1
87;29;2;2;0;1;1;0;0;0;0;1;0;0;0;0;0;0;0;0;0;0;0;1;1;7;2;0;2;1;2;2;1;0;0;1;0;0;factoryVariety;300;aborted_300_rounds;0;28;1;1
88;30;0;3;0;0;1;0;0;0;0;0;0;1;0;0;0;0;1;0;1;0;0;1;0;7;2;0;4;2;1;0;1;0;1;0;0;0;explorationFocus;300;aborted_300_rounds;0;-30;3;0
89;30;1;1;1;0;1;0;0;0;0;0;0;1;0;0;0;0;1;0;1;0;0;1;0;7;2;0;5;1;1;0;1;0;0;1;0;0;shipBuilding;300;aborted_300_rounds;0;-14;2;0
90;30;2;2;0;0;1;0;0;0;0;0;0;1;0;0;0;0;1;0;1;0;0;1;0;7;2;0;4;1;0;3;0;0;1;0;0;0;adaptiveResidentStrategy;300;aborted_300_rounds;0;-8;1;1
91;31;0;1;1;0;0;0;0;0;0;1;0;0;0;0;1;0;1;0;0;0;1;0;1;7;2;0;3;4;1;0;0;0;1;0;0;0;eliteResidentProduction;300;aborted_300_rounds;0;38;1;1
92;31;1;2;0;0;0;0;0;0;0;1;0;0;0;0;1;0;1;0;0;0;1;0;1;7;2;0;3;0;2;3;1;0;0;0;0;0;eliteResidentProduction;300;aborted_300_rounds;0;38;1;1
93;31;2;3;0;0;0;0;0;0;0;1;0;0;0;0;1;0;1;0;0;0;1;0;1;7;2;0;6;1;1;0;0;1;0;0;0;0;factoryVariety;300;aborted_300_rounds;0;38;1;1
94;32;0;2;0;0;0;1;0;0;0;1;0;0;0;0;0;0;0;0;1;0;1;1;0;7;2;0;3;1;3;0;0;1;1;0;0;0;factoryVariety;300;aborted_300_rounds;0;-4;2;0
95;32;1;3;0;0;0;1;0;0;0;1;0;0;0;0;0;0;0;0;1;0;1;1;0;7;2;0;5;0;2;0;2;0;0;0;0;0;balanced;300;aborted_300_rounds;0;0;1;1
96;32;2;1;1;0;0;1;0;0;0;1;0;0;0;0;0;0;0;0;1;0;1;1;0;7;2;0;4;3;0;1;1;0;0;0;0;0;factoryVariety;300;aborted_300_rounds;0;-4;2;0
97;33;0;1;1;0;0;0;0;1;0;0;1;0;0;0;1;0;0;0;0;0;1;0;1;7;2;0;3;2;1;1;2;0;0;0;0;0;balanced;300;aborted_300_rounds;0;10;1;1
98;33;1;2;0;0;0;0;0;1;0;0;1;0;0;0;1;0;0;0;0;0;1;0;1;7;2;0;4;2;0;1;1;0;1;0;0;0;adaptiveResidentStrategy;300;aborted_300_rounds;0;10;1;1
99;33;2;3;0;0;0;0;0;1;0;0;1;0;0;0;1;0;0;0;0;0;1;0;1;7;2;0;6;0;1;0;1;1;0;0;0;0;balanced;300;aborted_300_rounds;0;10;1;1
100;34;0;1;1;0;0;1;0;1;0;0;0;0;1;0;0;0;1;0;0;0;0;0;1;7;2;0;4;1;1;1;1;0;1;0;0;0;adaptiveResidentStrategy;300;aborted_300_rounds;0;26;1;1
101;34;1;2;0;0;0;1;0;1;0;0;0;0;1;0;0;0;1;0;0;0;0;0;1;7;2;0;3;1;2;1;1;1;0;0;0;0;adaptiveResidentStrategy;300;aborted_300_rounds;0;26;1;1
102;34;2;3;0;0;0;1;0;1;0;0;0;0;1;0;0;0;1;0;0;0;0;0;1;7;2;0;3;4;1;0;1;0;0;0;0;0;balanced;300;aborted_300_rounds;0;26;1;1
103;35;0;3;0;1;0;0;0;0;0;1;0;0;0;0;1;0;0;0;0;0;1;1;0;7;2;0;4;3;1;0;0;0;1;0;0;0;adaptiveResidentStrategy;300;aborted_300_rounds;0;18;1;1
104;35;1;1;1;1;0;0;0;0;0;1;0;0;0;0;1;0;0;0;0;0;1;1;0;7;2;0;2;2;2;1;2;0;0;0;0;0;factoryVariety;300;aborted_300_rounds;0;18;1;1
105;35;2;2;0;1;0;0;0;0;0;1;0;0;0;0;1;0;0;0;0;0;1;1;0;7;2;0;2;3;0;2;2;0;0;0;0;0;eliteResidentProduction;300;aborted_300_rounds;0;18;1;1
106;36;0;2;0;1;0;0;0;0;0;1;1;0;0;0;0;0;1;0;1;0;0;0;0;7;2;0;2;2;3;0;1;0;0;0;1;0;adaptiveResidentStrategy;300;aborted_300_rounds;0;10;1;1
107;36;1;3;0;1;0;0;0;0;0;1;1;0;0;0;0;0;1;0;1;0;0;0;0;7;2;0;5;0;2;1;0;0;1;0;0;0;adaptiveResidentStrategy;300;aborted_300_rounds;0;10;1;1
108;36;2;1;1;1;0;0;0;0;0;1;1;0;0;0;0;0;1;0;1;0;0;0;0;7;2;0;2;0;2;3;1;0;0;0;1;0;explorationFocus;300;aborted_300_rounds;0;4;2;0
109;37;0;1;1;0;1;0;0;0;0;1;1;0;0;0;0;0;0;0;0;0;1;0;1;7;2;0;3;1;2;1;1;0;0;1;0;0;eliteResidentProduction;300;aborted_300_rounds;0;22;2;0
110;37;1;2;0;0;1;0;0;0;0;1;1;0;0;0;0;0;0;0;0;0;1;0;1;7;2;0;3;2;1;1;1;1;0;0;0;0;factoryVariety;300;aborted_300_rounds;0;28;1;1
111;37;2;3;0;0;1;0;0;0;0;1;1;0;0;0;0;0;0;0;0;0;1;0;1;7;2;0;3;2;2;0;2;0;0;0;0;0;eliteResidentProduction;300;aborted_300_rounds;0;22;2;0
112;38;0;3;0;0;1;0;0;1;0;0;0;0;1;0;1;0;0;0;0;0;0;0;1;7;2;0;4;1;3;0;0;0;1;0;0;0;explorationFocus;300;aborted_300_rounds;0;10;1;1
113;38;1;1;1;0;1;0;0;1;0;0;0;0;1;0;1;0;0;0;0;0;0;0;1;7;2;0;4;1;3;0;1;0;0;0;0;0;adaptiveResidentStrategy;300;aborted_300_rounds;0;10;1;1
114;38;2;2;0;0;1;0;0;1;0;0;0;0;1;0;1;0;0;0;0;0;0;0;1;7;2;0;3;3;1;1;1;0;0;0;0;0;eliteResidentProduction;300;aborted_300_rounds;0;10;1;1
115;39;0;1;1;0;0;1;0;0;0;0;0;1;0;0;1;0;1;0;1;0;0;0;0;7;2;0;3;0;4;1;0;0;0;0;1;0;adaptiveResidentStrategy;300;aborted_300_rounds;0;-8;1;1
116;39;1;2;0;0;0;1;0;0;0;0;0;1;0;0;1;0;1;0;1;0;0;0;0;7;2;0;4;2;1;1;1;0;0;0;0;0;balanced;300;aborted_300_rounds;0;-8;1;1
117;39;2;3;0;0;0;1;0;0;0;0;0;1;0;0;1;0;1;0;1;0;0;0;0;7;2;0;4;2;1;0;1;0;0;1;0;0;eliteResidentProduction;300;aborted_300_rounds;0;-8;1;1
118;40;0;2;0;0;0;0;0;0;0;1;1;0;0;0;0;0;1;0;0;0;0;1;1;7;2;0;5;1;1;0;0;0;1;1;0;0;eliteResidentProduction;300;aborted_300_rounds;0;38;1;1
119;40;1;3;0;0;0;0;0;0;0;1;1;0;0;0;0;0;1;0;0;0;0;1;1;7;2;0;5;1;1;1;1;0;0;0;0;0;adaptiveResidentStrategy;300;aborted_300_rounds;0;38;1;1
120;40;2;1;1;0;0;0;0;0;0;1;1;0;0;0;0;0;1;0;0;0;0;1;1;7;2;0;4;1;1;1;1;0;1;0;0;0;eliteResidentProduction;300;aborted_300_rounds;0;38;1;1
121;41;0;3;0;0;0;1;0;0;0;1;0;0;0;0;1;0;1;0;0;0;1;0;0;7;2;0;2;2;2;1;0;2;0;0;0;0;adaptiveResidentStrategy;300;aborted_300_rounds;0;34;1;1
122;41;1;1;1;0;0;1;0;0;0;1;0;0;0;0;1;0;1;0;0;0;1;0;0;7;2;0;5;0;2;1;0;0;0;0;1;0;balanced;300;aborted_300_rounds;0;34;1;1
123;41;2;2;0;0;0;1;0;0;0;1;0;0;0;0;1;0;1;0;0;0;1;0;0;7;2;0;2;1;4;0;0;0;1;1;0;0;eliteResidentProduction;300;aborted_300_rounds;0;34;1;1
124;42;0;2;0;0;1;0;0;1;0;1;0;0;1;0;0;0;0;0;0;0;1;0;0;7;2;0;2;2;2;1;1;1;0;0;0;0;factoryVariety;300;aborted_300_rounds;0;18;1;1
125;42;1;3;0;0;1;0;0;1;0;1;0;0;1;0;0;0;0;0;0;0;1;0;0;7;2;0;6;1;1;1;0;0;0;0;0;0;adaptiveResidentStrategy;300;aborted_300_rounds;0;18;1;1
126;42;2;1;1;0;1;0;0;1;0;1;0;0;1;0;0;0;0;0;0;0;1;0;0;7;2;0;4;1;2;0;1;0;0;0;1;0;balanced;300;aborted_300_rounds;0;18;1;1
127;43;0;3;0;0;0;0;0;1;0;0;0;0;1;0;1;0;1;0;0;0;0;1;0;7;2;0;4;1;0;2;1;1;0;0;0;0;eliteResidentProduction;300;aborted_300_rounds;0;10;1;1
128;43;1;1;1;0;0;0;0;1;0;0;0;0;1;0;1;0;1;0;0;0;0;1;0;7;2;0;5;0;2;0;2;0;0;0;0;0;shipBuilding;300;aborted_300_rounds;0;10;1;1
129;43;2;2;0;0;0;0;0;1;0;0;0;0;1;0;1;0;1;0;0;0;0;1;0;7;2;0;2;4;1;1;0;0;0;1;0;0;eliteResidentProduction;300;aborted_300_rounds;0;10;1;1
130;44;0;2;0;0;0;0;0;0;0;0;1;0;1;0;0;0;1;0;1;0;0;1;0;7;2;0;2;3;2;1;0;0;1;0;0;0;factoryVariety;300;aborted_300_rounds;0;-22;3;0
131;44;1;3;0;0;0;0;0;0;0;0;1;0;1;0;0;0;1;0;1;0;0;1;0;7;2;0;5;1;1;0;1;0;1;0;0;0;adaptiveResidentStrategy;300;aborted_300_rounds;0;-8;1;1
132;44;2;1;1;0;0;0;0;0;0;0;1;0;1;0;0;0;1;0;1;0;0;1;0;7;2;0;1;1;2;3;1;0;0;0;1;0;explorationFocus;300;aborted_300_rounds;0;-14;2;0
133;45;0;2;0;0;1;1;0;0;0;0;0;0;1;0;0;0;0;0;0;0;1;1;0;7;2;0;3;0;2;2;0;0;0;2;0;0;eliteResidentProduction;300;aborted_300_rounds;0;6;1;1
134;45;1;3;0;0;1;1;0;0;0;0;0;0;1;0;0;0;0;0;0;0;1;1;0;7;2;0;3;1;1;2;1;1;0;0;0;0;factoryVariety;300;aborted_300_rounds;0;6;1;1
135;45;2;1;1;0;1;1;0;0;0;0;0;0;1;0;0;0;0;0;0;0;1;1;0;7;2;0;2;2;2;1;1;0;1;0;0;0;eliteResidentProduction;300;aborted_300_rounds;0;6;1;1
136;46;0;1;1;1;0;1;0;0;0;0;0;0;0;0;0;0;1;0;1;0;0;0;1;7;2;0;2;2;2;1;1;1;0;0;0;0;adaptiveResidentStrategy;300;aborted_300_rounds;0;2;1;1
137;46;1;2;0;1;0;1;0;0;0;0;0;0;0;0;0;0;1;0;1;0;0;0;1;7;2;0;6;1;0;0;0;0;1;0;1;0;adaptiveResidentStrategy;300;aborted_300_rounds;0;2;1;1
138;46;2;3;0;1;0;1;0;0;0;0;0;0;0;0;0;0;1;0;1;0;0;0;1;7;2;0;4;1;2;0;0;0;2;0;0;0;adaptiveResidentStrategy;300;aborted_300_rounds;0;2;1;1
139;47;0;3;0;0;0;0;0;1;0;0;1;1;1;0;0;0;1;0;0;0;0;0;0;7;2;0;4;1;3;1;0;0;0;0;0;0;shipBuilding;300;aborted_300_rounds;0;10;1;1
140;47;1;1;1;0;0;0;0;1;0;0;1;1;1;0;0;0;1;0;0;0;0;0;0;7;2;0;4;2;1;1;1;0;0;0;0;0;explorationFocus;300;aborted_300_rounds;0;10;1;1
141;47;2;2;0;0;0;0;0;1;0;0;1;1;1;0;0;0;1;0;0;0;0;0;0;7;2;0;3;2;1;2;1;0;0;0;0;0;explorationFocus;300;aborted_300_rounds;0;10;1;1
142;48;0;2;0;1;0;1;0;0;0;0;1;1;0;0;0;0;1;0;0;0;0;0;0;7;2;0;5;2;0;1;1;0;0;0;0;0;explorationFocus;300;aborted_300_rounds;0;16;1;1
143;48;1;3;0;1;0;1;0;0;0;0;1;1;0;0;0;0;1;0;0;0;0;0;0;7;2;0;1;4;0;2;1;0;1;0;0;0;factoryVariety;300;aborted_300_rounds;0;16;1;1
144;48;2;1;1;1;0;1;0;0;0;0;1;1;0;0;0;0;1;0;0;0;0;0;0;7;2;0;4;0;3;0;1;0;0;0;1;0;explorationFocus;300;aborted_300_rounds;0;16;1;1
145;49;0;2;0;1;1;0;0;0;0;0;0;1;1;0;0;0;0;0;0;0;0;0;1;7;2;0;3;2;1;1;0;1;0;1;0;0;eliteResidentProduction;300;aborted_300_rounds;0;10;1;1
146;49;1;3;0;1;1;0;0;0;0;0;0;1;1;0;0;0;0;0;0;0;0;0;1;7;2;0;5;2;0;1;0;0;1;0;0;0;eliteResidentProduction;300;aborted_300_rounds;0;10;1;1
147;49;2;1;1;1;1;0;0;0;0;0;0;1;1;0;0;0;0;0;0;0;0;0;1;7;2;0;2;4;2;0;1;0;0;0;0;0;shipBuilding;300;aborted_300_rounds;0;10;1;1
148;50;0;2;0;1;1;1;0;1;0;0;0;1;0;0;0;0;0;0;0;0;0;0;0;7;2;0;4;3;1;0;0;0;1;0;0;0;factoryVariety;300;aborted_300_rounds;0;6;1;1
149;50;1;3;0;1;1;1;0;1;0;0;0;1;0;0;0;0;0;0;0;0;0;0;0;7;2;0;2;0;6;0;1;0;0;0;0;0;balanced;300;aborted_300_rounds;0;6;1;1
150;50;2;1;1;1;1;1;0;1;0;0;0;1;0;0;0;0;0;0;0;0;0;0;0;7;2;0;2;4;1;2;0;0;0;0;0;0;explorationFocus;300;aborted_300_rounds;0;6;1;1
151;51;0;3;0;1;0;0;0;0;0;1;1;0;0;0;0;0;0;0;0;0;1;1;0;7;2;0;5;1;0;1;0;1;1;0;0;0;factoryVariety;300;aborted_300_rounds;0;18;1;1
152;51;1;1;1;1;0;0;0;0;0;1;1;0;0;0;0;0;0;0;0;0;1;1;0;7;2;0;4;1;2;0;0;0;2;0;0;0;eliteResidentProduction;300;aborted_300_rounds;0;18;1;1
153;51;2;2;0;1;0;0;0;0;0;1;1;0;0;0;0;0;0;0;0;0;1;1;0;7;2;0;0;1;4;3;1;0;0;0;0;0;factoryVariety;300;aborted_300_rounds;0;18;1;1
154;52;0;3;0;0;1;0;0;0;0;1;0;0;1;0;0;0;0;0;0;0;0;1;1;7;2;0;3;1;2;2;0;1;0;0;0;0;eliteResidentProduction;300;aborted_300_rounds;0;22;2;0
155;52;1;1;1;0;1;0;0;0;0;1;0;0;1;0;0;0;0;0;0;0;0;1;1;7;2;0;3;1;3;0;2;0;0;0;0;0;factoryVariety;300;aborted_300_rounds;0;28;1;1
156;52;2;2;0;0;1;0;0;0;0;1;0;0;1;0;0;0;0;0;0;0;0;1;1;7;2;0;4;2;1;0;1;0;0;1;0;0;eliteResidentProduction;300;aborted_300_rounds;0;22;2;0
157;53;0;1;1;0;0;1;0;0;0;0;0;0;1;0;1;0;0;0;1;0;1;0;0;7;2;0;4;1;0;2;0;0;1;1;0;0;eliteResidentProduction;300;aborted_300_rounds;0;-18;1;1
158;53;1;2;0;0;0;1;0;0;0;0;0;0;1;0;1;0;0;0;1;0;1;0;0;7;2;0;2;3;2;1;0;0;1;0;0;0;explorationFocus;300;aborted_300_rounds;0;-18;1;1
159;53;2;3;0;0;0;1;0;0;0;0;0;0;1;0;1;0;0;0;1;0;1;0;0;7;2;0;3;1;3;1;1;0;0;0;0;0;factoryVariety;300;aborted_300_rounds;0;-26;2;0
160;54;0;3;0;0;0;0;0;0;0;0;0;0;0;0;1;0;1;0;1;0;1;1;0;7;2;0;3;2;1;1;2;0;0;0;0;0;adaptiveResidentStrategy;300;aborted_300_rounds;0;-8;1;1
161;54;1;1;1;0;0;0;0;0;0;0;0;0;0;0;1;0;1;0;1;0;1;1;0;7;2;0;5;0;0;2;0;0;0;1;1;0;adaptiveResidentStrategy;300;aborted_300_rounds;0;-8;1;1
162;54;2;2;0;0;0;0;0;0;0;0;0;0;0;0;1;0;1;0;1;0;1;1;0;7;2;0;2;3;1;1;1;1;0;0;0;0;shipBuilding;300;aborted_300_rounds;0;-14;2;0
163;55;0;1;1;1;0;1;0;1;0;0;0;0;0;0;0;0;1;0;0;0;0;0;1;7;2;0;3;1;1;2;1;0;0;1;0;0;explorationFocus;300;aborted_300_rounds;0;20;2;0
164;55;1;2;0;1;0;1;0;1;0;0;0;0;0;0;0;0;1;0;0;0;0;0;1;7;2;0;4;1;1;1;1;0;0;1;0;0;eliteResidentProduction;300;aborted_300_rounds;0;20;2;0
165;55;2;3;0;1;0;1;0;1;0;0;0;0;0;0;0;0;1;0;0;0;0;0;1;7;2;0;1;3;3;0;0;0;1;0;1;0;factoryVariety;300;aborted_300_rounds;0;26;1;1
166;56;0;1;1;0;0;0;0;0;0;0;0;1;0;0;1;0;1;0;1;0;1;0;0;7;2;0;6;0;0;1;1;0;0;0;1;0;balanced;300;aborted_300_rounds;0;-14;2;0
167;56;1;2;0;0;0;0;0;0;0;0;0;1;0;0;1;0;1;0;1;0;1;0;0;7;2;0;3;2;3;0;0;0;0;1;0;0;factoryVariety;300;aborted_300_rounds;0;-28;3;0
168;56;2;3;0;0;0;0;0;0;0;0;0;1;0;0;1;0;1;0;1;0;1;0;0;7;2;0;1;3;3;1;0;0;1;0;0;0;eliteResidentProduction;300;aborted_300_rounds;0;-8;1;1
169;57;0;3;0;0;0;0;0;1;0;1;1;1;0;0;0;0;0;0;0;0;0;1;0;7;2;0;4;1;1;1;1;0;1;0;0;0;factoryVariety;300;aborted_300_rounds;0;18;1;1
170;57;1;1;1;0;0;0;0;1;0;1;1;1;0;0;0;0;0;0;0;0;0;1;0;7;2;0;5;2;1;0;0;0;1;0;0;0;shipBuilding;300;aborted_300_rounds;0;18;1;1
171;57;2;2;0;0;0;0;0;1;0;1;1;1;0;0;0;0;0;0;0;0;0;1;0;7;2;0;2;2;3;0;1;1;0;0;0;0;balanced;300;aborted_300_rounds;0;18;1;1
172;58;0;2;0;0;0;1;0;1;0;0;0;0;0;0;0;0;1;0;0;0;1;0;1;7;2;0;3;2;2;0;0;0;1;1;0;0;adaptiveResidentStrategy;300;aborted_300_rounds;0;26;1;1
173;58;1;3;0;0;0;1;0;1;0;0;0;0;0;0;0;0;1;0;0;0;1;0;1;7;2;0;5;1;1;0;0;0;2;0;0;0;adaptiveResidentStrategy;300;aborted_300_rounds;0;26;1;1
174;58;2;1;1;0;0;1;0;1;0;0;0;0;0;0;0;0;1;0;0;0;1;0;1;7;2;0;5;1;1;1;1;0;0;0;0;0;adaptiveResidentStrategy;300;aborted_300_rounds;0;26;1;1
175;59;0;1;1;1;0;0;0;1;0;0;0;0;0;0;0;0;0;0;0;0;1;1;1;7;2;0;2;3;1;2;0;0;0;1;0;0;adaptiveResidentStrategy;300;aborted_300_rounds;0;4;2;0
176;59;1;2;0;1;0;0;0;1;0;0;0;0;0;0;0;0;0;0;0;0;1;1;1;7;2;0;3;4;1;0;0;0;0;1;0;0;factoryVariety;300;aborted_300_rounds;0;4;2;0
177;59;2;3;0;1;0;0;0;1;0;0;0;0;0;0;0;0;0;0;0;0;1;1;1;7;2;0;4;1;1;1;0;2;0;0;0;0;factoryVariety;300;aborted_300_rounds;0;10;1;1
178;60;0;2;0;1;0;0;0;1;0;0;1;0;0;0;1;0;1;0;0;0;0;0;0;7;2;0;3;2;3;0;1;0;0;0;0;0;explorationFocus;300;aborted_300_rounds;0;10;1;1
179;60;1;3;0;1;0;0;0;1;0;0;1;0;0;0;1;0;1;0;0;0;0;0;0;7;2;0;3;2;2;1;0;0;1;0;0;0;shipBuilding;300;aborted_300_rounds;0;10;1;1
180;60;2;1;1;1;0;0;0;1;0;0;1;0;0;0;1;0;1;0;0;0;0;0;0;7;2;0;4;2;0;2;0;1;0;0;0;0;shipBuilding;300;aborted_300_rounds;0;10;1;1
181;61;0;3;0;0;0;0;0;1;0;0;0;1;1;0;1;0;1;0;0;0;0;0;0;7;2;0;2;3;2;1;1;0;0;0;0;0;factoryVariety;300;aborted_300_rounds;0;10;1;1
182;61;1;1;1;0;0;0;0;1;0;0;0;1;1;0;1;0;1;0;0;0;0;0;0;7;2;0;2;1;3;1;1;0;1;0;0;0;shipBuilding;300;aborted_300_rounds;0;10;1;1
183;61;2;2;0;0;0;0;0;1;0;0;0;1;1;0;1;0;1;0;0;0;0;0;0;7;2;0;3;3;2;0;0;1;0;0;0;0;explorationFocus;300;aborted_300_rounds;0;10;1;1
184;62;0;1;1;1;1;1;0;0;0;0;0;0;0;0;1;0;1;0;0;0;0;0;0;7;2;0;4;0;3;1;1;0;0;0;0;0;adaptiveResidentStrategy;300;aborted_300_rounds;0;16;1;1
185;62;1;2;0;1;1;1;0;0;0;0;0;0;0;0;1;0;1;0;0;0;0;0;0;7;2;0;5;0;1;1;2;0;0;0;0;0;balanced;300;aborted_300_rounds;0;16;1;1
186;62;2;3;0;1;1;1;0;0;0;0;0;0;0;0;1;0;1;0;0;0;0;0;0;7;2;0;3;2;1;2;1;0;0;0;0;0;eliteResidentProduction;300;aborted_300_rounds;0;16;1;1
187;63;0;1;1;0;0;1;0;0;0;0;0;0;1;0;1;0;0;0;0;0;1;0;1;7;2;0;3;2;2;0;0;0;1;0;1;0;adaptiveResidentStrategy;300;aborted_300_rounds;0;16;1;1
188;63;1;2;0;0;0;1;0;0;0;0;0;0;1;0;1;0;0;0;0;0;1;0;1;7;2;0;3;1;2;2;0;0;0;0;1;0;eliteResidentProduction;300;aborted_300_rounds;0;16;1;1
189;63;2;3;0;0;0;1;0;0;0;0;0;0;1;0;1;0;0;0;0;0;1;0;1;7;2;0;5;1;0;1;1;0;1;0;0;0;balanced;300;aborted_300_rounds;0;16;1;1
190;64;0;3;0;0;0;0;0;0;0;0;1;0;1;0;1;0;1;0;0;0;0;1;0;7;2;0;4;2;1;0;1;0;1;0;0;0;factoryVariety;300;aborted_300_rounds;0;10;1;1
191;64;1;1;1;0;0;0;0;0;0;0;1;0;1;0;1;0;1;0;0;0;0;1;0;7;2;0;2;3;0;2;0;0;2;0;0;0;shipBuilding;300;aborted_300_rounds;0;10;1;1
192;64;2;2;0;0;0;0;0;0;0;0;1;0;1;0;1;0;1;0;0;0;0;1;0;7;2;0;3;0;3;1;1;0;1;0;0;0;adaptiveResidentStrategy;300;aborted_300_rounds;0;10;1;1
193;65;0;3;0;1;1;1;0;0;0;1;0;0;0;0;0;0;0;0;0;0;0;0;1;7;2;0;5;1;2;0;0;0;0;1;0;0;balanced;300;aborted_300_rounds;0;28;2;0
194;65;1;1;1;1;1;1;0;0;0;1;0;0;0;0;0;0;0;0;0;0;0;0;1;7;2;0;3;2;2;1;1;0;0;0;0;0;adaptiveResidentStrategy;300;aborted_300_rounds;0;28;2;0
195;65;2;2;0;1;1;1;0;0;0;1;0;0;0;0;0;0;0;0;0;0;0;0;1;7;2;0;2;2;2;2;1;0;0;0;0;0;factoryVariety;300;aborted_300_rounds;0;34;1;1
196;66;0;1;1;1;0;1;0;0;0;0;1;0;1;0;0;0;0;0;0;0;0;0;1;7;2;0;3;2;1;1;1;0;0;1;0;0;balanced;300;aborted_300_rounds;0;16;1;1
197;66;1;2;0;1;0;1;0;0;0;0;1;0;1;0;0;0;0;0;0;0;0;0;1;7;2;0;4;2;1;0;1;0;1;0;0;0;adaptiveResidentStrategy;300;aborted_300_rounds;0;16;1;1
198;66;2;3;0;1;0;1;0;0;0;0;1;0;1;0;0;0;0;0;0;0;0;0;1;7;2;0;2;1;3;1;0;0;1;0;1;0;balanced;300;aborted_300_rounds;0;16;1;1
199;67;0;1;1;1;1;0;0;0;0;0;0;0;0;0;1;0;0;0;1;0;0;0;1;7;2;0;4;2;1;0;0;0;1;1;0;0;eliteResidentProduction;300;aborted_300_rounds;0;-14;1;1
200;67;1;2;0;1;1;0;0;0;0;0;0;0;0;0;1;0;0;0;1;0;0;0;1;7;2;0;3;1;2;1;1;0;0;0;1;0;explorationFocus;300;aborted_300_rounds;0;-22;3;0
201;67;2;3;0;1;1;0;0;0;0;0;0;0;0;0;1;0;0;0;1;0;0;0;1;7;2;0;3;2;1;1;0;0;1;1;0;0;shipBuilding;300;aborted_300_rounds;0;-20;2;0
202;68;0;1;1;1;1;0;0;0;0;0;0;0;1;0;0;0;0;0;1;0;0;1;0;7;2;0;5;1;2;0;0;1;0;0;0;0;explorationFocus;300;aborted_300_rounds;0;-24;1;1
203;68;1;2;0;1;1;0;0;0;0;0;0;0;1;0;0;0;0;0;1;0;0;1;0;7;2;0;2;3;1;1;1;0;1;0;0;0;explorationFocus;300;aborted_300_rounds;0;-24;1;1
204;68;2;3;0;1;1;0;0;0;0;0;0;0;1;0;0;0;0;0;1;0;0;1;0;7;2;0;2;3;0;2;1;0;1;0;0;0;explorationFocus;300;aborted_300_rounds;0;-32;2;0
205;69;0;2;0;0;0;1;0;1;0;1;0;0;0;0;0;0;1;0;0;0;0;1;0;7;2;0;3;2;1;1;1;0;0;1;0;0;eliteResidentProduction;300;aborted_300_rounds;0;34;1;1
206;69;1;3;0;0;0;1;0;1;0;1;0;0;0;0;0;0;1;0;0;0;0;1;0;7;2;0;3;1;0;3;0;0;2;0;0;0;balanced;300;aborted_300_rounds;0;34;1;1
207;69;2;1;1;0;0;1;0;1;0;1;0;0;0;0;0;0;1;0;0;0;0;1;0;7;2;0;4;1;2;0;1;0;0;1;0;0;eliteResidentProduction;300;aborted_300_rounds;0;34;1;1
208;70;0;3;0;0;0;0;0;0;0;0;1;0;1;0;1;0;0;0;0;0;0;1;1;7;2;0;5;0;3;0;0;0;1;0;0;0;factoryVariety;300;aborted_300_rounds;0;20;1;1
209;70;1;1;1;0;0;0;0;0;0;0;1;0;1;0;1;0;0;0;0;0;0;1;1;7;2;0;2;1;3;1;1;0;0;1;0;0;adaptiveResidentStrategy;300;aborted_300_rounds;0;4;2;0
210;70;2;2;0;0;0;0;0;0;0;0;1;0;1;0;1;0;0;0;0;0;0;1;1;7;2;0;4;2;1;0;0;1;0;1;0;0;balanced;300;aborted_300_rounds;0;4;2;0
211;71;0;2;0;1;0;0;0;0;0;1;1;0;0;0;1;0;0;0;0;0;1;0;0;7;2;0;3;2;1;1;0;1;0;0;1;0;factoryVariety;300;aborted_300_rounds;0;28;1;1
212;71;1;3;0;1;0;0;0;0;0;1;1;0;0;0;1;0;0;0;0;0;1;0;0;7;2;0;5;1;0;1;0;0;2;0;0;0;balanced;300;aborted_300_rounds;0;18;2;0
213;71;2;1;1;1;0;0;0;0;0;1;1;0;0;0;1;0;0;0;0;0;1;0;0;7;2;0;2;2;2;2;1;0;0;0;0;0;balanced;300;aborted_300_rounds;0;18;2;0
214;72;0;1;1;0;0;1;0;0;0;0;1;0;0;0;1;0;0;0;0;0;1;0;1;7;2;0;5;1;1;0;1;1;0;0;0;0;factoryVariety;300;aborted_300_rounds;0;16;1;1
215;72;1;2;0;0;0;1;0;0;0;0;1;0;0;0;1;0;0;0;0;0;1;0;1;7;2;0;2;2;2;1;1;0;0;1;0;0;eliteResidentProduction;300;aborted_300_rounds;0;16;1;1
216;72;2;3;0;0;0;1;0;0;0;0;1;0;0;0;1;0;0;0;0;0;1;0;1;7;2;0;4;2;1;1;0;0;0;1;0;0;balanced;300;aborted_300_rounds;0;16;1;1
217;73;0;1;1;0;1;0;0;1;0;0;0;0;1;0;0;0;0;0;1;0;0;0;1;7;2;0;4;1;1;2;0;1;0;0;0;0;factoryVariety;300;aborted_300_rounds;0;-18;2;0
218;73;1;2;0;0;1;0;0;1;0;0;0;0;1;0;0;0;0;0;1;0;0;0;1;7;2;0;3;4;0;0;1;0;1;0;0;0;factoryVariety;300;aborted_300_rounds;0;-18;2;0
219;73;2;3;0;0;1;0;0;1;0;0;0;0;1;0;0;0;0;0;1;0;0;0;1;7;2;0;3;1;3;0;1;0;0;0;1;0;eliteResidentProduction;300;aborted_300_rounds;0;-14;1;1
220;74;0;3;0;0;0;0;0;1;0;0;0;1;1;0;0;0;1;0;1;0;0;0;0;7;2;0;4;1;1;1;2;0;0;0;0;0;balanced;300;aborted_300_rounds;0;-14;2;0
221;74;1;1;1;0;0;0;0;1;0;0;0;1;1;0;0;0;1;0;1;0;0;0;0;7;2;0;5;1;1;1;0;0;0;1;0;0;eliteResidentProduction;300;aborted_300_rounds;0;-10;1;1
222;74;2;2;0;0;0;0;0;1;0;0;0;1;1;0;0;0;1;0;1;0;0;0;0;7;2;0;2;3;2;0;1;1;0;0;0;0;eliteResidentProduction;300;aborted_300_rounds;0;-10;1;1
223;75;0;2;0;0;1;1;0;1;0;1;0;1;0;0;0;0;0;0;0;0;0;0;0;7;2;0;4;1;1;1;1;0;1;0;0;0;adaptiveResidentStrategy;300;aborted_300_rounds;0;24;1;1
224;75;1;3;0;0;1;1;0;1;0;1;0;1;0;0;0;0;0;0;0;0;0;0;0;7;2;0;3;1;2;1;1;0;1;0;0;0;explorationFocus;300;aborted_300_rounds;0;24;1;1
225;75;2;1;1;0;1;1;0;1;0;1;0;1;0;0;0;0;0;0;0;0;0;0;0;7;2;0;4;0;2;1;1;0;1;0;0;0;explorationFocus;300;aborted_300_rounds;0;24;1;1
226;76;0;1;1;1;0;1;0;0;0;0;0;0;0;0;1;0;1;0;0;0;0;0;1;7;2;0;2;2;2;2;0;0;1;0;0;0;eliteResidentProduction;300;aborted_300_rounds;0;20;2;0
227;76;1;2;0;1;0;1;0;0;0;0;0;0;0;0;1;0;1;0;0;0;0;0;1;7;2;0;1;2;4;1;0;0;0;1;0;0;factoryVariety;300;aborted_300_rounds;0;26;1;1
228;76;2;3;0;1;0;1;0;0;0;0;0;0;0;0;1;0;1;0;0;0;0;0;1;7;2;0;4;2;1;0;1;1;0;0;0;0;balanced;300;aborted_300_rounds;0;20;2;0
229;77;0;2;0;1;0;0;0;0;0;0;1;1;1;0;0;0;0;0;0;0;1;0;0;7;2;0;2;2;3;2;0;0;0;0;0;0;explorationFocus;300;aborted_300_rounds;0;0;1;1
230;77;1;3;0;1;0;0;0;0;0;0;1;1;1;0;0;0;0;0;0;0;1;0;0;7;2;0;4;1;2;1;1;0;0;0;0;0;adaptiveResidentStrategy;300;aborted_300_rounds;0;0;1;1
231;77;2;1;1;1;0;0;0;0;0;0;1;1;1;0;0;0;0;0;0;0;1;0;0;7;2;0;4;2;2;0;0;0;1;0;0;0;explorationFocus;300;aborted_300_rounds;0;0;1;1
232;78;0;2;0;0;1;0;0;0;0;1;0;0;1;0;0;0;0;0;0;0;1;0;1;7;2;0;3;1;3;1;1;0;0;0;0;0;eliteResidentProduction;300;aborted_300_rounds;0;22;2;0
233;78;1;3;0;0;1;0;0;0;0;1;0;0;1;0;0;0;0;0;0;0;1;0;1;7;2;0;2;1;2;2;2;0;0;0;0;0;balanced;300;aborted_300_rounds;0;22;2;0
234;78;2;1;1;0;1;0;0;0;0;1;0;0;1;0;0;0;0;0;0;0;1;0;1;7;2;0;6;1;1;0;0;1;0;0;0;0;factoryVariety;300;aborted_300_rounds;0;28;1;1
235;79;0;3;0;1;0;0;0;0;0;1;0;0;0;0;0;0;1;0;0;0;1;0;1;7;2;0;6;0;0;1;1;1;0;0;0;0;balanced;300;aborted_300_rounds;0;38;1;1
236;79;1;1;1;1;0;0;0;0;0;1;0;0;0;0;0;0;1;0;0;0;1;0;1;7;2;0;5;1;2;0;0;0;0;1;0;0;balanced;300;aborted_300_rounds;0;38;1;1
237;79;2;2;0;1;0;0;0;0;0;1;0;0;0;0;0;0;1;0;0;0;1;0;1;7;2;0;2;1;1;4;1;0;0;0;0;0;eliteResidentProduction;300;aborted_300_rounds;0;38;1;1
238;80;0;1;1;0;0;0;0;0;0;0;1;0;0;0;1;0;1;0;0;0;1;1;0;7;2;0;4;1;1;1;0;0;0;2;0;0;factoryVariety;300;aborted_300_rounds;0;10;1;1
239;80;1;2;0;0;0;0;0;0;0;0;1;0;0;0;1;0;1;0;0;0;1;1;0;7;2;0;4;2;1;1;0;0;1;0;0;0;balanced;300;aborted_300_rounds;0;10;1;1
240;80;2;3;0;0;0;0;0;0;0;0;1;0;0;0;1;0;1;0;0;0;1;1;0;7;2;0;5;0;1;1;1;1;0;0;0;0;explorationFocus;300;aborted_300_rounds;0;10;1;1
241;81;0;2;0;0;1;0;0;1;0;0;0;0;1;0;1;0;0;0;0;0;1;0;0;7;2;0;3;0;3;1;1;0;1;0;0;0;eliteResidentProduction;300;aborted_300_rounds;0;0;1;1
242;81;1;3;0;0;1;0;0;1;0;0;0;0;1;0;1;0;0;0;0;0;1;0;0;7;2;0;3;1;1;2;1;0;1;0;0;0;adaptiveResidentStrategy;300;aborted_300_rounds;0;0;1;1
243;81;2;1;1;0;1;0;0;1;0;0;0;0;1;0;1;0;0;0;0;0;1;0;0;7;2;0;5;1;0;1;2;0;0;0;0;0;shipBuilding;300;aborted_300_rounds;0;0;1;1
244;82;0;2;0;1;0;0;0;0;0;1;0;0;0;0;1;0;0;0;1;0;1;0;0;7;2;0;3;1;3;1;0;0;1;0;0;0;shipBuilding;300;aborted_300_rounds;0;-6;2;0
245;82;1;3;0;1;0;0;0;0;0;1;0;0;0;0;1;0;0;0;1;0;1;0;0;7;2;0;4;4;0;0;1;0;0;0;0;0;shipBuilding;300;aborted_300_rounds;0;-6;2;0
246;82;2;1;1;1;0;0;0;0;0;1;0;0;0;0;1;0;0;0;1;0;1;0;0;7;2;0;4;1;1;1;0;0;1;0;1;0;adaptiveResidentStrategy;300;aborted_300_rounds;0;0;1;1
247;83;0;2;0;0;1;0;0;0;0;0;0;1;1;0;0;0;0;0;0;0;1;0;1;7;2;0;0;3;4;0;1;0;1;0;0;0;explorationFocus;300;aborted_300_rounds;0;10;1;1
248;83;1;3;0;0;1;0;0;0;0;0;0;1;1;0;0;0;0;0;0;0;1;0;1;7;2;0;4;1;2;1;1;0;0;0;0;0;explorationFocus;300;aborted_300_rounds;0;10;1;1
249;83;2;1;1;0;1;0;0;0;0;0;0;1;1;0;0;0;0;0;0;0;1;0;1;7;2;0;4;1;0;2;1;1;0;0;0;0;explorationFocus;300;aborted_300_rounds;0;10;1;1
250;84;0;2;0;0;0;1;0;1;0;0;0;0;1;0;0;0;1;0;0;0;1;0;0;7;2;0;5;0;1;1;1;0;1;0;0;0;shipBuilding;300;aborted_300_rounds;0;16;1;1
251;84;1;3;0;0;0;1;0;1;0;0;0;0;1;0;0;0;1;0;0;0;1;0;0;7;2;0;3;5;0;1;0;0;0;0;0;0;factoryVariety;300;aborted_300_rounds;0;16;1;1
252;84;2;1;1;0;0;1;0;1;0;0;0;0;1;0;0;0;1;0;0;0;1;0;0;7;2;0;1;3;1;3;0;0;0;1;0;0;shipBuilding;300;aborted_300_rounds;0;16;1;1
253;85;0;1;1;1;1;0;0;0;0;0;0;1;0;0;0;0;0;0;1;0;0;0;1;7;2;0;4;2;2;0;0;0;0;1;0;0;explorationFocus;300;aborted_300_rounds;0;-14;2;0
254;85;1;2;0;1;1;0;0;0;0;0;0;1;0;0;0;0;0;0;1;0;0;0;1;7;2;0;5;1;1;1;0;0;1;0;0;0;eliteResidentProduction;300;aborted_300_rounds;0;-8;1;1
255;85;2;3;0;1;1;0;0;0;0;0;0;1;0;0;0;0;0;0;1;0;0;0;1;7;2;0;2;2;3;1;1;0;0;0;0;0;explorationFocus;300;aborted_300_rounds;0;-14;2;0
256;86;0;2;0;0;0;0;0;1;0;0;1;1;0;0;0;0;1;0;0;0;0;0;1;7;2;0;3;1;2;1;1;0;0;1;0;0;eliteResidentProduction;300;aborted_300_rounds;0;20;1;1
257;86;1;3;0;0;0;0;0;1;0;0;1;1;0;0;0;0;1;0;0;0;0;0;1;7;2;0;3;2;1;1;1;0;0;1;0;0;adaptiveResidentStrategy;300;aborted_300_rounds;0;20;1;1
258;86;2;1;1;0;0;0;0;1;0;0;1;1;0;0;0;0;1;0;0;0;0;0;1;7;2;0;4;1;1;2;0;0;1;0;0;0;balanced;300;aborted_300_rounds;0;20;1;1
259;87;0;2;0;0;1;0;0;0;0;1;0;1;1;0;0;0;0;0;0;0;1;0;0;7;2;0;5;1;1;1;1;0;0;0;0;0;explorationFocus;300;aborted_300_rounds;0;18;1;1
260;87;1;3;0;0;1;0;0;0;0;1;0;1;1;0;0;0;0;0;0;0;1;0;0;7;2;0;2;3;3;1;0;0;0;0;0;0;eliteResidentProduction;300;aborted_300_rounds;0;18;1;1
261;87;2;1;1;0;1;0;0;0;0;1;0;1;1;0;0;0;0;0;0;0;1;0;0;7;2;0;1;3;2;1;0;1;1;0;0;0;eliteResidentProduction;300;aborted_300_rounds;0;18;1;1
262;88;0;2;0;1;0;0;0;1;0;0;0;0;0;0;1;0;1;0;1;0;0;0;0;7;2;0;3;1;2;1;0;1;0;0;1;0;explorationFocus;300;aborted_300_rounds;0;-14;2;0
263;88;1;3;0;1;0;0;0;1;0;0;0;0;0;0;1;0;1;0;1;0;0;0;0;7;2;0;4;1;3;0;1;0;0;0;0;0;eliteResidentProduction;300;aborted_300_rounds;0;-8;1;1
264;88;2;1;1;1;0;0;0;1;0;0;0;0;0;0;1;0;1;0;1;0;0;0;0;7;2;0;5;1;1;0;0;0;0;2;0;0;factoryVariety;300;aborted_300_rounds;0;-28;3;0
265;89;0;3;0;0;1;1;0;1;0;1;0;1;0;0;0;0;0;0;0;0;0;0;0;7;2;0;4;1;1;1;0;0;0;2;0;0;explorationFocus;300;aborted_300_rounds;0;24;1;1
266;89;1;1;1;0;1;1;0;1;0;1;0;1;0;0;0;0;0;0;0;0;0;0;0;7;2;0;4;1;2;1;1;0;0;0;0;0;explorationFocus;300;aborted_300_rounds;0;24;1;1
267;89;2;2;0;0;1;1;0;1;0;1;0;1;0;0;0;0;0;0;0;0;0;0;0;7;2;0;3;2;2;1;0;0;1;0;0;0;explorationFocus;300;aborted_300_rounds;0;24;1;1
268;90;0;3;0;1;0;0;0;1;0;0;0;0;0;0;0;0;1;0;0;0;1;1;0;7;2;0;4;1;3;1;0;0;0;0;0;0;balanced;300;aborted_300_rounds;0;10;1;1
269;90;1;1;1;1;0;0;0;1;0;0;0;0;0;0;0;0;1;0;0;0;1;1;0;7;2;0;4;2;1;0;0;1;1;0;0;0;explorationFocus;300;aborted_300_rounds;0;10;1;1
270;90;2;2;0;1;0;0;0;1;0;0;0;0;0;0;0;0;1;0;0;0;1;1;0;7;2;0;3;0;2;3;0;0;1;0;0;0;shipBuilding;300;aborted_300_rounds;0;10;1;1
271;91;0;2;0;1;0;0;0;0;0;1;0;1;1;0;0;0;0;0;0;0;0;1;0;7;2;0;5;0;1;1;1;0;1;0;0;0;factoryVariety;300;aborted_300_rounds;0;18;1;1
272;91;1;3;0;1;0;0;0;0;0;1;0;1;1;0;0;0;0;0;0;0;0;1;0;7;2;0;4;3;0;1;1;0;0;0;0;0;eliteResidentProduction;300;aborted_300_rounds;0;18;1;1
273;91;2;1;1;1;0;0;0;0;0;1;0;1;1;0;0;0;0;0;0;0;0;1;0;7;2;0;3;3;2;0;0;1;0;0;0;0;balanced;300;aborted_300_rounds;0;18;1;1
274;92;0;1;1;0;0;1;0;0;0;0;1;0;1;0;1;0;0;0;0;0;0;1;0;7;2;0;5;1;1;1;1;0;0;0;0;0;eliteResidentProduction;300;aborted_300_rounds;0;6;1;1
275;92;1;2;0;0;0;1;0;0;0;0;1;0;1;0;1;0;0;0;0;0;0;1;0;7;2;0;4;2;1;0;1;0;0;0;1;0;adaptiveResidentStrategy;300;aborted_300_rounds;0;6;1;1
276;92;2;3;0;0;0;1;0;0;0;0;1;0;1;0;1;0;0;0;0;0;0;1;0;7;2;0;5;1;1;0;0;0;2;0;0;0;explorationFocus;300;aborted_300_rounds;0;6;1;1
277;93;0;1;1;1;0;0;0;0;0;0;0;0;0;0;0;0;0;0;1;0;1;1;1;7;2;0;4;2;1;0;1;0;0;1;0;0;factoryVariety;300;aborted_300_rounds;0;-18;2;0
278;93;1;2;0;1;0;0;0;0;0;0;0;0;0;0;0;0;0;0;1;0;1;1;1;7;2;0;5;3;0;1;0;0;0;0;0;0;factoryVariety;300;aborted_300_rounds;0;-18;2;0
279;93;2;3;0;1;0;0;0;0;0;0;0;0;0;0;0;0;0;0;1;0;1;1;1;7;2;0;3;0;2;2;1;0;0;0;1;0;adaptiveResidentStrategy;300;aborted_300_rounds;0;-14;1;1
280;94;0;3;0;0;0;1;0;0;0;0;0;1;0;0;1;0;0;0;0;0;1;1;0;7;2;0;3;2;2;1;0;0;1;0;0;0;adaptiveResidentStrategy;300;aborted_300_rounds;0;6;1;1
281;94;1;1;1;0;0;1;0;0;0;0;0;1;0;0;1;0;0;0;0;0;1;1;0;7;2;0;4;1;2;1;0;0;1;0;0;0;factoryVariety;300;aborted_300_rounds;0;6;1;1
282;94;2;2;0;0;0;1;0;0;0;0;0;1;0;0;1;0;0;0;0;0;1;1;0;7;2;0;1;2;3;2;0;1;0;0;0;0;adaptiveResidentStrategy;300;aborted_300_rounds;0;6;1;1
283;95;0;3;0;0;1;1;0;0;0;0;0;0;0;0;1;0;1;0;0;0;1;0;0;7;2;0;7;0;0;0;0;1;0;1;0;0;shipBuilding;300;aborted_300_rounds;0;16;1;1
284;95;1;1;1;0;1;1;0;0;0;0;0;0;0;0;1;0;1;0;0;0;1;0;0;7;2;0;2;1;5;0;1;0;0;0;0;0;factoryVariety;300;aborted_300_rounds;0;16;1;1
285;95;2;2;0;0;1;1;0;0;0;0;0;0;0;0;1;0;1;0;0;0;1;0;0;7;2;0;6;0;2;0;1;0;0;0;0;0;eliteResidentProduction;300;aborted_300_rounds;0;16;1;1
286;96;0;3;0;1;0;0;0;0;0;0;0;1;0;0;0;0;0;0;1;0;0;1;1;7;2;0;5;1;1;0;1;0;0;0;1;0;factoryVariety;300;aborted_300_rounds;0;-20;2;0
287;96;1;1;1;1;0;0;0;0;0;0;0;1;0;0;0;0;0;0;1;0;0;1;1;7;2;0;2;2;2;1;1;0;1;0;0;0;adaptiveResidentStrategy;300;aborted_300_rounds;0;-18;1;1
288;96;2;2;0;1;0;0;0;0;0;0;0;1;0;0;0;0;0;0;1;0;0;1;1;7;2;0;4;2;3;0;0;0;0;0;0;0;factoryVariety;300;aborted_300_rounds;0;-24;3;0
289;97;0;3;0;1;0;1;0;0;0;0;1;0;0;0;0;0;1;0;0;0;0;1;0;7;2;0;3;3;0;1;1;0;1;0;0;0;balanced;300;aborted_300_rounds;0;16;1;1
290;97;1;1;1;1;0;1;0;0;0;0;1;0;0;0;0;0;1;0;0;0;0;1;0;7;2;0;2;4;1;1;1;0;0;0;0;0;eliteResidentProduction;300;aborted_300_rounds;0;16;1;1
291;97;2;2;0;1;0;1;0;0;0;0;1;0;0;0;0;0;1;0;0;0;0;1;0;7;2;0;5;0;2;1;0;0;1;0;0;0;factoryVariety;300;aborted_300_rounds;0;16;1;1
292;98;0;2;0;0;0;0;0;0;0;0;1;0;1;0;1;0;1;0;1;0;0;0;0;7;2;0;3;2;2;2;0;0;0;0;0;0;eliteResidentProduction;300;aborted_300_rounds;0;-8;1;1
293;98;1;3;0;0;0;0;0;0;0;0;1;0;1;0;1;0;1;0;1;0;0;0;0;7;2;0;1;2;4;1;0;0;0;1;0;0;adaptiveResidentStrategy;300;aborted_300_rounds;0;-8;1;1
294;98;2;1;1;0;0;0;0;0;0;0;1;0;1;0;1;0;1;0;1;0;0;0;0;7;2;0;4;3;1;0;0;0;0;0;1;0;factoryVariety;300;aborted_300_rounds;0;-36;2;0
295;99;0;2;0;0;1;0;0;1;0;0;0;0;0;0;0;0;0;0;0;0;1;1;1;7;2;0;3;1;1;2;1;0;0;1;0;0;explorationFocus;300;aborted_300_rounds;0;10;1;1
296;99;1;3;0;0;1;0;0;1;0;0;0;0;0;0;0;0;0;0;0;0;1;1;1;7;2;0;5;1;0;1;1;0;1;0;0;0;adaptiveResidentStrategy;300;aborted_300_rounds;0;10;1;1
297;99;2;1;1;0;1;0;0;1;0;0;0;0;0;0;0;0;0;0;0;0;1;1;1;7;2;0;4;3;0;0;1;0;0;1;0;0;adaptiveResidentStrategy;300;aborted_300_rounds;0;10;1;1
298;100;0;3;0;1;0;0;0;0;0;1;1;0;0;0;0;0;0;0;0;0;1;1;0;7;2;0;2;2;2;2;0;0;0;1;0;0;explorationFocus;300;aborted_300_rounds;0;18;1;1
299;100;1;1;1;1;0;0;0;0;0;1;1;0;0;0;0;0;0;0;0;0;1;1;0;7;2;0;4;1;1;1;1;0;0;0;1;0;eliteResidentProduction;300;aborted_300_rounds;0;18;1;1
300;100;2;2;0;1;0;0;0;0;0;1;1;0;0;0;0;0;0;0;0;0;1;1;0;7;2;0;2;3;2;1;0;0;1;0;0;0;shipBuilding;300;aborted_300_rounds;0;18;1;1
301;101;0;3;0;0;0;1;0;0;0;1;0;0;1;0;0;0;1;0;0;0;0;1;0;7;2;0;1;3;2;1;0;1;1;0;0;0;eliteResidentProduction;300;aborted_300_rounds;0;34;1;1
302;101;1;1;1;0;0;1;0;0;0;1;0;0;1;0;0;0;1;0;0;0;0;1;0;7;2;0;6;2;0;0;0;0;0;1;0;0;adaptiveResidentStrategy;300;aborted_300_rounds;0;34;1;1
303;101;2;2;0;0;0;1;0;0;0;1;0;0;1;0;0;0;1;0;0;0;0;1;0;7;2;0;4;0;3;1;0;0;0;0;1;0;eliteResidentProduction;300;aborted_300_rounds;0;34;1;1
304;102;0;3;0;1;0;1;0;1;0;0;0;0;0;0;0;0;0;0;0;0;1;1;0;7;2;0;4;1;2;0;1;0;1;0;0;0;factoryVariety;300;aborted_300_rounds;0;6;1;1
305;102;1;1;1;1;0;1;0;1;0;0;0;0;0;0;0;0;0;0;0;0;1;1;0;7;2;0;6;0;0;1;2;0;0;0;0;0;eliteResidentProduction;300;aborted_300_rounds;0;6;1;1
306;102;2;2;0;1;0;1;0;1;0;0;0;0;0;0;0;0;0;0;0;0;1;1;0;7;2;0;3;1;2;1;0;0;2;0;0;0;shipBuilding;300;aborted_300_rounds;0;6;1;1
307;103;0;2;0;1;0;0;0;1;0;0;0;1;0;0;0;0;0;0;1;0;1;0;0;7;2;0;4;1;1;1;0;0;2;0;0;0;balanced;300;aborted_300_rounds;0;-24;2;0
308;103;1;3;0;1;0;0;0;1;0;0;0;1;0;0;0;0;0;0;1;0;1;0;0;7;2;0;5;1;1;0;0;0;1;1;0;0;adaptiveResidentStrategy;300;aborted_300_rounds;0;-18;1;1
309;103;2;1;1;1;0;0;0;1;0;0;0;1;0;0;0;0;0;0;1;0;1;0;0;7;2;0;4;1;1;1;2;0;0;0;0;0;shipBuilding;300;aborted_300_rounds;0;-40;3;0
310;104;0;1;1;1;0;0;0;1;0;0;0;0;1;0;0;0;0;0;0;0;1;1;0;7;2;0;3;1;3;0;1;0;1;0;0;0;factoryVariety;300;aborted_300_rounds;0;0;1;1
311;104;1;2;0;1;0;0;0;1;0;0;0;0;1;0;0;0;0;0;0;0;1;1;0;7;2;0;3;2;1;1;0;1;1;0;0;0;shipBuilding;300;aborted_300_rounds;0;0;1;1
312;104;2;3;0;1;0;0;0;1;0;0;0;0;1;0;0;0;0;0;0;0;1;1;0;7;2;0;6;1;2;0;0;0;0;0;0;0;eliteResidentProduction;300;aborted_300_rounds;0;0;1;1
313;105;0;3;0;0;0;1;0;0;0;0;0;1;0;0;1;0;0;0;1;0;0;1;0;7;2;0;1;2;1;3;0;1;1;0;0;0;balanced;300;aborted_300_rounds;0;-18;1;1
314;105;1;1;1;0;0;1;0;0;0;0;0;1;0;0;1;0;0;0;1;0;0;1;0;7;2;0;3;2;3;0;1;0;0;0;0;0;factoryVariety;300;aborted_300_rounds;0;-24;3;0
315;105;2;2;0;0;0;1;0;0;0;0;0;1;0;0;1;0;0;0;1;0;0;1;0;7;2;0;5;1;0;1;1;0;1;0;0;0;factoryVariety;300;aborted_300_rounds;0;-22;2;0
316;106;0;2;0;0;1;1;0;0;0;1;1;0;1;0;0;0;0;0;0;0;0;0;0;7;2;0;6;0;1;1;1;0;0;0;0;0;explorationFocus;300;aborted_300_rounds;0;24;1;1
317;106;1;3;0;0;1;1;0;0;0;1;1;0;1;0;0;0;0;0;0;0;0;0;0;7;2;0;1;2;3;1;0;0;1;1;0;0;eliteResidentProduction;300;aborted_300_rounds;0;24;1;1
318;106;2;1;1;0;1;1;0;0;0;1;1;0;1;0;0;0;0;0;0;0;0;0;0;7;2;0;5;2;1;0;0;1;0;0;0;0;eliteResidentProduction;300;aborted_300_rounds;0;24;1;1
319;107;0;3;0;0;0;1;0;0;0;0;1;1;0;0;1;0;0;0;0;0;0;1;0;7;2;0;5;1;0;1;1;1;0;0;0;0;adaptiveResidentStrategy;300;aborted_300_rounds;0;6;1;1
320;107;1;1;1;0;0;1;0;0;0;0;1;1;0;0;1;0;0;0;0;0;0;1;0;7;2;0;2;3;0;2;0;0;1;1;0;0;explorationFocus;300;aborted_300_rounds;0;6;1;1
321;107;2;2;0;0;0;1;0;0;0;0;1;1;0;0;1;0;0;0;0;0;0;1;0;7;2;0;3;0;3;1;1;0;0;1;0;0;adaptiveResidentStrategy;300;aborted_300_rounds;0;6;1;1
322;108;0;2;0;1;1;0;0;0;0;0;0;0;0;0;0;0;0;0;1;0;0;1;1;7;2;0;1;2;3;1;0;0;1;1;0;0;explorationFocus;300;aborted_300_rounds;0;-22;2;0
323;108;1;3;0;1;1;0;0;0;0;0;0;0;0;0;0;0;0;0;1;0;0;1;1;7;2;0;3;2;2;0;2;0;0;0;0;0;balanced;300;aborted_300_rounds;0;-20;1;1
324;108;2;1;1;1;1;0;0;0;0;0;0;0;0;0;0;0;0;0;1;0;0;1;1;7;2;0;6;0;0;1;1;0;1;0;0;0;balanced;300;aborted_300_rounds;0;-20;1;1
325;109;0;3;0;0;1;0;0;0;0;1;1;0;0;0;0;0;0;0;1;0;0;1;0;7;2;0;2;1;2;2;0;2;0;0;0;0;balanced;300;aborted_300_rounds;0;-6;1;1
326;109;1;1;1;0;1;0;0;0;0;1;1;0;0;0;0;0;0;0;1;0;0;1;0;7;2;0;4;2;3;0;0;0;0;0;0;0;balanced;300;aborted_300_rounds;0;-6;1;1
327;109;2;2;0;0;1;0;0;0;0;1;1;0;0;0;0;0;0;0;1;0;0;1;0;7;2;0;3;2;1;1;1;0;1;0;0;0;factoryVariety;300;aborted_300_rounds;0;-20;2;0
328;110;0;1;1;1;1;0;0;0;0;0;1;0;0;0;0;0;1;0;0;0;1;0;0;7;2;0;5;1;2;1;0;0;0;0;0;0;balanced;300;aborted_300_rounds;0;10;1;1
329;110;1;2;0;1;1;0;0;0;0;0;1;0;0;0;0;0;1;0;0;0;1;0;0;7;2;0;3;0;2;2;2;0;0;0;0;0;eliteResidentProduction;300;aborted_300_rounds;0;10;1;1
330;110;2;3;0;1;1;0;0;0;0;0;1;0;0;0;0;0;1;0;0;0;1;0;0;7;2;0;4;0;3;1;1;0;0;0;0;0;explorationFocus;300;aborted_300_rounds;0;10;1;1
331;111;0;1;1;0;0;1;0;1;0;0;1;0;0;0;0;0;0;0;1;0;1;0;0;7;2;0;4;0;3;1;1;0;0;0;0;0;adaptiveResidentStrategy;300;aborted_300_rounds;0;-18;1;1
332;111;1;2;0;0;0;1;0;1;0;0;1;0;0;0;0;0;0;0;1;0;1;0;0;7;2;0;7;0;0;0;1;0;1;0;0;0;eliteResidentProduction;300;aborted_300_rounds;0;-18;1;1
333;111;2;3;0;0;0;1;0;1;0;0;1;0;0;0;0;0;0;0;1;0;1;0;0;7;2;0;3;2;1;1;1;0;1;0;0;0;explorationFocus;300;aborted_300_rounds;0;-26;2;0
334;112;0;1;1;1;0;0;0;0;0;0;0;1;1;0;0;0;1;0;0;0;0;1;0;7;2;0;5;1;2;0;0;0;0;0;1;0;adaptiveResidentStrategy;300;aborted_300_rounds;0;10;1;1
335;112;1;2;0;1;0;0;0;0;0;0;0;1;1;0;0;0;1;0;0;0;0;1;0;7;2;0;4;2;2;0;1;0;0;0;0;0;explorationFocus;300;aborted_300_rounds;0;10;1;1
336;112;2;3;0;1;0;0;0;0;0;0;0;1;1;0;0;0;1;0;0;0;0;1;0;7;2;0;3;2;1;1;0;1;0;0;1;0;adaptiveResidentStrategy;300;aborted_300_rounds;0;10;1;1
337;113;0;2;0;1;0;0;0;0;0;0;1;0;1;0;1;0;1;0;0;0;0;0;0;7;2;0;4;3;0;1;0;1;0;0;0;0;eliteResidentProduction;300;aborted_300_rounds;0;10;1;1
338;113;1;3;0;1;0;0;0;0;0;0;1;0;1;0;1;0;1;0;0;0;0;0;0;7;2;0;4;3;0;1;0;0;1;0;0;0;adaptiveResidentStrategy;300;aborted_300_rounds;0;10;1;1
339;113;2;1;1;1;0;0;0;0;0;0;1;0;1;0;1;0;1;0;0;0;0;0;0;7;2;0;5;0;3;0;1;0;0;0;0;0;adaptiveResidentStrategy;300;aborted_300_rounds;0;10;1;1
340;114;0;3;0;0;0;0;0;1;0;1;1;1;0;0;0;0;1;0;0;0;0;0;0;7;2;0;3;1;2;1;1;0;0;1;0;0;explorationFocus;300;aborted_300_rounds;0;28;1;1
341;114;1;1;1;0;0;0;0;1;0;1;1;1;0;0;0;0;1;0;0;0;0;0;0;7;2;0;3;0;3;1;0;1;0;1;0;0;explorationFocus;300;aborted_300_rounds;0;28;1;1
342;114;2;2;0;0;0;0;0;1;0;1;1;1;0;0;0;0;1;0;0;0;0;0;0;7;2;0;2;2;1;3;0;0;1;0;0;0;adaptiveResidentStrategy;300;aborted_300_rounds;0;28;1;1
343;115;0;2;0;0;0;1;0;0;0;1;0;0;0;0;0;0;1;0;0;0;1;0;1;7;2;0;4;1;2;0;1;0;0;0;1;0;adaptiveResidentStrategy;300;aborted_300_rounds;0;44;1;1
344;115;1;3;0;0;0;1;0;0;0;1;0;0;0;0;0;0;1;0;0;0;1;0;1;7;2;0;5;2;0;0;0;0;2;0;0;0;adaptiveResidentStrategy;300;aborted_300_rounds;0;44;1;1
345;115;2;1;1;0;0;1;0;0;0;1;0;0;0;0;0;0;1;0;0;0;1;0;1;7;2;0;4;2;1;1;0;0;0;1;0;0;eliteResidentProduction;300;aborted_300_rounds;0;44;1;1
346;116;0;2;0;1;0;1;0;0;0;1;0;0;0;0;0;0;1;0;0;0;1;0;0;7;2;0;5;0;1;1;0;0;2;0;0;0;balanced;300;aborted_300_rounds;0;34;1;1
347;116;1;3;0;1;0;1;0;0;0;1;0;0;0;0;0;0;1;0;0;0;1;0;0;7;2;0;4;2;1;1;1;0;0;0;0;0;eliteResidentProduction;300;aborted_300_rounds;0;34;1;1
348;116;2;1;1;1;0;1;0;0;0;1;0;0;0;0;0;0;1;0;0;0;1;0;0;7;2;0;3;2;2;0;1;0;0;0;1;0;explorationFocus;300;aborted_300_rounds;0;34;1;1
349;117;0;1;1;0;0;0;0;1;0;0;0;0;0;0;1;0;1;0;1;0;1;0;0;7;2;0;2;2;3;0;0;1;1;0;0;0;adaptiveResidentStrategy;300;aborted_300_rounds;0;-8;1;1
350;117;1;2;0;0;0;0;0;1;0;0;0;0;0;0;1;0;1;0;1;0;1;0;0;7;2;0;3;0;2;2;2;0;0;0;0;0;adaptiveResidentStrategy;300;aborted_300_rounds;0;-8;1;1
351;117;2;3;0;0;0;0;0;1;0;0;0;0;0;0;1;0;1;0;1;0;1;0;0;7;2;0;3;0;3;1;2;0;0;0;0;0;shipBuilding;300;aborted_300_rounds;0;-30;2;0
352;118;0;3;0;0;1;0;0;0;0;1;0;0;1;0;0;0;1;0;1;0;0;0;0;7;2;0;2;1;4;0;0;1;1;0;0;0;explorationFocus;300;aborted_300_rounds;0;4;2;0
353;118;1;1;1;0;1;0;0;0;0;1;0;0;1;0;0;0;1;0;1;0;0;0;0;7;2;0;3;3;2;1;0;0;0;0;0;0;adaptiveResidentStrategy;300;aborted_300_rounds;0;10;1;1
354;118;2;2;0;0;1;0;0;0;0;1;0;0;1;0;0;0;1;0;1;0;0;0;0;7;2;0;4;0;1;2;1;0;1;0;0;0;factoryVariety;300;aborted_300_rounds;0;-12;3;0
355;119;0;2;0;1;0;0;0;0;0;1;0;1;1;0;0;0;0;0;0;0;1;0;0;7;2;0;4;2;1;0;2;0;0;0;0;0;factoryVariety;300;aborted_300_rounds;0;18;1;1
356;119;1;3;0;1;0;0;0;0;0;1;0;1;1;0;0;0;0;0;0;0;1;0;0;7;2;0;3;1;2;1;1;0;1;0;0;0;eliteResidentProduction;300;aborted_300_rounds;0;18;1;1
357;119;2;1;1;1;0;0;0;0;0;1;0;1;1;0;0;0;0;0;0;0;1;0;0;7;2;0;5;1;0;1;0;1;0;1;0;0;factoryVariety;300;aborted_300_rounds;0;18;1;1
358;120;0;3;0;1;1;0;0;0;0;0;0;1;0;0;1;0;0;0;0;0;1;0;0;7;2;0;4;1;2;0;0;0;2;0;0;0;factoryVariety;300;aborted_300_rounds;0;0;1;1
359;120;1;1;1;1;1;0;0;0;0;0;0;1;0;0;1;0;0;0;0;0;1;0;0;7;2;0;2;2;3;1;0;0;1;0;0;0;adaptiveResidentStrategy;300;aborted_300_rounds;0;0;1;1
360;120;2;2;0;1;1;0;0;0;0;0;0;1;0;0;1;0;0;0;0;0;1;0;0;7;2;0;5;2;1;0;1;0;0;0;0;0;eliteResidentProduction;300;aborted_300_rounds;0;0;1;1
361;121;0;3;0;1;1;0;0;1;0;1;0;1;0;0;0;0;0;0;0;0;0;0;0;7;2;0;5;2;0;1;0;0;0;1;0;0;explorationFocus;300;aborted_300_rounds;0;18;1;1
362;121;1;1;1;1;1;0;0;1;0;1;0;1;0;0;0;0;0;0;0;0;0;0;0;7;2;0;2;1;3;1;0;0;2;0;0;0;balanced;300;aborted_300_rounds;0;18;1;1
363;121;2;2;0;1;1;0;0;1;0;1;0;1;0;0;0;0;0;0;0;0;0;0;0;7;2;0;4;0;3;1;0;0;1;0;0;0;factoryVariety;300;aborted_300_rounds;0;18;1;1
364;122;0;1;1;1;0;1;0;1;0;0;0;0;0;0;1;0;0;0;0;0;0;0;1;7;2;0;4;1;1;1;1;1;0;0;0;0;explorationFocus;300;aborted_300_rounds;0;10;2;0
365;122;1;2;0;1;0;1;0;1;0;0;0;0;0;0;1;0;0;0;0;0;0;0;1;7;2;0;3;1;3;0;0;1;1;0;0;0;eliteResidentProduction;300;aborted_300_rounds;0;10;2;0
366;122;2;3;0;1;0;1;0;1;0;0;0;0;0;0;1;0;0;0;0;0;0;0;1;7;2;0;2;1;3;1;0;0;1;1;0;0;factoryVariety;300;aborted_300_rounds;0;16;1;1
367;123;0;1;1;0;0;1;0;1;0;1;0;1;0;0;1;0;0;0;0;0;0;0;0;7;2;0;3;2;1;1;1;0;1;0;0;0;shipBuilding;300;aborted_300_rounds;0;24;1;1
368;123;1;2;0;0;0;1;0;1;0;1;0;1;0;0;1;0;0;0;0;0;0;0;0;7;2;0;5;1;0;1;1;0;0;0;1;0;shipBuilding;300;aborted_300_rounds;0;24;1;1
369;123;2;3;0;0;0;1;0;1;0;1;0;1;0;0;1;0;0;0;0;0;0;0;0;7;2;0;3;3;2;1;0;0;0;0;0;0;shipBuilding;300;aborted_300_rounds;0;24;1;1
370;124;0;3;0;1;0;0;0;1;0;0;0;1;0;0;1;0;0;0;0;0;1;0;0;7;2;0;1;2;3;2;0;0;1;0;0;0;explorationFocus;300;aborted_300_rounds;0;0;1;1
371;124;1;1;1;1;0;0;0;1;0;0;0;1;0;0;1;0;0;0;0;0;1;0;0;7;2;0;4;1;3;0;0;0;0;1;0;0;balanced;300;aborted_300_rounds;0;0;1;1
372;124;2;2;0;1;0;0;0;1;0;0;0;1;0;0;1;0;0;0;0;0;1;0;0;7;2;0;5;0;2;0;1;0;0;0;1;0;shipBuilding;300;aborted_300_rounds;0;0;1;1
373;125;0;1;1;0;0;0;0;1;0;1;0;0;0;0;0;0;1;0;0;0;1;1;0;7;2;0;1;3;2;1;1;0;1;0;0;0;balanced;300;aborted_300_rounds;0;28;1;1
374;125;1;2;0;0;0;0;0;1;0;1;0;0;0;0;0;0;1;0;0;0;1;1;0;7;2;0;3;1;3;1;1;0;0;0;0;0;balanced;300;aborted_300_rounds;0;28;1;1
375;125;2;3;0;0;0;0;0;1;0;1;0;0;0;0;0;0;1;0;0;0;1;1;0;7;2;0;5;2;0;0;1;1;0;0;0;0;adaptiveResidentStrategy;300;aborted_300_rounds;0;28;1;1
376;126;0;1;1;0;0;0;0;1;0;1;0;0;0;0;1;0;0;0;1;0;0;1;0;7;2;0;4;1;3;0;0;0;1;0;0;0;adaptiveResidentStrategy;300;aborted_300_rounds;0;0;1;1
377;126;1;2;0;0;0;0;0;1;0;1;0;0;0;0;1;0;0;0;1;0;0;1;0;7;2;0;4;1;1;1;1;0;1;0;0;0;eliteResidentProduction;300;aborted_300_rounds;0;0;1;1
378;126;2;3;0;0;0;0;0;1;0;1;0;0;0;0;1;0;0;0;1;0;0;1;0;7;2;0;2;3;0;2;1;0;0;0;1;0;eliteResidentProduction;300;aborted_300_rounds;0;0;1;1
379;127;0;1;1;1;1;0;0;0;0;0;0;0;0;0;1;0;0;0;0;0;1;1;0;7;2;0;3;1;1;2;1;0;1;0;0;0;shipBuilding;300;aborted_300_rounds;0;0;1;1
380;127;1;2;0;1;1;0;0;0;0;0;0;0;0;0;1;0;0;0;0;0;1;1;0;7;2;0;5;1;1;1;0;0;0;1;0;0;shipBuilding;300;aborted_300_rounds;0;0;1;1
381;127;2;3;0;1;1;0;0;0;0;0;0;0;0;0;1;0;0;0;0;0;1;1;0;7;2;0;2;1;3;1;1;1;0;0;0;0;explorationFocus;300;aborted_300_rounds;0;0;1;1
382;128;0;3;0;0;1;1;0;1;0;0;0;0;0;0;0;0;0;0;0;0;1;1;0;7;2;0;3;2;3;0;0;1;0;0;0;0;eliteResidentProduction;300;aborted_300_rounds;0;6;1;1
383;128;1;1;1;0;1;1;0;1;0;0;0;0;0;0;0;0;0;0;0;0;1;1;0;7;2;0;3;0;1;3;0;0;1;1;0;0;adaptiveResidentStrategy;300;aborted_300_rounds;0;6;1;1
384;128;2;2;0;0;1;1;0;1;0;0;0;0;0;0;0;0;0;0;0;0;1;1;0;7;2;0;2;2;2;1;1;0;1;0;0;0;factoryVariety;300;aborted_300_rounds;0;6;1;1
385;129;0;2;0;1;1;0;0;1;0;0;1;0;0;0;0;0;0;0;1;0;0;0;0;7;2;0;5;0;0;2;2;0;0;0;0;0;balanced;300;aborted_300_rounds;0;-24;1;1
386;129;1;3;0;1;1;0;0;1;0;0;1;0;0;0;0;0;0;0;1;0;0;0;0;7;2;0;4;1;1;1;1;0;1;0;0;0;explorationFocus;300;aborted_300_rounds;0;-32;2;0
387;129;2;1;1;1;1;0;0;1;0;0;1;0;0;0;0;0;0;0;1;0;0;0;0;7;2;0;2;2;2;2;0;0;1;0;0;0;balanced;300;aborted_300_rounds;0;-24;1;1
388;130;0;2;0;0;0;0;0;0;0;1;0;1;0;0;1;0;0;0;1;0;1;0;0;7;2;0;3;1;0;3;1;1;0;0;0;0;eliteResidentProduction;300;aborted_300_rounds;0;0;1;1
389;130;1;3;0;0;0;0;0;0;0;1;0;1;0;0;1;0;0;0;1;0;1;0;0;7;2;0;4;2;1;0;1;0;0;1;0;0;eliteResidentProduction;300;aborted_300_rounds;0;0;1;1
390;130;2;1;1;0;0;0;0;0;0;1;0;1;0;0;1;0;0;0;1;0;1;0;0;7;2;0;2;1;2;2;2;0;0;0;0;0;shipBuilding;300;aborted_300_rounds;0;-14;2;0
391;131;0;1;1;0;0;0;0;1;0;1;1;0;0;0;0;0;1;0;0;0;1;0;0;7;2;0;1;5;2;0;1;0;0;0;0;0;shipBuilding;300;aborted_300_rounds;0;28;1;1
392;131;1;2;0;0;0;0;0;1;0;1;1;0;0;0;0;0;1;0;0;0;1;0;0;7;2;0;4;1;1;1;1;0;0;1;0;0;explorationFocus;300;aborted_300_rounds;0;28;1;1
393;131;2;3;0;0;0;0;0;1;0;1;1;0;0;0;0;0;1;0;0;0;1;0;0;7;2;0;4;1;1;1;1;0;0;1;0;0;balanced;300;aborted_300_rounds;0;28;1;1
394;132;0;1;1;0;0;1;0;0;0;1;0;1;1;0;0;0;0;0;0;0;1;0;0;7;2;0;2;3;3;0;0;0;1;0;0;0;explorationFocus;300;aborted_300_rounds;0;24;1;1
395;132;1;2;0;0;0;1;0;0;0;1;0;1;1;0;0;0;0;0;0;0;1;0;0;7;2;0;3;1;0;3;2;0;0;0;0;0;shipBuilding;300;aborted_300_rounds;0;24;1;1
396;132;2;3;0;0;0;1;0;0;0;1;0;1;1;0;0;0;0;0;0;0;1;0;0;7;2;0;3;1;2;2;0;1;0;0;0;0;factoryVariety;300;aborted_300_rounds;0;24;1;1
397;133;0;3;0;1;0;0;0;1;0;0;0;1;0;0;1;0;0;0;1;0;0;0;0;7;2;0;5;2;0;0;1;0;0;1;0;0;eliteResidentProduction;300;aborted_300_rounds;0;-18;1;1
398;133;1;1;1;1;0;0;0;1;0;0;0;1;0;0;1;0;0;0;1;0;0;0;0;7;2;0;5;2;0;0;0;0;1;0;1;0;explorationFocus;300;aborted_300_rounds;0;-24;2;0
399;133;2;2;0;1;0;0;0;1;0;0;0;1;0;0;1;0;0;0;1;0;0;0;0;7;2;0;2;0;2;3;1;0;0;1;0;0;eliteResidentProduction;300;aborted_300_rounds;0;-26;3;0
400;134;0;2;0;0;0;0;0;0;0;0;1;1;0;0;1;0;1;0;0;0;1;0;0;7;2;0;1;1;4;2;0;0;1;0;0;0;explorationFocus;300;aborted_300_rounds;0;10;1;1
401;134;1;3;0;0;0;0;0;0;0;0;1;1;0;0;1;0;1;0;0;0;1;0;0;7;2;0;4;1;1;2;1;0;0;0;0;0;eliteResidentProduction;300;aborted_300_rounds;0;10;1;1
402;134;2;1;1;0;0;0;0;0;0;0;1;1;0;0;1;0;1;0;0;0;1;0;0;7;2;0;4;0;3;0;1;0;0;0;1;0;shipBuilding;300;aborted_300_rounds;0;10;1;1
403;135;0;3;0;0;0;1;0;1;0;1;0;1;0;0;0;0;0;0;1;0;0;0;0;7;2;0;3;1;2;1;1;0;1;0;0;0;balanced;300;aborted_300_rounds;0;0;1;1
404;135;1;1;1;0;0;1;0;1;0;1;0;1;0;0;0;0;0;0;1;0;0;0;0;7;2;0;4;2;2;0;0;1;0;0;0;0;factoryVariety;300;aborted_300_rounds;0;-8;2;0
405;135;2;2;0;0;0;1;0;1;0;1;0;1;0;0;0;0;0;0;1;0;0;0;0;7;2;0;2;2;4;0;1;0;0;0;0;0;eliteResidentProduction;300;aborted_300_rounds;0;0;1;1
406;136;0;2;0;0;1;0;0;1;0;1;1;0;0;0;1;0;0;0;0;0;0;0;0;7;2;0;2;2;2;1;2;0;0;0;0;0;adaptiveResidentStrategy;300;aborted_300_rounds;0;18;1;1
407;136;1;3;0;0;1;0;0;1;0;1;1;0;0;0;1;0;0;0;0;0;0;0;0;7;2;0;5;0;1;1;1;0;1;0;0;0;balanced;300;aborted_300_rounds;0;18;1;1
408;136;2;1;1;0;1;0;0;1;0;1;1;0;0;0;1;0;0;0;0;0;0;0;0;7;2;0;5;1;0;1;1;1;0;0;0;0;balanced;300;aborted_300_rounds;0;18;1;1
409;137;0;1;1;0;0;0;0;1;0;0;0;1;0;0;0;0;1;0;1;0;1;0;0;7;2;0;4;0;2;1;0;0;1;1;0;0;explorationFocus;300;aborted_300_rounds;0;-14;1;1
410;137;1;2;0;0;0;0;0;1;0;0;0;1;0;0;0;0;1;0;1;0;1;0;0;7;2;0;4;1;1;1;2;0;0;0;0;0;balanced;300;aborted_300_rounds;0;-14;1;1
411;137;2;3;0;0;0;0;0;1;0;0;0;1;0;0;0;0;1;0;1;0;1;0;0;7;2;0;5;4;0;0;0;0;0;0;0;0;factoryVariety;300;aborted_300_rounds;0;-22;2;0
412;138;0;3;0;0;1;0;0;0;0;0;1;0;0;0;1;0;0;0;0;0;1;1;0;7;2;0;5;0;2;0;0;1;1;0;0;0;eliteResidentProduction;300;aborted_300_rounds;0;0;1;1
413;138;1;1;1;0;1;0;0;0;0;0;1;0;0;0;1;0;0;0;0;0;1;1;0;7;2;0;4;2;0;1;0;0;2;0;0;0;shipBuilding;300;aborted_300_rounds;0;0;1;1
414;138;2;2;0;0;1;0;0;0;0;0;1;0;0;0;1;0;0;0;0;0;1;1;0;7;2;0;3;3;2;0;0;1;0;0;0;0;eliteResidentProduction;300;aborted_300_rounds;0;0;1;1
415;139;0;1;1;1;0;0;0;0;0;1;0;0;1;0;1;0;0;0;1;0;0;0;0;7;2;0;7;0;0;0;1;0;1;0;0;0;adaptiveResidentStrategy;300;aborted_300_rounds;0;0;1;1
416;139;1;2;0;1;0;0;0;0;0;1;0;0;1;0;1;0;0;0;1;0;0;0;0;7;2;0;2;1;3;2;0;0;1;0;0;0;explorationFocus;300;aborted_300_rounds;0;-6;2;0
417;139;2;3;0;1;0;0;0;0;0;1;0;0;1;0;1;0;0;0;1;0;0;0;0;7;2;0;4;0;4;0;1;0;0;0;0;0;shipBuilding;300;aborted_300_rounds;0;-6;2;0
418;140;0;3;0;0;1;0;0;1;0;0;0;1;1;0;0;0;0;0;0;0;1;0;0;7;2;0;5;1;0;1;0;1;1;0;0;0;balanced;300;aborted_300_rounds;0;0;1;1
419;140;1;1;1;0;1;0;0;1;0;0;0;1;1;0;0;0;0;0;0;0;1;0;0;7;2;0;4;2;1;1;1;0;0;0;0;0;balanced;300;aborted_300_rounds;0;0;1;1
420;140;2;2;0;0;1;0;0;1;0;0;0;1;1;0;0;0;0;0;0;0;1;0;0;7;2;0;3;0;3;1;0;1;1;0;0;0;balanced;300;aborted_300_rounds;0;0;1;1
421;141;0;1;1;0;0;1;0;1;0;1;0;0;0;0;0;0;0;0;1;0;0;1;0;7;2;0;5;1;0;1;0;0;2;0;0;0;shipBuilding;300;aborted_300_rounds;0;0;1;1
422;141;1;2;0;0;0;1;0;1;0;1;0;0;0;0;0;0;0;0;1;0;0;1;0;7;2;0;2;1;3;1;0;1;0;0;1;0;factoryVariety;300;aborted_300_rounds;0;-4;2;0
423;141;2;3;0;0;0;1;0;1;0;1;0;0;0;0;0;0;0;0;1;0;0;1;0;7;2;0;3;3;1;0;0;1;1;0;0;0;factoryVariety;300;aborted_300_rounds;0;-4;2;0
424;142;0;3;0;0;0;0;0;0;0;0;0;1;0;0;1;0;1;0;1;0;1;0;0;7;2;0;2;1;3;1;2;0;0;0;0;0;explorationFocus;300;aborted_300_rounds;0;-14;2;0
425;142;1;1;1;0;0;0;0;0;0;0;0;1;0;0;1;0;1;0;1;0;1;0;0;7;2;0;3;1;1;2;0;0;1;1;0;0;explorationFocus;300;aborted_300_rounds;0;-14;2;0
426;142;2;2;0;0;0;0;0;0;0;0;0;1;0;0;1;0;1;0;1;0;1;0;0;7;2;0;5;2;0;0;1;0;0;1;0;0;eliteResidentProduction;300;aborted_300_rounds;0;-8;1;1
427;143;0;1;1;0;0;0;0;1;0;1;0;1;1;0;0;0;0;0;1;0;0;0;0;7;2;0;3;3;1;1;0;0;1;0;0;0;explorationFocus;300;aborted_300_rounds;0;-6;1;1
428;143;1;2;0;0;0;0;0;1;0;1;0;1;1;0;0;0;0;0;1;0;0;0;0;7;2;0;2;2;3;1;0;0;0;1;0;0;shipBuilding;300;aborted_300_rounds;0;-14;2;0
429;143;2;3;0;0;0;0;0;1;0;1;0;1;1;0;0;0;0;0;1;0;0;0;0;7;2;0;5;1;1;0;1;0;0;1;0;0;explorationFocus;300;aborted_300_rounds;0;-6;1;1
430;144;0;2;0;1;0;1;0;0;0;0;0;0;0;0;0;0;1;0;1;0;1;0;0;7;2;0;3;1;1;2;1;0;0;1;0;0;eliteResidentProduction;300;aborted_300_rounds;0;-8;1;1
431;144;1;3;0;1;0;1;0;0;0;0;0;0;0;0;0;0;1;0;1;0;1;0;0;7;2;0;6;0;1;0;1;1;0;0;0;0;explorationFocus;300;aborted_300_rounds;0;-16;2;0
432;144;2;1;1;1;0;1;0;0;0;0;0;0;0;0;0;0;1;0;1;0;1;0;0;7;2;0;1;3;4;0;1;0;0;0;0;0;shipBuilding;300;aborted_300_rounds;0;-8;1;1
433;145;0;3;0;1;0;1;0;0;0;1;0;0;0;0;1;0;0;0;0;0;0;1;0;7;2;0;5;2;0;0;0;1;1;0;0;0;explorationFocus;300;aborted_300_rounds;0;24;1;1
434;145;1;1;1;1;0;1;0;0;0;1;0;0;0;0;1;0;0;0;0;0;0;1;0;7;2;0;5;1;1;0;2;0;0;0;0;0;shipBuilding;300;aborted_300_rounds;0;24;1;1
435;145;2;2;0;1;0;1;0;0;0;1;0;0;0;0;1;0;0;0;0;0;0;1;0;7;2;0;4;1;2;0;0;1;1;0;0;0;explorationFocus;300;aborted_300_rounds;0;24;1;1
436;146;0;3;0;0;1;1;0;0;0;1;0;0;0;0;0;0;0;0;1;0;1;0;0;7;2;0;4;1;2;0;0;0;2;0;0;0;shipBuilding;300;aborted_300_rounds;0;0;1;1
437;146;1;1;1;0;1;1;0;0;0;1;0;0;0;0;0;0;0;0;1;0;1;0;0;7;2;0;3;2;2;1;0;1;0;0;0;0;explorationFocus;300;aborted_300_rounds;0;0;1;1
438;146;2;2;0;0;1;1;0;0;0;1;0;0;0;0;0;0;0;0;1;0;1;0;0;7;2;0;3;1;4;0;0;0;0;1;0;0;balanced;300;aborted_300_rounds;0;0;1;1
439;147;0;3;0;0;1;1;0;1;0;0;0;0;0;0;0;0;1;0;1;0;0;0;0;7;2;0;2;3;2;2;0;0;0;0;0;0;factoryVariety;300;aborted_300_rounds;0;-16;2;0
440;147;1;1;1;0;1;1;0;1;0;0;0;0;0;0;0;0;1;0;1;0;0;0;0;7;2;0;5;1;1;1;0;0;1;0;0;0;explorationFocus;300;aborted_300_rounds;0;-8;1;1
441;147;2;2;0;0;1;1;0;1;0;0;0;0;0;0;0;0;1;0;1;0;0;0;0;7;2;0;4;0;2;1;1;0;0;1;0;0;explorationFocus;300;aborted_300_rounds;0;-8;1;1
442;148;0;1;1;0;1;1;0;1;0;0;0;0;0;0;1;0;0;0;0;0;0;1;0;7;2;0;3;2;2;1;0;0;0;1;0;0;shipBuilding;300;aborted_300_rounds;0;6;1;1
443;148;1;2;0;0;1;1;0;1;0;0;0;0;0;0;1;0;0;0;0;0;0;1;0;7;2;0;4;1;2;0;1;1;0;0;0;0;explorationFocus;300;aborted_300_rounds;0;6;1;1
444;148;2;3;0;0;1;1;0;1;0;0;0;0;0;0;1;0;0;0;0;0;0;1;0;7;2;0;4;2;1;1;1;0;0;0;0;0;eliteResidentProduction;300;aborted_300_rounds;0;6;1;1
445;149;0;1;1;0;1;0;0;1;0;0;0;0;0;0;0;0;1;0;0;0;1;1;0;7;2;0;2;3;2;1;0;0;1;0;0;0;adaptiveResidentStrategy;300;aborted_300_rounds;0;10;1;1
446;149;1;2;0;0;1;0;0;1;0;0;0;0;0;0;0;0;1;0;0;0;1;1;0;7;2;0;3;2;1;2;0;1;0;0;0;0;balanced;300;aborted_300_rounds;0;10;1;1
447;149;2;3;0;0;1;0;0;1;0;0;0;0;0;0;0;0;1;0;0;0;1;1;0;7;2;0;5;1;1;0;1;0;1;0;0;0;balanced;300;aborted_300_rounds;0;10;1;1
448;150;0;3;0;0;0;0;0;1;0;1;0;1;0;0;0;0;0;0;0;0;1;0;1;7;2;0;2;2;2;1;0;0;2;0;0;0;balanced;300;aborted_300_rounds;0;28;1;1
449;150;1;1;1;0;0;0;0;1;0;1;0;1;0;0;0;0;0;0;0;0;1;0;1;7;2;0;3;2;1;1;2;0;0;0;0;0;adaptiveResidentStrategy;300;aborted_300_rounds;0;28;1;1
450;150;2;2;0;0;0;0;0;1;0;1;0;1;0;0;0;0;0;0;0;0;1;0;1;7;2;0;4;0;2;1;1;0;1;0;0;0;adaptiveResidentStrategy;300;aborted_300_rounds;0;28;1;1
451;151;0;2;0;1;1;0;0;1;0;0;0;0;0;0;0;0;0;0;1;0;0;1;0;7;2;0;5;0;1;1;1;1;0;0;0;0;adaptiveResidentStrategy;300;aborted_300_rounds;0;-18;1;1
452;151;1;3;0;1;1;0;0;1;0;0;0;0;0;0;0;0;0;0;1;0;0;1;0;7;2;0;3;2;2;1;1;0;0;0;0;0;eliteResidentProduction;300;aborted_300_rounds;0;-18;1;1
453;151;2;1;1;1;1;0;0;1;0;0;0;0;0;0;0;0;0;0;1;0;0;1;0;7;2;0;2;0;3;2;1;0;0;1;0;0;explorationFocus;300;aborted_300_rounds;0;-24;2;0
454;152;0;2;0;1;0;0;0;1;0;0;1;0;0;0;0;0;0;0;1;0;0;1;0;7;2;0;3;2;1;2;0;1;0;0;0;0;adaptiveResidentStrategy;300;aborted_300_rounds;0;-18;1;1
455;152;1;3;0;1;0;0;0;1;0;0;1;0;0;0;0;0;0;0;1;0;0;1;0;7;2;0;4;1;1;1;0;0;1;1;0;0;adaptiveResidentStrategy;300;aborted_300_rounds;0;-18;1;1
456;152;2;1;1;1;0;0;0;1;0;0;1;0;0;0;0;0;0;0;1;0;0;1;0;7;2;0;2;2;3;0;1;0;0;0;1;0;eliteResidentProduction;300;aborted_300_rounds;0;-26;2;0
457;153;0;1;1;0;1;0;0;1;0;0;0;0;1;0;1;0;0;0;0;0;0;1;0;7;2;0;3;0;3;1;1;0;0;1;0;0;explorationFocus;300;aborted_300_rounds;0;0;1;1
458;153;1;2;0;0;1;0;0;1;0;0;0;0;1;0;1;0;0;0;0;0;0;1;0;7;2;0;4;1;3;0;0;0;1;0;0;0;shipBuilding;300;aborted_300_rounds;0;0;1;1
459;153;2;3;0;0;1;0;0;1;0;0;0;0;1;0;1;0;0;0;0;0;0;1;0;7;2;0;1;2;1;3;1;1;0;0;0;0;shipBuilding;300;aborted_300_rounds;0;0;1;1
460;154;0;3;0;1;0;0;0;0;0;0;0;0;0;0;0;0;0;0;1;0;1;1;1;7;2;0;4;1;0;2;0;0;1;0;1;0;factoryVariety;300;aborted_300_rounds;0;-20;2;0
461;154;1;1;1;1;0;0;0;0;0;0;0;0;0;0;0;0;0;0;1;0;1;1;1;7;2;0;4;0;3;1;0;0;0;1;0;0;adaptiveResidentStrategy;300;aborted_300_rounds;0;-18;1;1
462;154;2;2;0;1;0;0;0;0;0;0;0;0;0;0;0;0;0;0;1;0;1;1;1;7;2;0;5;1;0;1;2;0;0;0;0;0;factoryVariety;300;aborted_300_rounds;0;-24;3;0
463;155;0;1;1;1;0;1;0;0;0;1;0;1;0;0;0;0;0;0;1;0;0;0;0;7;2;0;3;2;1;2;0;0;1;0;0;0;explorationFocus;300;aborted_300_rounds;0;0;1;1
464;155;1;2;0;1;0;1;0;0;0;1;0;1;0;0;0;0;0;0;1;0;0;0;0;7;2;0;4;1;2;0;2;0;0;0;0;0;factoryVariety;300;aborted_300_rounds;0;-8;2;0
465;155;2;3;0;1;0;1;0;0;0;1;0;1;0;0;0;0;0;0;1;0;0;0;0;7;2;0;3;1;1;2;1;0;1;0;0;0;balanced;300;aborted_300_rounds;0;0;1;1
466;156;0;1;1;0;1;1;0;1;0;1;1;0;0;0;0;0;0;0;0;0;0;0;0;7;2;0;2;1;4;0;1;0;1;0;0;0;balanced;300;aborted_300_rounds;0;24;1;1
467;156;1;2;0;0;1;1;0;1;0;1;1;0;0;0;0;0;0;0;0;0;0;0;0;7;2;0;4;0;0;3;1;0;0;0;1;0;explorationFocus;300;aborted_300_rounds;0;24;1;1
468;156;2;3;0;0;1;1;0;1;0;1;1;0;0;0;0;0;0;0;0;0;0;0;0;7;2;0;4;4;1;0;0;0;0;0;0;0;balanced;300;aborted_300_rounds;0;24;1;1
469;157;0;1;1;1;0;1;0;0;0;1;0;1;0;0;0;0;1;0;0;0;0;0;0;7;2;0;5;2;1;1;0;0;0;0;0;0;shipBuilding;300;aborted_300_rounds;0;34;1;1
470;157;1;2;0;1;0;1;0;0;0;1;0;1;0;0;0;0;1;0;0;0;0;0;0;7;2;0;4;2;1;0;1;0;1;0;0;0;eliteResidentProduction;300;aborted_300_rounds;0;34;1;1
471;157;2;3;0;1;0;1;0;0;0;1;0;1;0;0;0;0;1;0;0;0;0;0;0;7;2;0;2;3;1;1;0;1;0;0;1;0;eliteResidentProduction;300;aborted_300_rounds;0;34;1;1
472;158;0;2;0;0;1;0;0;0;0;1;0;0;1;0;1;0;0;0;1;0;0;0;0;7;2;0;4;1;1;1;1;0;0;1;0;0;adaptiveResidentStrategy;300;aborted_300_rounds;0;0;1;1
473;158;1;3;0;0;1;0;0;0;0;1;0;0;1;0;1;0;0;0;1;0;0;0;0;7;2;0;6;2;0;0;1;0;0;0;0;0;factoryVariety;300;aborted_300_rounds;0;-18;2;0
474;158;2;1;1;0;1;0;0;0;0;1;0;0;1;0;1;0;0;0;1;0;0;0;0;7;2;0;2;1;4;1;0;0;0;0;1;0;eliteResidentProduction;300;aborted_300_rounds;0;0;1;1
475;159;0;3;0;0;1;0;0;0;0;0;1;0;0;0;1;0;0;0;0;0;1;1;0;7;2;0;4;1;2;1;1;0;0;0;0;0;eliteResidentProduction;300;aborted_300_rounds;0;0;1;1
476;159;1;1;1;0;1;0;0;0;0;0;1;0;0;0;1;0;0;0;0;0;1;1;0;7;2;0;5;2;1;0;0;0;1;0;0;0;explorationFocus;300;aborted_300_rounds;0;0;1;1
477;159;2;2;0;0;1;0;0;0;0;0;1;0;0;0;1;0;0;0;0;0;1;1;0;7;2;0;3;1;0;3;0;0;1;0;1;0;shipBuilding;300;aborted_300_rounds;0;0;1;1
478;160;0;3;0;0;0;0;0;1;0;1;0;1;1;0;0;0;0;0;0;0;0;0;1;7;2;0;4;3;0;0;0;0;0;1;1;0;eliteResidentProduction;300;aborted_300_rounds;0;22;2;0
479;160;1;1;1;0;0;0;0;1;0;1;0;1;1;0;0;0;0;0;0;0;0;0;1;7;2;0;4;1;1;1;0;0;1;0;1;0;factoryVariety;300;aborted_300_rounds;0;28;1;1
480;160;2;2;0;0;0;0;0;1;0;1;0;1;1;0;0;0;0;0;0;0;0;0;1;7;2;0;3;1;2;1;1;0;1;0;0;0;eliteResidentProduction;300;aborted_300_rounds;0;22;2;0
481;161;0;2;0;1;0;0;0;0;0;0;1;0;1;0;1;0;1;0;0;0;0;0;0;7;2;0;4;3;0;1;0;1;0;0;0;0;balanced;300;aborted_300_rounds;0;10;1;1
482;161;1;3;0;1;0;0;0;0;0;0;1;0;1;0;1;0;1;0;0;0;0;0;0;7;2;0;4;0;4;0;0;1;0;0;0;0;adaptiveResidentStrategy;300;aborted_300_rounds;0;10;1;1
483;161;2;1;1;1;0;0;0;0;0;0;1;0;1;0;1;0;1;0;0;0;0;0;0;7;2;0;4;1;2;0;2;0;0;0;0;0;balanced;300;aborted_300_rounds;0;10;1;1
484;162;0;2;0;1;0;0;0;0;0;1;1;0;1;0;0;0;0;0;0;0;0;1;0;7;2;0;4;1;1;1;0;0;1;1;0;0;adaptiveResidentStrategy;300;aborted_300_rounds;0;18;1;1
485;162;1;3;0;1;0;0;0;0;0;1;1;0;1;0;0;0;0;0;0;0;0;1;0;7;2;0;5;2;1;0;1;0;0;0;0;0;shipBuilding;300;aborted_300_rounds;0;18;1;1
486;162;2;1;1;1;0;0;0;0;0;1;1;0;1;0;0;0;0;0;0;0;0;1;0;7;2;0;4;1;1;1;0;0;2;0;0;0;adaptiveResidentStrategy;300;aborted_300_rounds;0;18;1;1
487;163;0;1;1;1;0;1;0;0;0;0;0;1;1;0;0;0;0;0;0;0;0;1;0;7;2;0;3;1;3;1;1;0;0;0;0;0;balanced;300;aborted_300_rounds;0;6;1;1
488;163;1;2;0;1;0;1;0;0;0;0;0;1;1;0;0;0;0;0;0;0;0;1;0;7;2;0;3;3;1;1;1;0;0;0;0;0;eliteResidentProduction;300;aborted_300_rounds;0;6;1;1
489;163;2;3;0;1;0;1;0;0;0;0;0;1;1;0;0;0;0;0;0;0;0;1;0;7;2;0;5;0;1;1;0;1;1;0;0;0;shipBuilding;300;aborted_300_rounds;0;6;1;1
490;164;0;3;0;0;1;0;0;1;0;0;0;0;0;0;1;0;0;0;0;0;0;1;1;7;2;0;4;1;3;0;0;0;0;1;0;0;adaptiveResidentStrategy;300;aborted_300_rounds;0;10;1;1
491;164;1;1;1;0;1;0;0;1;0;0;0;0;0;0;1;0;0;0;0;0;0;1;1;7;2;0;5;0;1;1;1;0;0;1;0;0;eliteResidentProduction;300;aborted_300_rounds;0;10;1;1
492;164;2;2;0;0;1;0;0;1;0;0;0;0;0;0;1;0;0;0;0;0;0;1;1;7;2;0;3;1;0;3;1;0;1;0;0;0;eliteResidentProduction;300;aborted_300_rounds;0;10;1;1
493;165;0;3;0;0;1;1;0;0;0;0;0;1;1;0;0;0;0;0;1;0;0;0;0;7;2;0;3;0;3;1;0;1;1;0;0;0;factoryVariety;300;aborted_300_rounds;0;-22;2;0
494;165;1;1;1;0;1;1;0;0;0;0;0;1;1;0;0;0;0;0;1;0;0;0;0;7;2;0;6;1;1;0;1;0;0;0;0;0;factoryVariety;300;aborted_300_rounds;0;-22;2;0
495;165;2;2;0;0;1;1;0;0;0;0;0;1;1;0;0;0;0;0;1;0;0;0;0;7;2;0;2;2;4;1;0;0;0;0;0;0;eliteResidentProduction;300;aborted_300_rounds;0;-18;1;1
496;166;0;3;0;0;0;0;0;0;0;1;0;0;1;0;1;0;0;0;0;0;1;1;0;7;2;0;2;2;1;2;0;0;2;0;0;0;eliteResidentProduction;300;aborted_300_rounds;0;18;1;1
497;166;1;1;1;0;0;0;0;0;0;1;0;0;1;0;1;0;0;0;0;0;1;1;0;7;2;0;3;1;2;1;2;0;0;0;0;0;adaptiveResidentStrategy;300;aborted_300_rounds;0;18;1;1
498;166;2;2;0;0;0;0;0;0;0;1;0;0;1;0;1;0;0;0;0;0;1;1;0;7;2;0;2;1;2;3;1;0;0;0;0;0;balanced;300;aborted_300_rounds;0;18;1;1
499;167;0;3;0;0;0;0;0;1;0;0;0;1;1;0;1;0;0;0;1;0;0;0;0;7;2;0;3;3;1;1;0;0;0;1;0;0;balanced;300;aborted_300_rounds;0;-24;1;1
500;167;1;1;1;0;0;0;0;1;0;0;0;1;1;0;1;0;0;0;1;0;0;0;0;7;2;0;5;2;0;0;0;1;1;0;0;0;shipBuilding;300;aborted_300_rounds;0;-24;1;1
501;167;2;2;0;0;0;0;0;1;0;0;0;1;1;0;1;0;0;0;1;0;0;0;0;7;2;0;4;2;2;0;0;0;1;0;0;0;factoryVariety;300;aborted_300_rounds;0;-26;2;0
502;168;0;2;0;0;0;0;0;1;0;1;1;0;0;0;0;0;1;0;1;0;0;0;0;7;2;0;5;2;0;0;0;1;0;1;0;0;adaptiveResidentStrategy;300;aborted_300_rounds;0;10;1;1
503;168;1;3;0;0;0;0;0;1;0;1;1;0;0;0;0;0;1;0;1;0;0;0;0;7;2;0;2;1;3;2;0;1;0;0;0;0;adaptiveResidentStrategy;300;aborted_300_rounds;0;10;1;1
504;168;2;1;1;0;0;0;0;1;0;1;1;0;0;0;0;0;1;0;1;0;0;0;0;7;2;0;2;3;1;1;0;0;1;1;0;0;balanced;300;aborted_300_rounds;0;4;2;0
505;169;0;1;1;0;1;1;0;0;0;0;0;0;1;0;0;0;1;0;1;0;0;0;0;7;2;0;3;1;2;1;0;1;0;0;1;0;explorationFocus;300;aborted_300_rounds;0;-8;1;1
506;169;1;2;0;0;1;1;0;0;0;0;0;0;1;0;0;0;1;0;1;0;0;0;0;7;2;0;5;1;1;1;1;0;0;0;0;0;adaptiveResidentStrategy;300;aborted_300_rounds;0;-8;1;1
507;169;2;3;0;0;1;1;0;0;0;0;0;0;1;0;0;0;1;0;1;0;0;0;0;7;2;0;4;1;0;2;0;0;1;0;1;0;explorationFocus;300;aborted_300_rounds;0;-16;2;0
508;170;0;1;1;1;0;0;0;0;0;0;1;1;1;0;0;0;1;0;0;0;0;0;0;7;2;0;3;3;1;1;0;0;1;0;0;0;balanced;300;aborted_300_rounds;0;10;1;1
509;170;1;2;0;1;0;0;0;0;0;0;1;1;1;0;0;0;1;0;0;0;0;0;0;7;2;0;3;4;2;0;0;0;0;0;0;0;explorationFocus;300;aborted_300_rounds;0;10;1;1
510;170;2;3;0;1;0;0;0;0;0;0;1;1;1;0;0;0;1;0;0;0;0;0;0;7;2;0;3;1;2;1;2;0;0;0;0;0;adaptiveResidentStrategy;300;aborted_300_rounds;0;10;1;1
511;171;0;2;0;1;1;0;0;0;0;0;1;0;1;0;0;0;0;0;1;0;0;0;0;7;2;0;4;1;2;0;0;1;1;0;0;0;shipBuilding;300;aborted_300_rounds;0;-40;2;0
512;171;1;3;0;1;1;0;0;0;0;0;1;0;1;0;0;0;0;0;1;0;0;0;0;7;2;0;3;0;2;2;1;0;1;0;0;0;explorationFocus;300;aborted_300_rounds;0;-24;1;1
513;171;2;1;1;1;1;0;0;0;0;0;1;0;1;0;0;0;0;0;1;0;0;0;0;7;2;0;3;2;2;0;1;0;0;1;0;0;explorationFocus;300;aborted_300_rounds;0;-24;1;1
514;172;0;3;0;1;1;0;0;0;0;0;1;1;0;0;0;0;1;0;0;0;0;0;0;7;2;0;4;1;1;1;2;0;0;0;0;0;eliteResidentProduction;300;aborted_300_rounds;0;10;1;1
515;172;1;1;1;1;1;0;0;0;0;0;1;1;0;0;0;0;1;0;0;0;0;0;0;7;2;0;3;1;2;2;1;0;0;0;0;0;balanced;300;aborted_300_rounds;0;10;1;1
516;172;2;2;0;1;1;0;0;0;0;0;1;1;0;0;0;0;1;0;0;0;0;0;0;7;2;0;2;4;2;1;0;0;0;0;0;0;eliteResidentProduction;300;aborted_300_rounds;0;10;1;1
517;173;0;3;0;1;0;0;0;0;0;0;0;0;1;0;1;0;0;0;0;0;0;1;1;7;2;0;4;1;2;1;0;0;0;0;1;0;factoryVariety;300;aborted_300_rounds;0;10;1;1
518;173;1;1;1;1;0;0;0;0;0;0;0;0;1;0;1;0;0;0;0;0;0;1;1;7;2;0;3;4;0;0;1;0;0;1;0;0;eliteResidentProduction;300;aborted_300_rounds;0;4;2;0
519;173;2;2;0;1;0;0;0;0;0;0;0;0;1;0;1;0;0;0;0;0;0;1;1;7;2;0;3;2;2;1;1;0;0;0;0;0;balanced;300;aborted_300_rounds;0;4;2;0
520;174;0;1;1;0;0;0;0;0;0;0;1;1;1;0;1;0;1;0;0;0;0;0;0;7;2;0;2;5;0;1;1;0;0;0;0;0;eliteResidentProduction;300;aborted_300_rounds;0;10;1;1
521;174;1;2;0;0;0;0;0;0;0;0;1;1;1;0;1;0;1;0;0;0;0;0;0;7;2;0;2;1;4;1;0;1;0;0;0;0;eliteResidentProduction;300;aborted_300_rounds;0;10;1;1
522;174;2;3;0;0;0;0;0;0;0;0;1;1;1;0;1;0;1;0;0;0;0;0;0;7;2;0;5;1;2;0;0;0;1;0;0;0;adaptiveResidentStrategy;300;aborted_300_rounds;0;10;1;1
523;175;0;2;0;1;0;1;0;0;0;0;0;0;0;0;0;0;0;0;1;0;1;1;0;7;2;0;4;1;2;2;0;0;0;0;0;0;explorationFocus;300;aborted_300_rounds;0;-18;1;1
524;175;1;3;0;1;0;1;0;0;0;0;0;0;0;0;0;0;0;0;1;0;1;1;0;7;2;0;3;2;2;0;2;0;0;0;0;0;adaptiveResidentStrategy;300;aborted_300_rounds;0;-18;1;1
525;175;2;1;1;1;0;1;0;0;0;0;0;0;0;0;0;0;0;0;1;0;1;1;0;7;2;0;3;1;2;1;1;0;1;0;0;0;adaptiveResidentStrategy;300;aborted_300_rounds;0;-18;1;1
526;176;0;2;0;1;0;0;0;0;0;0;0;0;0;0;1;0;0;0;1;0;0;1;1;7;2;0;3;2;1;1;0;0;1;1;0;0;eliteResidentProduction;300;aborted_300_rounds;0;-16;1;1
527;176;1;3;0;1;0;0;0;0;0;0;0;0;0;0;1;0;0;0;1;0;0;1;1;7;2;0;3;3;2;0;1;0;0;0;0;0;balanced;300;aborted_300_rounds;0;-20;2;0
528;176;2;1;1;1;0;0;0;0;0;0;0;0;0;0;1;0;0;0;1;0;0;1;1;7;2;0;3;1;2;1;0;0;1;0;1;0;balanced;300;aborted_300_rounds;0;-20;2;0
529;177;0;1;1;0;0;1;0;1;0;0;0;0;1;0;0;0;0;0;1;0;1;0;0;7;2;0;4;1;2;0;1;0;0;0;1;0;factoryVariety;300;aborted_300_rounds;0;-30;2;0
530;177;1;2;0;0;0;1;0;1;0;0;0;0;1;0;0;0;0;0;1;0;1;0;0;7;2;0;4;2;0;1;0;0;1;1;0;0;balanced;300;aborted_300_rounds;0;-18;1;1
531;177;2;3;0;0;0;1;0;1;0;0;0;0;1;0;0;0;0;0;1;0;1;0;0;7;2;0;2;1;2;2;1;0;0;1;0;0;adaptiveResidentStrategy;300;aborted_300_rounds;0;-18;1;1
532;178;0;1;1;0;1;0;0;0;0;0;1;1;0;0;0;0;0;0;0;0;0;1;1;7;2;0;4;2;0;1;0;1;1;0;0;0;explorationFocus;300;aborted_300_rounds;0;4;2;0
533;178;1;2;0;0;1;0;0;0;0;0;1;1;0;0;0;0;0;0;0;0;0;1;1;7;2;0;5;0;1;1;0;0;2;0;0;0;adaptiveResidentStrategy;300;aborted_300_rounds;0;4;2;0
534;178;2;3;0;0;1;0;0;0;0;0;1;1;0;0;0;0;0;0;0;0;0;1;1;7;2;0;1;1;4;1;1;0;0;0;1;0;factoryVariety;300;aborted_300_rounds;0;10;1;1
535;179;0;3;0;1;0;0;0;0;0;0;1;0;0;0;0;0;1;0;0;0;0;1;1;7;2;0;3;1;1;2;0;0;1;0;1;0;factoryVariety;300;aborted_300_rounds;0;20;1;1
536;179;1;1;1;1;0;0;0;0;0;0;1;0;0;0;0;0;1;0;0;0;0;1;1;7;2;0;2;2;2;2;1;0;0;0;0;0;factoryVariety;300;aborted_300_rounds;0;10;3;0
537;179;2;2;0;1;0;0;0;0;0;0;1;0;0;0;0;0;1;0;0;0;0;1;1;7;2;0;4;3;1;0;1;0;0;0;0;0;factoryVariety;300;aborted_300_rounds;0;14;2;0
538;180;0;1;1;0;0;0;0;0;0;0;0;1;1;0;1;0;0;0;1;0;0;0;1;7;2;0;4;1;2;0;2;0;0;0;0;0;balanced;300;aborted_300_rounds;0;-14;2;0
539;180;1;2;0;0;0;0;0;0;0;0;0;1;1;0;1;0;0;0;1;0;0;0;1;7;2;0;3;1;1;2;0;0;0;1;1;0;eliteResidentProduction;300;aborted_300_rounds;0;-8;1;1
540;180;2;3;0;0;0;0;0;0;0;0;0;1;1;0;1;0;0;0;1;0;0;0;1;7;2;0;3;2;2;1;1;0;0;0;0;0;balanced;300;aborted_300_rounds;0;-14;2;0
541;181;0;2;0;1;0;1;0;1;0;0;0;0;0;0;0;0;0;0;1;0;0;1;0;7;2;0;3;3;0;2;1;0;0;0;0;0;balanced;300;aborted_300_rounds;0;-18;1;1
542;181;1;3;0;1;0;1;0;1;0;0;0;0;0;0;0;0;0;0;1;0;0;1;0;7;2;0;5;1;1;0;1;0;0;1;0;0;explorationFocus;300;aborted_300_rounds;0;-26;2;0
543;181;2;1;1;1;0;1;0;1;0;0;0;0;0;0;0;0;0;0;1;0;0;1;0;7;2;0;4;1;2;0;1;0;1;0;0;0;explorationFocus;300;aborted_300_rounds;0;-18;1;1
544;182;0;1;1;0;1;0;0;1;0;0;1;0;0;0;0;0;0;0;0;0;1;0;1;7;2;0;4;1;2;1;0;0;0;0;1;0;factoryVariety;300;aborted_300_rounds;0;10;1;1
545;182;1;2;0;0;1;0;0;1;0;0;1;0;0;0;0;0;0;0;0;0;1;0;1;7;2;0;3;1;1;2;1;0;0;0;1;0;explorationFocus;300;aborted_300_rounds;0;4;2;0
546;182;2;3;0;0;1;0;0;1;0;0;1;0;0;0;0;0;0;0;0;0;1;0;1;7;2;0;4;2;1;0;1;0;1;0;0;0;factoryVariety;300;aborted_300_rounds;0;10;1;1
547;183;0;2;0;0;0;0;0;1;0;1;1;1;1;0;0;0;0;0;0;0;0;0;0;7;2;0;5;0;2;0;1;0;0;0;1;0;adaptiveResidentStrategy;300;aborted_300_rounds;0;18;1;1
548;183;1;3;0;0;0;0;0;1;0;1;1;1;1;0;0;0;0;0;0;0;0;0;0;7;2;0;4;2;2;0;0;0;0;0;1;0;shipBuilding;300;aborted_300_rounds;0;18;1;1
549;183;2;1;1;0;0;0;0;1;0;1;1;1;1;0;0;0;0;0;0;0;0;0;0;7;2;0;3;2;1;1;0;0;2;0;0;0;factoryVariety;300;aborted_300_rounds;0;18;1;1
550;184;0;1;1;0;0;1;0;0;0;0;1;0;0;0;0;0;1;0;0;0;1;1;0;7;2;0;2;2;2;2;1;0;0;0;0;0;adaptiveResidentStrategy;300;aborted_300_rounds;0;16;1;1
551;184;1;2;0;0;0;1;0;0;0;0;1;0;0;0;0;0;1;0;0;0;1;1;0;7;2;0;4;3;0;1;0;0;1;0;0;0;factoryVariety;300;aborted_300_rounds;0;16;1;1
552;184;2;3;0;0;0;1;0;0;0;0;1;0;0;0;0;0;1;0;0;0;1;1;0;7;2;0;5;2;0;0;0;0;1;1;0;0;factoryVariety;300;aborted_300_rounds;0;16;1;1
553;185;0;1;1;0;1;0;0;1;0;0;0;1;0;0;0;0;0;0;0;0;1;1;0;7;2;0;4;1;0;2;0;1;0;1;0;0;adaptiveResidentStrategy;300;aborted_300_rounds;0;0;1;1
554;185;1;2;0;0;1;0;0;1;0;0;0;1;0;0;0;0;0;0;0;0;1;1;0;7;2;0;3;0;2;2;1;0;0;0;1;0;balanced;300;aborted_300_rounds;0;0;1;1
555;185;2;3;0;0;1;0;0;1;0;0;0;1;0;0;0;0;0;0;0;0;1;1;0;7;2;0;3;1;2;1;1;0;0;1;0;0;explorationFocus;300;aborted_300_rounds;0;0;1;1
556;186;0;1;1;1;1;0;0;0;0;0;0;0;0;0;0;0;0;0;1;0;1;1;0;7;2;0;4;0;3;0;1;0;1;0;0;0;balanced;300;aborted_300_rounds;0;-24;2;0
557;186;1;2;0;1;1;0;0;0;0;0;0;0;0;0;0;0;0;0;1;0;1;1;0;7;2;0;4;2;1;0;2;0;0;0;0;0;factoryVariety;300;aborted_300_rounds;0;-32;3;0
558;186;2;3;0;1;1;0;0;0;0;0;0;0;0;0;0;0;0;0;1;0;1;1;0;7;2;0;3;3;1;1;0;0;1;0;0;0;adaptiveResidentStrategy;300;aborted_300_rounds;0;-18;1;1
559;187;0;2;0;0;1;0;0;1;0;1;0;0;1;0;0;0;1;0;0;0;0;0;0;7;2;0;3;1;1;2;0;0;1;1;0;0;adaptiveResidentStrategy;300;aborted_300_rounds;0;28;1;1
560;187;1;3;0;0;1;0;0;1;0;1;0;0;1;0;0;0;1;0;0;0;0;0;0;7;2;0;2;0;3;2;1;1;0;0;0;0;factoryVariety;300;aborted_300_rounds;0;28;1;1
561;187;2;1;1;0;1;0;0;1;0;1;0;0;1;0;0;0;1;0;0;0;0;0;0;7;2;0;4;1;0;2;2;0;0;0;0;0;balanced;300;aborted_300_rounds;0;28;1;1
562;188;0;3;0;0;0;0;0;0;0;1;1;1;0;0;0;0;0;0;1;0;0;0;1;7;2;0;4;1;0;2;0;0;0;1;1;0;balanced;300;aborted_300_rounds;0;4;2;0
563;188;1;1;1;0;0;0;0;0;0;1;1;1;0;0;0;0;0;0;1;0;0;0;1;7;2;0;5;1;2;0;0;0;0;1;0;0;adaptiveResidentStrategy;300;aborted_300_rounds;0;10;1;1
564;188;2;2;0;0;0;0;0;0;0;1;1;1;0;0;0;0;0;0;1;0;0;0;1;7;2;0;3;2;2;2;0;0;0;0;0;0;adaptiveResidentStrategy;300;aborted_300_rounds;0;10;1;1
565;189;0;2;0;1;0;0;0;1;0;0;0;0;0;0;0;0;1;0;0;0;1;0;1;7;2;0;3;1;3;0;1;0;1;0;0;0;factoryVariety;300;aborted_300_rounds;0;20;1;1
566;189;1;3;0;1;0;0;0;1;0;0;0;0;0;0;0;0;1;0;0;0;1;0;1;7;2;0;5;1;1;0;0;0;0;1;1;0;factoryVariety;300;aborted_300_rounds;0;14;2;0
567;189;2;1;1;1;0;0;0;1;0;0;0;0;0;0;0;0;1;0;0;0;1;0;1;7;2;0;3;2;2;1;0;0;1;0;0;0;balanced;300;aborted_300_rounds;0;14;2;0
568;190;0;3;0;1;1;1;0;0;0;0;1;0;0;0;0;0;0;0;0;0;1;0;0;7;2;0;4;2;2;0;0;0;1;0;0;0;adaptiveResidentStrategy;300;aborted_300_rounds;0;6;1;1
569;190;1;1;1;1;1;1;0;0;0;0;1;0;0;0;0;0;0;0;0;0;1;0;0;7;2;0;3;2;2;0;2;0;0;0;0;0;adaptiveResidentStrategy;300;aborted_300_rounds;0;6;1;1
570;190;2;2;0;1;1;1;0;0;0;0;1;0;0;0;0;0;0;0;0;0;1;0;0;7;2;0;4;2;0;1;1;1;0;0;0;0;balanced;300;aborted_300_rounds;0;6;1;1
571;191;0;1;1;1;1;0;0;0;0;0;0;0;1;0;0;0;0;0;0;0;1;1;0;7;2;0;3;0;4;1;1;0;0;0;0;0;adaptiveResidentStrategy;300;aborted_300_rounds;0;0;1;1
572;191;1;2;0;1;1;0;0;0;0;0;0;0;1;0;0;0;0;0;0;0;1;1;0;7;2;0;2;4;1;1;1;0;0;0;0;0;eliteResidentProduction;300;aborted_300_rounds;0;0;1;1
573;191;2;3;0;1;1;0;0;0;0;0;0;0;1;0;0;0;0;0;0;0;1;1;0;7;2;0;5;2;1;0;1;0;0;0;0;0;factoryVariety;300;aborted_300_rounds;0;0;1;1
574;192;0;3;0;1;0;0;0;0;0;0;0;0;0;0;1;0;1;0;1;0;1;0;0;7;2;0;1;3;1;2;1;0;1;0;0;0;balanced;300;aborted_300_rounds;0;-14;1;1
575;192;1;1;1;1;0;0;0;0;0;0;0;0;0;0;1;0;1;0;1;0;1;0;0;7;2;0;1;5;2;1;0;0;0;0;0;0;shipBuilding;300;aborted_300_rounds;0;-14;1;1
576;192;2;2;0;1;0;0;0;0;0;0;0;0;0;0;1;0;1;0;1;0;1;0;0;7;2;0;5;0;2;0;0;0;1;1;0;0;balanced;300;aborted_300_rounds;0;-14;1;1
577;193;0;3;0;1;1;0;0;0;0;0;1;1;0;0;0;0;0;0;0;0;0;0;1;7;2;0;3;2;2;0;1;0;1;0;0;0;factoryVariety;300;aborted_300_rounds;0;10;1;1
578;193;1;1;1;1;1;0;0;0;0;0;1;1;0;0;0;0;0;0;0;0;0;0;1;7;2;0;3;2;2;0;1;1;0;0;0;0;eliteResidentProduction;300;aborted_300_rounds;0;4;2;0
579;193;2;2;0;1;1;0;0;0;0;0;1;1;0;0;0;0;0;0;0;0;0;0;1;7;2;0;5;2;0;1;0;0;0;0;1;0;balanced;300;aborted_300_rounds;0;4;2;0
580;194;0;1;1;0;1;1;0;0;0;0;0;0;1;0;0;0;0;0;1;0;0;0;1;7;2;0;5;3;0;1;0;0;0;0;0;0;eliteResidentProduction;300;aborted_300_rounds;0;-8;1;1
581;194;1;2;0;0;1;1;0;0;0;0;0;0;1;0;0;0;0;0;1;0;0;0;1;7;2;0;4;1;1;1;1;0;0;0;1;0;adaptiveResidentStrategy;300;aborted_300_rounds;0;-8;1;1
582;194;2;3;0;0;1;1;0;0;0;0;0;0;1;0;0;0;0;0;1;0;0;0;1;7;2;0;4;1;1;1;1;0;1;0;0;0;eliteResidentProduction;300;aborted_300_rounds;0;-8;1;1
583;195;0;2;0;1;0;0;0;0;0;1;0;1;1;0;0;0;1;0;0;0;0;0;0;7;2;0;4;1;1;1;0;0;1;0;1;0;balanced;300;aborted_300_rounds;0;28;1;1
584;195;1;3;0;1;0;0;0;0;0;1;0;1;1;0;0;0;1;0;0;0;0;0;0;7;2;0;4;3;0;2;0;0;0;0;0;0;eliteResidentProduction;300;aborted_300_rounds;0;28;1;1
585;195;2;1;1;1;0;0;0;0;0;1;0;1;1;0;0;0;1;0;0;0;0;0;0;7;2;0;4;1;2;0;0;0;2;0;0;0;explorationFocus;300;aborted_300_rounds;0;28;1;1
586;196;0;1;1;1;1;0;0;0;0;0;0;1;1;0;0;0;0;0;0;0;1;0;0;7;2;0;4;1;2;0;0;0;2;0;0;0;balanced;300;aborted_300_rounds;0;0;1;1
587;196;1;2;0;1;1;0;0;0;0;0;0;1;1;0;0;0;0;0;0;0;1;0;0;7;2;0;3;3;2;0;0;0;0;1;0;0;shipBuilding;300;aborted_300_rounds;0;0;1;1
588;196;2;3;0;1;1;0;0;0;0;0;0;1;1;0;0;0;0;0;0;0;1;0;0;7;2;0;3;2;1;1;0;1;1;0;0;0;factoryVariety;300;aborted_300_rounds;0;0;1;1
589;197;0;2;0;0;1;0;0;0;0;0;1;0;1;0;1;0;0;0;0;0;1;0;0;7;2;0;4;2;0;1;0;0;1;1;0;0;adaptiveResidentStrategy;300;aborted_300_rounds;0;0;1;1
590;197;1;3;0;0;1;0;0;0;0;0;1;0;1;0;1;0;0;0;0;0;1;0;0;7;2;0;3;2;2;0;0;0;1;0;1;0;adaptiveResidentStrategy;300;aborted_300_rounds;0;0;1;1
591;197;2;1;1;0;1;0;0;0;0;0;1;0;1;0;1;0;0;0;0;0;1;0;0;7;2;0;3;1;2;1;2;0;0;0;0;0;factoryVariety;300;aborted_300_rounds;0;0;1;1
592;198;0;2;0;0;1;1;0;1;0;1;0;0;0;0;1;0;0;0;0;0;0;0;0;7;2;0;4;3;0;0;1;0;0;0;1;0;factoryVariety;300;aborted_300_rounds;0;24;1;1
593;198;1;3;0;0;1;1;0;1;0;1;0;0;0;0;1;0;0;0;0;0;0;0;0;7;2;0;2;1;3;2;0;1;0;0;0;0;eliteResidentProduction;300;aborted_300_rounds;0;24;1;1
594;198;2;1;1;0;1;1;0;1;0;1;0;0;0;0;1;0;0;0;0;0;0;0;0;7;2;0;3;1;3;1;0;0;1;0;0;0;balanced;300;aborted_300_rounds;0;24;1;1
595;199;0;3;0;0;0;1;0;1;0;0;1;1;0;0;0;0;0;0;0;0;1;0;0;7;2;0;3;3;2;0;0;0;1;0;0;0;adaptiveResidentStrategy;300;aborted_300_rounds;0;6;1;1
596;199;1;1;1;0;0;1;0;1;0;0;1;1;0;0;0;0;0;0;0;0;1;0;0;7;2;0;3;2;2;0;1;0;0;0;1;0;shipBuilding;300;aborted_300_rounds;0;6;1;1
597;199;2;2;0;0;0;1;0;1;0;0;1;1;0;0;0;0;0;0;0;0;1;0;0;7;2;0;2;1;3;1;1;0;1;0;0;0;shipBuilding;300;aborted_300_rounds;0;6;1;1
598;200;0;3;0;1;0;1;0;1;0;0;0;1;0;0;0;0;0;0;1;0;0;0;0;7;2;0;6;1;1;0;0;0;1;0;0;0;balanced;300;aborted_300_rounds;0;-18;1;1
599;200;1;1;1;1;0;1;0;1;0;0;0;1;0;0;0;0;0;0;1;0;0;0;0;7;2;0;4;1;3;0;0;0;0;1;0;0;balanced;300;aborted_300_rounds;0;-18;1;1
600;200;2;2;0;1;0;1;0;1;0;0;0;1;0;0;0;0;0;0;1;0;0;0;0;7;2;0;3;1;1;2;1;0;1;0;0;0;explorationFocus;300;aborted_300_rounds;0;-24;2;0
601;201;0;1;1;1;0;1;0;0;0;0;0;0;0;0;1;0;1;0;0;0;1;0;0;7;2;0;3;1;2;1;1;0;0;1;0;0;eliteResidentProduction;300;aborted_300_rounds;0;16;1;1
602;201;1;2;0;1;0;1;0;0;0;0;0;0;0;0;1;0;1;0;0;0;1;0;0;7;2;0;5;2;1;0;0;1;0;0;0;0;explorationFocus;300;aborted_300_rounds;0;16;1;1
603;201;2;3;0;1;0;1;0;0;0;0;0;0;0;0;1;0;1;0;0;0;1;0;0;7;2;0;4;0;1;2;1;1;0;0;0;0;adaptiveResidentStrategy;300;aborted_300_rounds;0;16;1;1
604;202;0;3;0;0;1;1;0;0;0;0;0;0;0;0;0;0;1;0;1;0;1;0;0;7;2;0;3;1;1;3;0;0;1;0;0;0;adaptiveResidentStrategy;300;aborted_300_rounds;0;-8;1;1
605;202;1;1;1;0;1;1;0;0;0;0;0;0;0;0;0;0;1;0;1;0;1;0;0;7;2;0;4;2;2;0;0;1;0;0;0;0;factoryVariety;300;aborted_300_rounds;0;-16;2;0
606;202;2;2;0;0;1;1;0;0;0;0;0;0;0;0;0;0;1;0;1;0;1;0;0;7;2;0;4;3;0;0;0;0;1;0;1;0;explorationFocus;300;aborted_300_rounds;0;-8;1;1
607;203;0;2;0;0;1;1;0;0;0;0;0;0;0;0;1;0;0;0;1;0;0;1;0;7;2;0;4;1;1;1;1;1;0;0;0;0;factoryVariety;300;aborted_300_rounds;0;-22;2;0
608;203;1;3;0;0;1;1;0;0;0;0;0;0;0;0;1;0;0;0;1;0;0;1;0;7;2;0;5;0;1;1;1;0;0;0;1;0;factoryVariety;300;aborted_300_rounds;0;-24;3;0
609;203;2;1;1;0;1;1;0;0;0;0;0;0;0;0;1;0;0;0;1;0;0;1;0;7;2;0;1;2;3;2;0;0;0;0;1;0;eliteResidentProduction;300;aborted_300_rounds;0;-18;1;1
610;204;0;2;0;0;0;0;0;1;0;0;1;0;1;0;0;0;0;0;1;0;0;1;0;7;2;0;2;1;3;2;1;0;0;0;0;0;adaptiveResidentStrategy;300;aborted_300_rounds;0;-18;1;1
611;204;1;3;0;0;0;0;0;1;0;0;1;0;1;0;0;0;0;0;1;0;0;1;0;7;2;0;2;2;1;2;1;0;1;0;0;0;explorationFocus;300;aborted_300_rounds;0;-24;2;0
612;204;2;1;1;0;0;0;0;1;0;0;1;0;1;0;0;0;0;0;1;0;0;1;0;7;2;0;6;1;1;0;0;0;0;1;0;0;explorationFocus;300;aborted_300_rounds;0;-32;3;0
613;205;0;1;1;1;0;0;0;0;0;1;1;0;0;0;1;0;0;0;0;0;0;1;0;7;2;0;4;1;2;0;0;0;1;1;0;0;balanced;300;aborted_300_rounds;0;18;1;1
614;205;1;2;0;1;0;0;0;0;0;1;1;0;0;0;1;0;0;0;0;0;0;1;0;7;2;0;5;2;0;0;2;0;0;0;0;0;factoryVariety;300;aborted_300_rounds;0;18;1;1
615;205;2;3;0;1;0;0;0;0;0;1;1;0;0;0;1;0;0;0;0;0;0;1;0;7;2;0;3;1;2;1;0;0;1;0;1;0;eliteResidentProduction;300;aborted_300_rounds;0;18;1;1
616;206;0;1;1;0;0;1;0;1;0;1;1;0;0;0;0;0;0;0;0;0;0;0;1;7;2;0;5;1;0;1;1;0;1;0;0;0;adaptiveResidentStrategy;300;aborted_300_rounds;0;34;1;1
617;206;1;2;0;0;0;1;0;1;0;1;1;0;0;0;0;0;0;0;0;0;0;0;1;7;2;0;4;1;2;0;1;0;1;0;0;0;eliteResidentProduction;300;aborted_300_rounds;0;34;1;1
618;206;2;3;0;0;0;1;0;1;0;1;1;0;0;0;0;0;0;0;0;0;0;0;1;7;2;0;3;3;0;1;0;1;0;1;0;0;balanced;300;aborted_300_rounds;0;34;1;1
619;207;0;2;0;0;0;1;0;1;0;0;1;0;1;0;0;0;0;0;1;0;0;0;0;7;2;0;5;1;1;0;0;0;1;0;1;0;balanced;300;aborted_300_rounds;0;-18;1;1
620;207;1;3;0;0;0;1;0;1;0;0;1;0;1;0;0;0;0;0;1;0;0;0;0;7;2;0;4;3;0;0;2;0;0;0;0;0;factoryVariety;300;aborted_300_rounds;0;-20;2;0
621;207;2;1;1;0;0;1;0;1;0;0;1;0;1;0;0;0;0;0;1;0;0;0;0;7;2;0;4;0;3;1;0;0;1;0;0;0;adaptiveResidentStrategy;300;aborted_300_rounds;0;-18;1;1
622;208;0;2;0;0;1;0;0;0;0;1;0;1;0;0;0;0;1;0;0;0;0;0;1;7;2;0;3;2;1;1;0;0;1;0;1;0;explorationFocus;300;aborted_300_rounds;0;38;1;1
623;208;1;3;0;0;1;0;0;0;0;1;0;1;0;0;0;0;1;0;0;0;0;0;1;7;2;0;5;2;1;0;0;0;0;1;0;0;eliteResidentProduction;300;aborted_300_rounds;0;38;1;1
624;208;2;1;1;0;1;0;0;0;0;1;0;1;0;0;0;0;1;0;0;0;0;0;1;7;2;0;4;1;3;0;1;0;0;0;0;0;eliteResidentProduction;300;aborted_300_rounds;0;38;1;1
625;209;0;1;1;0;1;0;0;1;0;0;0;0;1;0;0;0;1;0;0;0;1;0;0;7;2;0;4;1;2;0;2;0;0;0;0;0;shipBuilding;300;aborted_300_rounds;0;10;1;1
626;209;1;2;0;0;1;0;0;1;0;0;0;0;1;0;0;0;1;0;0;0;1;0;0;7;2;0;2;2;2;1;0;1;1;0;0;0;eliteResidentProduction;300;aborted_300_rounds;0;10;1;1
627;209;2;3;0;0;1;0;0;1;0;0;0;0;1;0;0;0;1;0;0;0;1;0;0;7;2;0;5;1;1;0;0;0;0;1;1;0;adaptiveResidentStrategy;300;aborted_300_rounds;0;10;1;1
628;210;0;2;0;1;0;0;0;1;0;0;0;1;1;0;0;0;0;0;1;0;0;0;0;7;2;0;3;1;2;1;0;0;2;0;0;0;balanced;300;aborted_300_rounds;0;-24;2;0
629;210;1;3;0;1;0;0;0;1;0;0;0;1;1;0;0;0;0;0;1;0;0;0;0;7;2;0;5;3;0;0;0;1;0;0;0;0;eliteResidentProduction;300;aborted_300_rounds;0;-18;1;1
630;210;2;1;1;1;0;0;0;1;0;0;0;1;1;0;0;0;0;0;1;0;0;0;0;7;2;0;4;1;2;1;1;0;0;0;0;0;balanced;300;aborted_300_rounds;0;-24;2;0
631;211;0;1;1;1;0;0;0;1;0;1;0;1;0;0;1;0;0;0;0;0;0;0;0;7;2;0;4;0;2;1;1;0;1;0;0;0;eliteResidentProduction;300;aborted_300_rounds;0;18;1;1
632;211;1;2;0;1;0;0;0;1;0;1;0;1;0;0;1;0;0;0;0;0;0;0;0;7;2;0;2;4;0;1;1;0;1;0;0;0;explorationFocus;300;aborted_300_rounds;0;18;1;1
633;211;2;3;0;1;0;0;0;1;0;1;0;1;0;0;1;0;0;0;0;0;0;0;0;7;2;0;3;1;4;1;0;0;0;0;0;0;eliteResidentProduction;300;aborted_300_rounds;0;18;1;1
634;212;0;3;0;1;0;0;0;0;0;0;1;0;0;0;1;0;1;0;0;0;0;1;0;7;2;0;2;1;4;1;1;0;0;0;0;0;explorationFocus;300;aborted_300_rounds;0;10;1;1
635;212;1;1;1;1;0;0;0;0;0;0;1;0;0;0;1;0;1;0;0;0;0;1;0;7;2;0;4;1;1;1;1;0;1;0;0;0;adaptiveResidentStrategy;300;aborted_300_rounds;0;10;1;1
636;212;2;2;0;1;0;0;0;0;0;0;1;0;0;0;1;0;1;0;0;0;0;1;0;7;2;0;1;2;3;1;1;0;0;1;0;0;balanced;300;aborted_300_rounds;0;10;1;1
637;213;0;1;1;0;0;1;0;1;0;0;0;1;0;0;1;0;0;0;0;0;0;1;0;7;2;0;5;1;1;0;2;0;0;0;0;0;shipBuilding;300;aborted_300_rounds;0;6;1;1
638;213;1;2;0;0;0;1;0;1;0;0;0;1;0;0;1;0;0;0;0;0;0;1;0;7;2;0;4;2;1;1;1;0;0;0;0;0;adaptiveResidentStrategy;300;aborted_300_rounds;0;6;1;1
639;213;2;3;0;0;0;1;0;1;0;0;0;1;0;0;1;0;0;0;0;0;0;1;0;7;2;0;4;3;1;0;1;0;0;0;0;0;balanced;300;aborted_300_rounds;0;6;1;1
640;214;0;3;0;0;1;1;0;1;0;1;0;0;0;0;0;0;1;0;0;0;0;0;0;7;2;0;5;1;1;0;0;0;1;1;0;0;adaptiveResidentStrategy;300;aborted_300_rounds;0;34;1;1
641;214;1;1;1;0;1;1;0;1;0;1;0;0;0;0;0;0;1;0;0;0;0;0;0;7;2;0;3;4;1;0;0;0;1;0;0;0;adaptiveResidentStrategy;300;aborted_300_rounds;0;34;1;1
642;214;2;2;0;0;1;1;0;1;0;1;0;0;0;0;0;0;1;0;0;0;0;0;0;7;2;0;5;1;1;1;1;0;0;0;0;0;shipBuilding;300;aborted_300_rounds;0;34;1;1
643;215;0;3;0;1;1;0;0;0;0;0;1;1;1;0;0;0;0;0;0;0;0;0;0;7;2;0;2;1;2;2;0;0;0;2;0;0;explorationFocus;300;aborted_300_rounds;0;0;1;1
644;215;1;1;1;1;1;0;0;0;0;0;1;1;1;0;0;0;0;0;0;0;0;0;0;7;2;0;4;3;0;0;0;0;1;0;1;0;adaptiveResidentStrategy;300;aborted_300_rounds;0;0;1;1
645;215;2;2;0;1;1;0;0;0;0;0;1;1;1;0;0;0;0;0;0;0;0;0;0;7;2;0;4;2;1;0;1;0;1;0;0;0;eliteResidentProduction;300;aborted_300_rounds;0;0;1;1
646;216;0;2;0;1;0;0;0;0;0;0;1;0;0;0;1;0;1;0;0;0;1;0;0;7;2;0;4;3;0;1;0;1;0;0;0;0;factoryVariety;300;aborted_300_rounds;0;10;1;1
647;216;1;3;0;1;0;0;0;0;0;0;1;0;0;0;1;0;1;0;0;0;1;0;0;7;2;0;3;2;0;2;0;0;0;1;1;0;adaptiveResidentStrategy;300;aborted_300_rounds;0;10;1;1
648;216;2;1;1;1;0;0;0;0;0;0;1;0;0;0;1;0;1;0;0;0;1;0;0;7;2;0;6;0;1;0;1;0;0;1;0;0;eliteResidentProduction;300;aborted_300_rounds;0;10;1;1
649;217;0;3;0;1;0;0;0;0;0;0;1;0;1;0;0;0;0;0;1;0;1;0;0;7;2;0;5;1;2;0;1;0;0;0;0;0;shipBuilding;300;aborted_300_rounds;0;-24;1;1
650;217;1;1;1;1;0;0;0;0;0;0;1;0;1;0;0;0;0;0;1;0;1;0;0;7;2;0;5;2;1;0;0;0;0;1;0;0;shipBuilding;300;aborted_300_rounds;0;-24;1;1
651;217;2;2;0;1;0;0;0;0;0;0;1;0;1;0;0;0;0;0;1;0;1;0;0;7;2;0;3;2;3;1;0;0;0;0;0;0;factoryVariety;300;aborted_300_rounds;0;-40;2;0
652;218;0;2;0;1;0;1;0;1;0;0;0;0;0;0;0;0;0;0;1;0;0;1;0;7;2;0;6;0;1;0;0;1;0;0;1;0;explorationFocus;300;aborted_300_rounds;0;-26;2;0
653;218;1;3;0;1;0;1;0;1;0;0;0;0;0;0;0;0;0;0;1;0;0;1;0;7;2;0;3;1;3;1;0;0;0;1;0;0;balanced;300;aborted_300_rounds;0;-18;1;1
654;218;2;1;1;1;0;1;0;1;0;0;0;0;0;0;0;0;0;0;1;0;0;1;0;7;2;0;3;1;1;2;1;0;0;1;0;0;eliteResidentProduction;300;aborted_300_rounds;0;-18;1;1
655;219;0;1;1;1;1;0;0;1;0;1;0;0;0;0;0;0;0;0;0;0;0;1;0;7;2;0;6;1;1;0;0;0;0;0;1;0;explorationFocus;300;aborted_300_rounds;0;18;1;1
656;219;1;2;0;1;1;0;0;1;0;1;0;0;0;0;0;0;0;0;0;0;0;1;0;7;2;0;4;2;2;0;1;0;0;0;0;0;eliteResidentProduction;300;aborted_300_rounds;0;18;1;1
657;219;2;3;0;1;1;0;0;1;0;1;0;0;0;0;0;0;0;0;0;0;0;1;0;7;2;0;3;0;3;1;2;0;0;0;0;0;eliteResidentProduction;300;aborted_300_rounds;0;18;1;1
658;220;0;1;1;1;0;1;0;0;0;0;0;0;0;0;0;0;1;0;0;0;1;1;0;7;2;0;3;2;2;1;0;1;0;0;0;0;adaptiveResidentStrategy;300;aborted_300_rounds;0;16;1;1
659;220;1;2;0;1;0;1;0;0;0;0;0;0;0;0;0;0;1;0;0;0;1;1;0;7;2;0;5;1;2;0;1;0;0;0;0;0;adaptiveResidentStrategy;300;aborted_300_rounds;0;16;1;1
660;220;2;3;0;1;0;1;0;0;0;0;0;0;0;0;0;0;1;0;0;0;1;1;0;7;2;0;2;3;1;2;0;0;1;0;0;0;factoryVariety;300;aborted_300_rounds;0;16;1;1
661;221;0;1;1;0;0;0;0;1;0;1;1;1;0;0;0;0;0;0;0;0;1;0;0;7;2;0;3;5;1;0;0;0;0;0;0;0;eliteResidentProduction;300;aborted_300_rounds;0;18;1;1
662;221;1;2;0;0;0;0;0;1;0;1;1;1;0;0;0;0;0;0;0;0;1;0;0;7;2;0;5;0;1;1;1;0;0;0;1;0;explorationFocus;300;aborted_300_rounds;0;18;1;1
663;221;2;3;0;0;0;0;0;1;0;1;1;1;0;0;0;0;0;0;0;0;1;0;0;7;2;0;3;2;1;2;1;0;0;0;0;0;shipBuilding;300;aborted_300_rounds;0;18;1;1
664;222;0;1;1;0;1;1;0;0;0;1;1;0;0;0;0;0;0;0;0;0;1;0;0;7;2;0;4;1;2;1;1;0;0;0;0;0;eliteResidentProduction;300;aborted_300_rounds;0;24;1;1
665;222;1;2;0;0;1;1;0;0;0;1;1;0;0;0;0;0;0;0;0;0;1;0;0;7;2;0;4;1;2;2;0;0;0;0;0;0;explorationFocus;300;aborted_300_rounds;0;24;1;1
666;222;2;3;0;0;1;1;0;0;0;1;1;0;0;0;0;0;0;0;0;0;1;0;0;7;2;0;5;2;0;1;1;0;0;0;0;0;explorationFocus;300;aborted_300_rounds;0;24;1;1
667;223;0;2;0;0;1;0;0;0;0;1;0;1;0;0;0;0;0;0;1;0;0;1;0;7;2;0;4;1;1;1;2;0;0;0;0;0;adaptiveResidentStrategy;300;aborted_300_rounds;0;0;1;1
668;223;1;3;0;0;1;0;0;0;0;1;0;1;0;0;0;0;0;0;1;0;0;1;0;7;2;0;3;3;2;0;0;0;0;1;0;0;balanced;300;aborted_300_rounds;0;-6;2;0
669;223;2;1;1;0;1;0;0;0;0;1;0;1;0;0;0;0;0;0;1;0;0;1;0;7;2;0;4;1;1;1;1;0;1;0;0;0;balanced;300;aborted_300_rounds;0;-6;2;0
670;224;0;2;0;1;1;0;0;0;0;1;0;0;0;0;0;0;1;0;1;0;0;0;0;7;2;0;5;0;1;1;1;0;1;0;0;0;explorationFocus;300;aborted_300_rounds;0;-12;2;0
671;224;1;3;0;1;1;0;0;0;0;1;0;0;0;0;0;0;1;0;1;0;0;0;0;7;2;0;4;1;2;0;0;0;0;1;1;0;explorationFocus;300;aborted_300_rounds;0;4;1;1
672;224;2;1;1;1;1;0;0;0;0;1;0;0;0;0;0;0;1;0;1;0;0;0;0;7;2;0;3;0;3;2;0;1;0;0;0;0;explorationFocus;300;aborted_300_rounds;0;4;1;1
673;225;0;3;0;1;0;0;0;0;0;0;0;0;1;0;1;0;0;0;0;0;0;1;1;7;2;0;3;1;3;0;0;1;0;1;0;0;adaptiveResidentStrategy;300;aborted_300_rounds;0;10;1;1
674;225;1;1;1;1;0;0;0;0;0;0;0;0;1;0;1;0;0;0;0;0;0;1;1;7;2;0;3;1;3;1;1;0;0;0;0;0;eliteResidentProduction;300;aborted_300_rounds;0;10;1;1
675;225;2;2;0;1;0;0;0;0;0;0;0;0;1;0;1;0;0;0;0;0;0;1;1;7;2;0;3;2;1;1;1;0;1;0;0;0;eliteResidentProduction;300;aborted_300_rounds;0;10;1;1
676;226;0;2;0;0;1;0;0;1;0;1;0;0;0;0;0;0;1;0;0;0;0;1;0;7;2;0;3;3;3;0;0;0;0;0;0;0;eliteResidentProduction;300;aborted_300_rounds;0;28;1;1
677;226;1;3;0;0;1;0;0;1;0;1;0;0;0;0;0;0;1;0;0;0;0;1;0;7;2;0;4;1;1;1;0;0;1;1;0;0;shipBuilding;300;aborted_300_rounds;0;28;1;1
678;226;2;1;1;0;1;0;0;1;0;1;0;0;0;0;0;0;1;0;0;0;0;1;0;7;2;0;4;0;2;1;1;0;1;0;0;0;eliteResidentProduction;300;aborted_300_rounds;0;28;1;1
679;227;0;2;0;1;1;0;0;0;0;0;1;0;0;0;1;0;0;0;1;0;0;0;0;7;2;0;5;3;0;0;0;0;1;0;0;0;eliteResidentProduction;300;aborted_300_rounds;0;-26;2;0
680;227;1;3;0;1;1;0;0;0;0;0;1;0;0;0;1;0;0;0;1;0;0;0;0;7;2;0;2;3;1;1;0;0;0;1;1;0;eliteResidentProduction;300;aborted_300_rounds;0;-18;1;1
681;227;2;1;1;1;1;0;0;0;0;0;1;0;0;0;1;0;0;0;1;0;0;0;0;7;2;0;5;0;2;0;1;0;0;0;1;0;eliteResidentProduction;300;aborted_300_rounds;0;-18;1;1
682;228;0;2;0;0;0;1;0;1;0;1;0;0;0;0;0;0;1;0;1;0;0;0;0;7;2;0;6;1;1;0;0;0;0;1;0;0;factoryVariety;300;aborted_300_rounds;0;-6;2;0
683;228;1;3;0;0;0;1;0;1;0;1;0;0;0;0;0;0;1;0;1;0;0;0;0;7;2;0;3;2;2;0;1;1;0;0;0;0;explorationFocus;300;aborted_300_rounds;0;10;1;1
684;228;2;1;1;0;0;1;0;1;0;1;0;0;0;0;0;0;1;0;1;0;0;0;0;7;2;0;3;1;1;2;1;0;1;0;0;0;eliteResidentProduction;300;aborted_300_rounds;0;10;1;1
685;229;0;2;0;0;0;1;0;0;0;0;0;1;1;0;0;0;0;0;0;0;1;0;1;7;2;0;4;1;2;0;1;1;0;0;0;0;eliteResidentProduction;300;aborted_300_rounds;0;16;1;1
686;229;1;3;0;0;0;1;0;0;0;0;0;1;1;0;0;0;0;0;0;0;1;0;1;7;2;0;3;0;1;3;1;0;1;0;0;0;factoryVariety;300;aborted_300_rounds;0;16;1;1
687;229;2;1;1;0;0;1;0;0;0;0;0;1;1;0;0;0;0;0;0;0;1;0;1;7;2;0;3;2;2;1;0;0;1;0;0;0;factoryVariety;300;aborted_300_rounds;0;16;1;1
688;230;0;1;1;0;0;0;0;1;0;1;1;0;0;0;1;0;0;0;0;0;1;0;0;7;2;0;3;4;0;2;0;0;0;0;0;0;eliteResidentProduction;300;aborted_300_rounds;0;18;1;1
689;230;1;2;0;0;0;0;0;1;0;1;1;0;0;0;1;0;0;0;0;0;1;0;0;7;2;0;5;0;1;1;1;0;1;0;0;0;factoryVariety;300;aborted_300_rounds;0;18;1;1
690;230;2;3;0;0;0;0;0;1;0;1;1;0;0;0;1;0;0;0;0;0;1;0;0;7;2;0;5;1;1;1;0;1;0;0;0;0;adaptiveResidentStrategy;300;aborted_300_rounds;0;18;1;1
691;231;0;3;0;0;1;1;0;0;0;0;1;0;0;0;0;0;1;0;0;0;0;0;1;7;2;0;4;1;2;0;2;0;0;0;0;0;explorationFocus;300;aborted_300_rounds;0;26;1;1
692;231;1;1;1;0;1;1;0;0;0;0;1;0;0;0;0;0;1;0;0;0;0;0;1;7;2;0;2;1;0;4;1;0;1;0;0;0;balanced;300;aborted_300_rounds;0;26;1;1
693;231;2;2;0;0;1;1;0;0;0;0;1;0;0;0;0;0;1;0;0;0;0;0;1;7;2;0;3;0;3;1;0;0;2;0;0;0;explorationFocus;300;aborted_300_rounds;0;26;1;1
694;232;0;1;1;0;1;0;0;0;0;0;0;1;1;0;0;0;1;0;0;0;1;0;0;7;2;0;4;3;1;0;0;1;0;0;0;0;shipBuilding;300;aborted_300_rounds;0;10;1;1
695;232;1;2;0;0;1;0;0;0;0;0;0;1;1;0;0;0;1;0;0;0;1;0;0;7;2;0;4;1;2;1;0;1;0;0;0;0;factoryVariety;300;aborted_300_rounds;0;10;1;1
696;232;2;3;0;0;1;0;0;0;0;0;0;1;1;0;0;0;1;0;0;0;1;0;0;7;2;0;5;1;0;1;0;0;1;1;0;0;explorationFocus;300;aborted_300_rounds;0;10;1;1
697;233;0;1;1;0;0;1;0;0;0;0;1;0;0;0;0;0;1;0;1;0;0;1;0;7;2;0;3;0;3;1;1;0;0;1;0;0;shipBuilding;300;aborted_300_rounds;0;-8;1;1
698;233;1;2;0;0;0;1;0;0;0;0;1;0;0;0;0;0;1;0;1;0;0;1;0;7;2;0;5;1;1;0;2;0;0;0;0;0;balanced;300;aborted_300_rounds;0;-8;1;1
699;233;2;3;0;0;0;1;0;0;0;0;1;0;0;0;0;0;1;0;1;0;0;1;0;7;2;0;2;4;0;2;1;0;0;0;0;0;explorationFocus;300;aborted_300_rounds;0;-16;2;0
700;234;0;1;1;0;1;1;0;0;0;0;1;0;0;0;0;0;0;0;1;0;0;0;1;7;2;0;1;2;3;1;0;1;1;0;0;0;factoryVariety;300;aborted_300_rounds;0;-24;2;0
701;234;1;2;0;0;1;1;0;0;0;0;1;0;0;0;0;0;0;0;1;0;0;0;1;7;2;0;4;2;0;1;0;0;2;0;0;0;balanced;300;aborted_300_rounds;0;-14;1;1
702;234;2;3;0;0;1;1;0;0;0;0;1;0;0;0;0;0;0;0;1;0;0;0;1;7;2;0;3;1;3;0;0;0;0;2;0;0;balanced;300;aborted_300_rounds;0;-14;1;1
703;235;0;1;1;0;1;0;0;0;0;0;1;1;0;0;0;0;1;0;0;0;0;1;0;7;2;0;4;0;1;2;1;0;1;0;0;0;factoryVariety;300;aborted_300_rounds;0;10;1;1
704;235;1;2;0;0;1;0;0;0;0;0;1;1;0;0;0;0;1;0;0;0;0;1;0;7;2;0;2;3;2;2;0;0;0;0;0;0;eliteResidentProduction;300;aborted_300_rounds;0;10;1;1
705;235;2;3;0;0;1;0;0;0;0;0;1;1;0;0;0;0;1;0;0;0;0;1;0;7;2;0;5;1;1;0;1;1;0;0;0;0;shipBuilding;300;aborted_300_rounds;0;10;1;1
706;236;0;2;0;0;1;1;0;1;0;0;0;0;0;0;0;0;0;0;0;0;1;0;1;7;2;0;6;2;0;0;0;0;1;0;0;0;factoryVariety;300;aborted_300_rounds;0;16;1;1
707;236;1;3;0;0;1;1;0;1;0;0;0;0;0;0;0;0;0;0;0;0;1;0;1;7;2;0;3;0;2;2;0;0;0;1;1;0;adaptiveResidentStrategy;300;aborted_300_rounds;0;10;2;0
708;236;2;1;1;0;1;1;0;1;0;0;0;0;0;0;0;0;0;0;0;0;1;0;1;7;2;0;3;1;2;1;0;1;0;0;1;0;eliteResidentProduction;300;aborted_300_rounds;0;10;2;0
709;237;0;2;0;1;1;0;0;0;0;0;0;0;0;0;0;0;1;0;1;0;0;0;1;7;2;0;1;1;4;2;0;0;0;1;0;0;balanced;300;aborted_300_rounds;0;-10;1;1
710;237;1;3;0;1;1;0;0;0;0;0;0;0;0;0;0;0;1;0;1;0;0;0;1;7;2;0;2;3;1;1;1;0;1;0;0;0;balanced;300;aborted_300_rounds;0;-10;1;1
711;237;2;1;1;1;1;0;0;0;0;0;0;0;0;0;0;0;1;0;1;0;0;0;1;7;2;0;5;0;2;0;1;0;1;0;0;0;shipBuilding;300;aborted_300_rounds;0;-12;2;0
712;238;0;1;1;0;1;1;0;0;0;0;1;0;0;0;0;0;1;0;0;0;1;0;0;7;2;0;4;0;2;1;0;0;1;0;1;0;explorationFocus;300;aborted_300_rounds;0;16;1;1
713;238;1;2;0;0;1;1;0;0;0;0;1;0;0;0;0;0;1;0;0;0;1;0;0;7;2;0;4;2;0;1;0;0;2;0;0;0;explorationFocus;300;aborted_300_rounds;0;16;1;1
714;238;2;3;0;0;1;1;0;0;0;0;1;0;0;0;0;0;1;0;0;0;1;0;0;7;2;0;4;1;2;0;1;0;0;1;0;0;balanced;300;aborted_300_rounds;0;16;1;1
715;239;0;2;0;0;0;0;0;0;0;0;0;0;1;0;1;0;1;0;1;0;1;0;0;7;2;0;2;2;3;0;0;0;0;1;1;0;adaptiveResidentStrategy;300;aborted_300_rounds;0;-8;1;1
716;239;1;3;0;0;0;0;0;0;0;0;0;0;1;0;1;0;1;0;1;0;1;0;0;7;2;0;3;0;1;3;1;0;1;0;0;0;factoryVariety;300;aborted_300_rounds;0;-30;2;0
717;239;2;1;1;0;0;0;0;0;0;0;0;0;1;0;1;0;1;0;1;0;1;0;0;7;2;0;5;1;2;0;0;1;0;0;0;0;eliteResidentProduction;300;aborted_300_rounds;0;-8;1;1
718;240;0;1;1;0;0;0;0;1;0;0;1;1;0;0;0;0;1;0;0;0;1;0;0;7;2;0;4;0;2;1;1;0;0;0;1;0;shipBuilding;300;aborted_300_rounds;0;10;1;1
719;240;1;2;0;0;0;0;0;1;0;0;1;1;0;0;0;0;1;0;0;0;1;0;0;7;2;0;3;3;1;0;1;0;0;0;1;0;factoryVariety;300;aborted_300_rounds;0;10;1;1
720;240;2;3;0;0;0;0;0;1;0;0;1;1;0;0;0;0;1;0;0;0;1;0;0;7;2;0;2;3;1;2;0;0;0;1;0;0;explorationFocus;300;aborted_300_rounds;0;10;1;1
721;241;0;3;0;1;0;0;0;1;0;0;0;0;1;0;1;0;1;0;0;0;0;0;0;7;2;0;3;3;1;0;1;0;0;1;0;0;explorationFocus;300;aborted_300_rounds;0;10;1;1
722;241;1;1;1;1;0;0;0;1;0;0;0;0;1;0;1;0;1;0;0;0;0;0;0;7;2;0;4;2;0;1;0;0;1;1;0;0;balanced;300;aborted_300_rounds;0;10;1;1
723;241;2;2;0;1;0;0;0;1;0;0;0;0;1;0;1;0;1;0;0;0;0;0;0;7;2;0;2;2;4;1;0;0;0;0;0;0;shipBuilding;300;aborted_300_rounds;0;10;1;1
724;242;0;2;0;1;0;0;0;0;0;1;0;0;1;0;0;0;1;0;0;0;0;0;1;7;2;0;4;0;2;1;1;0;0;1;0;0;adaptiveResidentStrategy;300;aborted_300_rounds;0;38;1;1
725;242;1;3;0;1;0;0;0;0;0;1;0;0;1;0;0;0;1;0;0;0;0;0;1;7;2;0;3;0;4;0;0;0;1;1;0;0;eliteResidentProduction;300;aborted_300_rounds;0;38;1;1
726;242;2;1;1;1;0;0;0;0;0;1;0;0;1;0;0;0;1;0;0;0;0;0;1;7;2;0;5;2;2;0;0;0;0;0;0;0;adaptiveResidentStrategy;300;aborted_300_rounds;0;38;1;1
727;243;0;2;0;1;1;1;0;0;0;1;0;0;0;0;0;0;0;0;0;0;0;1;0;7;2;0;5;1;1;0;1;0;1;0;0;0;factoryVariety;300;aborted_300_rounds;0;24;1;1
728;243;1;3;0;1;1;1;0;0;0;1;0;0;0;0;0;0;0;0;0;0;0;1;0;7;2;0;5;1;0;1;1;0;1;0;0;0;eliteResidentProduction;300;aborted_300_rounds;0;24;1;1
729;243;2;1;1;1;1;1;0;0;0;1;0;0;0;0;0;0;0;0;0;0;0;1;0;7;2;0;2;3;2;0;0;1;0;1;0;0;balanced;300;aborted_300_rounds;0;24;1;1
730;244;0;2;0;1;0;1;0;1;0;0;0;1;0;0;0;0;0;0;0;0;1;0;0;7;2;0;4;2;1;1;1;0;0;0;0;0;balanced;300;aborted_300_rounds;0;6;1;1
731;244;1;3;0;1;0;1;0;1;0;0;0;1;0;0;0;0;0;0;0;0;1;0;0;7;2;0;3;3;1;1;0;1;0;0;0;0;adaptiveResidentStrategy;300;aborted_300_rounds;0;6;1;1
732;244;2;1;1;1;0;1;0;1;0;0;0;1;0;0;0;0;0;0;0;0;1;0;0;7;2;0;5;1;1;0;1;0;1;0;0;0;eliteResidentProduction;300;aborted_300_rounds;0;6;1;1
733;245;0;1;1;1;0;1;0;0;0;1;0;1;1;0;0;0;0;0;0;0;0;0;0;7;2;0;5;1;3;0;0;0;0;0;0;0;shipBuilding;300;aborted_300_rounds;0;24;1;1
734;245;1;2;0;1;0;1;0;0;0;1;0;1;1;0;0;0;0;0;0;0;0;0;0;7;2;0;5;0;2;0;0;0;1;1;0;0;balanced;300;aborted_300_rounds;0;24;1;1
735;245;2;3;0;1;0;1;0;0;0;1;0;1;1;0;0;0;0;0;0;0;0;0;0;7;2;0;5;1;2;0;0;1;0;0;0;0;factoryVariety;300;aborted_300_rounds;0;24;1;1
736;246;0;3;0;0;1;1;0;0;0;0;0;0;0;0;0;0;1;0;0;0;1;1;0;7;2;0;4;0;2;1;0;0;2;0;0;0;balanced;300;aborted_300_rounds;0;16;1;1
737;246;1;1;1;0;1;1;0;0;0;0;0;0;0;0;0;0;1;0;0;0;1;1;0;7;2;0;1;1;3;2;1;1;0;0;0;0;eliteResidentProduction;300;aborted_300_rounds;0;16;1;1
738;246;2;2;0;0;1;1;0;0;0;0;0;0;0;0;0;0;1;0;0;0;1;1;0;7;2;0;3;4;1;0;0;1;0;0;0;0;explorationFocus;300;aborted_300_rounds;0;16;1;1
739;247;0;2;0;0;0;0;0;1;0;0;0;0;1;0;1;0;0;0;1;0;1;0;0;7;2;0;5;1;2;0;1;0;0;0;0;0;shipBuilding;300;aborted_300_rounds;0;-24;1;1
740;247;1;3;0;0;0;0;0;1;0;0;0;0;1;0;1;0;0;0;1;0;1;0;0;7;2;0;1;3;2;1;0;0;1;1;0;0;shipBuilding;300;aborted_300_rounds;0;-24;1;1
741;247;2;1;1;0;0;0;0;1;0;0;0;0;1;0;1;0;0;0;1;0;1;0;0;7;2;0;4;1;2;0;0;1;1;0;0;0;eliteResidentProduction;300;aborted_300_rounds;0;-26;2;0
742;248;0;2;0;0;0;1;0;1;0;0;0;0;1;0;0;0;1;0;1;0;0;0;0;7;2;0;2;2;3;1;0;1;0;0;0;0;shipBuilding;300;aborted_300_rounds;0;-8;1;1
743;248;1;3;0;0;0;1;0;1;0;0;0;0;1;0;0;0;1;0;1;0;0;0;0;7;2;0;3;3;2;0;1;0;0;0;0;0;adaptiveResidentStrategy;300;aborted_300_rounds;0;-8;1;1
744;248;2;1;1;0;0;1;0;1;0;0;0;0;1;0;0;0;1;0;1;0;0;0;0;7;2;0;4;1;1;1;1;0;0;1;0;0;balanced;300;aborted_300_rounds;0;-8;1;1
745;249;0;2;0;1;1;0;0;0;0;0;0;1;0;0;0;0;0;0;1;0;1;0;0;7;2;0;3;1;3;0;1;1;0;0;0;0;eliteResidentProduction;300;aborted_300_rounds;0;-18;1;1
746;249;1;3;0;1;1;0;0;0;0;0;0;1;0;0;0;0;0;0;1;0;1;0;0;7;2;0;4;0;1;2;1;0;1;0;0;0;factoryVariety;300;aborted_300_rounds;0;-40;3;0
747;249;2;1;1;1;1;0;0;0;0;0;0;1;0;0;0;0;0;0;1;0;1;0;0;7;2;0;2;2;2;1;1;0;0;0;1;0;balanced;300;aborted_300_rounds;0;-24;2;0
748;250;0;2;0;0;1;0;0;1;0;1;0;1;0;0;1;0;0;0;0;0;0;0;0;7;2;0;3;1;2;1;1;0;0;1;0;0;factoryVariety;300;aborted_300_rounds;0;18;1;1
749;250;1;3;0;0;1;0;0;1;0;1;0;1;0;0;1;0;0;0;0;0;0;0;0;7;2;0;3;0;2;2;0;1;1;0;0;0;adaptiveResidentStrategy;300;aborted_300_rounds;0;18;1;1
750;250;2;1;1;0;1;0;0;1;0;1;0;1;0;0;1;0;0;0;0;0;0;0;0;7;2;0;5;3;0;0;0;0;0;1;0;0;shipBuilding;300;aborted_300_rounds;0;18;1;1
751;251;0;2;0;1;1;0;0;0;0;0;0;1;0;0;0;0;1;0;1;0;0;0;0;7;2;0;4;1;1;1;1;0;0;1;0;0;factoryVariety;300;aborted_300_rounds;0;-18;2;0
752;251;1;3;0;1;1;0;0;0;0;0;0;1;0;0;0;0;1;0;1;0;0;0;0;7;2;0;2;4;1;2;0;0;0;0;0;0;explorationFocus;300;aborted_300_rounds;0;-14;1;1
753;251;2;1;1;1;1;0;0;0;0;0;0;1;0;0;0;0;1;0;1;0;0;0;0;7;2;0;4;1;1;1;2;0;0;0;0;0;factoryVariety;300;aborted_300_rounds;0;-22;3;0
754;252;0;1;1;0;0;1;0;0;0;1;1;1;0;0;0;0;0;0;0;0;0;1;0;7;2;0;2;2;2;1;0;0;1;1;0;0;eliteResidentProduction;300;aborted_300_rounds;0;24;1;1
755;252;1;2;0;0;0;1;0;0;0;1;1;1;0;0;0;0;0;0;0;0;0;1;0;7;2;0;6;0;0;1;2;0;0;0;0;0;adaptiveResidentStrategy;300;aborted_300_rounds;0;24;1;1
756;252;2;3;0;0;0;1;0;0;0;1;1;1;0;0;0;0;0;0;0;0;0;1;0;7;2;0;3;2;3;0;0;0;0;1;0;0;eliteResidentProduction;300;aborted_300_rounds;0;24;1;1
757;253;0;3;0;0;0;0;0;0;0;1;0;1;1;0;0;0;1;0;1;0;0;0;0;7;2;0;2;2;4;0;0;0;1;0;0;0;explorationFocus;300;aborted_300_rounds;0;4;2;0
758;253;1;1;1;0;0;0;0;0;0;1;0;1;1;0;0;0;1;0;1;0;0;0;0;7;2;0;4;2;1;0;1;0;1;0;0;0;adaptiveResidentStrategy;300;aborted_300_rounds;0;10;1;1
759;253;2;2;0;0;0;0;0;0;0;1;0;1;1;0;0;0;1;0;1;0;0;0;0;7;2;0;5;0;0;2;0;0;1;0;1;0;balanced;300;aborted_300_rounds;0;4;2;0
760;254;0;2;0;1;1;1;0;0;0;0;0;0;0;0;0;0;1;0;1;0;0;0;0;7;2;0;3;1;2;1;0;1;0;0;1;0;factoryVariety;300;aborted_300_rounds;0;-16;2;0
761;254;1;3;0;1;1;1;0;0;0;0;0;0;0;0;0;0;1;0;1;0;0;0;0;7;2;0;3;1;3;1;0;0;1;0;0;0;eliteResidentProduction;300;aborted_300_rounds;0;-8;1;1
762;254;2;1;1;1;1;1;0;0;0;0;0;0;0;0;0;0;1;0;1;0;0;0;0;7;2;0;4;2;0;1;1;0;0;1;0;0;factoryVariety;300;aborted_300_rounds;0;-16;2;0
763;255;0;2;0;0;0;0;0;0;0;1;0;0;1;0;1;0;1;0;0;0;0;1;0;7;2;0;4;2;0;1;1;1;0;0;0;0;balanced;300;aborted_300_rounds;0;28;1;1
764;255;1;3;0;0;0;0;0;0;0;1;0;0;1;0;1;0;1;0;0;0;0;1;0;7;2;0;4;3;0;0;1;1;0;0;0;0;eliteResidentProduction;300;aborted_300_rounds;0;28;1;1
765;255;2;1;1;0;0;0;0;0;0;1;0;0;1;0;1;0;1;0;0;0;0;1;0;7;2;0;3;0;4;0;0;0;2;0;0;0;balanced;300;aborted_300_rounds;0;28;1;1
766;256;0;2;0;0;1;0;0;1;0;1;0;0;0;0;1;0;0;0;0;0;1;0;0;7;2;0;3;3;2;1;0;0;0;0;0;0;explorationFocus;300;aborted_300_rounds;0;18;1;1
767;256;1;3;0;0;1;0;0;1;0;1;0;0;0;0;1;0;0;0;0;0;1;0;0;7;2;0;2;2;3;0;1;1;0;0;0;0;factoryVariety;300;aborted_300_rounds;0;18;1;1
768;256;2;1;1;0;1;0;0;1;0;1;0;0;0;0;1;0;0;0;0;0;1;0;0;7;2;0;3;0;3;1;1;0;1;0;0;0;adaptiveResidentStrategy;300;aborted_300_rounds;0;18;1;1
769;257;0;1;1;1;0;0;0;0;0;1;0;0;1;0;0;0;1;0;0;0;1;0;0;7;2;0;5;0;2;0;2;0;0;0;0;0;explorationFocus;300;aborted_300_rounds;0;28;1;1
770;257;1;2;0;1;0;0;0;0;0;1;0;0;1;0;0;0;1;0;0;0;1;0;0;7;2;0;4;1;1;1;0;0;1;0;1;0;factoryVariety;300;aborted_300_rounds;0;28;1;1
771;257;2;3;0;1;0;0;0;0;0;1;0;0;1;0;0;0;1;0;0;0;1;0;0;7;2;0;4;0;2;2;0;0;0;0;1;0;balanced;300;aborted_300_rounds;0;28;1;1
772;258;0;1;1;0;1;0;0;0;0;0;0;1;1;0;1;0;1;0;0;0;0;0;0;7;2;0;5;1;1;0;0;1;1;0;0;0;eliteResidentProduction;300;aborted_300_rounds;0;10;1;1
773;258;1;2;0;0;1;0;0;0;0;0;0;1;1;0;1;0;1;0;0;0;0;0;0;7;2;0;3;2;1;1;1;0;1;0;0;0;eliteResidentProduction;300;aborted_300_rounds;0;10;1;1
774;258;2;3;0;0;1;0;0;0;0;0;0;1;1;0;1;0;1;0;0;0;0;0;0;7;2;0;3;2;1;2;0;0;1;0;0;0;adaptiveResidentStrategy;300;aborted_300_rounds;0;10;1;1
775;259;0;1;1;1;1;0;0;0;0;0;1;0;0;0;1;0;1;0;0;0;0;0;0;7;2;0;4;1;3;0;0;0;1;0;0;0;factoryVariety;300;aborted_300_rounds;0;10;1;1
776;259;1;2;0;1;1;0;0;0;0;0;1;0;0;0;1;0;1;0;0;0;0;0;0;7;2;0;3;4;0;0;0;0;2;0;0;0;eliteResidentProduction;300;aborted_300_rounds;0;10;1;1
777;259;2;3;0;1;1;0;0;0;0;0;1;0;0;0;1;0;1;0;0;0;0;0;0;7;2;0;3;1;2;2;0;1;0;0;0;0;balanced;300;aborted_300_rounds;0;10;1;1
778;260;0;2;0;1;0;1;0;1;0;0;0;0;1;0;0;0;1;0;0;0;0;0;0;7;2;0;3;1;3;1;1;0;0;0;0;0;adaptiveResidentStrategy;300;aborted_300_rounds;0;16;1;1
779;260;1;3;0;1;0;1;0;1;0;0;0;0;1;0;0;0;1;0;0;0;0;0;0;7;2;0;5;1;0;2;1;0;0;0;0;0;balanced;300;aborted_300_rounds;0;16;1;1
780;260;2;1;1;1;0;1;0;1;0;0;0;0;1;0;0;0;1;0;0;0;0;0;0;7;2;0;1;3;2;1;1;0;0;1;0;0;adaptiveResidentStrategy;300;aborted_300_rounds;0;16;1;1
781;261;0;3;0;1;1;0;0;0;0;1;0;0;0;0;1;0;0;0;1;0;0;0;0;7;2;0;4;1;1;2;0;0;1;0;0;0;factoryVariety;300;aborted_300_rounds;0;-14;2;0
782;261;1;1;1;1;1;0;0;0;0;1;0;0;0;0;1;0;0;0;1;0;0;0;0;7;2;0;4;3;0;1;0;0;1;0;0;0;factoryVariety;300;aborted_300_rounds;0;-14;2;0
783;261;2;2;0;1;1;0;0;0;0;1;0;0;0;0;1;0;0;0;1;0;0;0;0;7;2;0;3;1;3;0;2;0;0;0;0;0;explorationFocus;300;aborted_300_rounds;0;-6;1;1
784;262;0;2;0;0;0;1;0;1;0;0;1;0;0;0;0;0;0;0;0;0;1;1;0;7;2;0;0;3;1;3;1;0;1;0;0;0;shipBuilding;300;aborted_300_rounds;0;6;1;1
785;262;1;3;0;0;0;1;0;1;0;0;1;0;0;0;0;0;0;0;0;0;1;1;0;7;2;0;4;0;1;2;0;1;1;0;0;0;explorationFocus;300;aborted_300_rounds;0;6;1;1
786;262;2;1;1;0;0;1;0;1;0;0;1;0;0;0;0;0;0;0;0;0;1;1;0;7;2;0;4;1;2;0;1;1;0;0;0;0;eliteResidentProduction;300;aborted_300_rounds;0;6;1;1
787;263;0;2;0;0;0;1;0;1;0;0;0;1;0;0;1;0;0;0;1;0;0;0;0;7;2;0;1;2;2;3;0;0;0;1;0;0;shipBuilding;300;aborted_300_rounds;0;-18;1;1
788;263;1;3;0;0;0;1;0;1;0;0;0;1;0;0;1;0;0;0;1;0;0;0;0;7;2;0;2;3;2;1;0;0;1;0;0;0;factoryVariety;300;aborted_300_rounds;0;-26;2;0
789;263;2;1;1;0;0;1;0;1;0;0;0;1;0;0;1;0;0;0;1;0;0;0;0;7;2;0;4;0;2;1;1;0;1;0;0;0;explorationFocus;300;aborted_300_rounds;0;-18;1;1
790;264;0;3;0;0;0;0;0;1;0;1;0;0;0;0;1;0;1;0;0;0;1;0;0;7;2;0;5;3;0;0;1;0;0;0;0;0;factoryVariety;300;aborted_300_rounds;0;28;1;1
791;264;1;1;1;0;0;0;0;1;0;1;0;0;0;0;1;0;1;0;0;0;1;0;0;7;2;0;2;1;2;2;0;1;0;1;0;0;adaptiveResidentStrategy;300;aborted_300_rounds;0;28;1;1
792;264;2;2;0;0;0;0;0;1;0;1;0;0;0;0;1;0;1;0;0;0;1;0;0;7;2;0;3;2;1;1;1;1;0;0;0;0;eliteResidentProduction;300;aborted_300_rounds;0;28;1;1
793;265;0;3;0;1;0;0;0;0;0;1;1;1;0;0;0;0;0;0;0;0;0;1;0;7;2;0;2;3;1;1;0;0;1;1;0;0;adaptiveResidentStrategy;300;aborted_300_rounds;0;18;1;1
794;265;1;1;1;1;0;0;0;0;0;1;1;1;0;0;0;0;0;0;0;0;0;1;0;7;2;0;4;2;2;0;0;0;1;0;0;0;explorationFocus;300;aborted_300_rounds;0;18;1;1
795;265;2;2;0;1;0;0;0;0;0;1;1;1;0;0;0;0;0;0;0;0;0;1;0;7;2;0;5;1;1;0;1;1;0;0;0;0;shipBuilding;300;aborted_300_rounds;0;18;1;1
796;266;0;3;0;0;1;0;0;1;0;0;1;0;0;0;0;0;0;0;1;0;0;1;0;7;2;0;2;2;0;3;1;0;0;0;1;0;shipBuilding;300;aborted_300_rounds;0;-24;2;0
797;266;1;1;1;0;1;0;0;1;0;0;1;0;0;0;0;0;0;0;1;0;0;1;0;7;2;0;3;3;1;1;0;0;1;0;0;0;adaptiveResidentStrategy;300;aborted_300_rounds;0;-18;1;1
798;266;2;2;0;0;1;0;0;1;0;0;1;0;0;0;0;0;0;0;1;0;0;1;0;7;2;0;3;1;3;0;1;0;0;0;1;0;factoryVariety;300;aborted_300_rounds;0;-32;3;0
799;267;0;3;0;1;0;0;0;0;0;0;1;0;0;0;0;0;0;0;0;0;1;1;1;7;2;0;3;3;0;2;0;1;0;0;0;0;explorationFocus;300;aborted_300_rounds;0;10;1;1
800;267;1;1;1;1;0;0;0;0;0;0;1;0;0;0;0;0;0;0;0;0;1;1;1;7;2;0;5;0;2;0;1;0;1;0;0;0;balanced;300;aborted_300_rounds;0;10;1;1
801;267;2;2;0;1;0;0;0;0;0;0;1;0;0;0;0;0;0;0;0;0;1;1;1;7;2;0;1;1;2;3;1;0;1;0;0;0;explorationFocus;300;aborted_300_rounds;0;10;1;1
802;268;0;2;0;1;0;1;0;0;0;0;1;1;0;0;0;0;0;0;0;0;0;0;1;7;2;0;3;0;3;1;0;0;1;1;0;0;factoryVariety;300;aborted_300_rounds;0;16;1;1
803;268;1;3;0;1;0;1;0;0;0;0;1;1;0;0;0;0;0;0;0;0;0;0;1;7;2;0;4;1;2;0;0;0;1;0;1;0;eliteResidentProduction;300;aborted_300_rounds;0;10;2;0
804;268;2;1;1;1;0;1;0;0;0;0;1;1;0;0;0;0;0;0;0;0;0;0;1;7;2;0;4;2;1;1;1;0;0;0;0;0;balanced;300;aborted_300_rounds;0;10;2;0
805;269;0;3;0;0;0;1;0;1;0;1;1;1;0;0;0;0;0;0;0;0;0;0;0;7;2;0;5;1;1;1;0;0;1;0;0;0;balanced;300;aborted_300_rounds;0;24;1;1
806;269;1;1;1;0;0;1;0;1;0;1;1;1;0;0;0;0;0;0;0;0;0;0;0;7;2;0;3;1;3;0;2;0;0;0;0;0;factoryVariety;300;aborted_300_rounds;0;24;1;1
807;269;2;2;0;0;0;1;0;1;0;1;1;1;0;0;0;0;0;0;0;0;0;0;0;7;2;0;5;1;0;1;1;0;1;0;0;0;factoryVariety;300;aborted_300_rounds;0;24;1;1
808;270;0;3;0;0;1;1;0;0;0;0;1;0;0;0;0;0;0;0;1;0;0;1;0;7;2;0;5;1;0;1;0;1;1;0;0;0;eliteResidentProduction;300;aborted_300_rounds;0;-18;1;1
809;270;1;1;1;0;1;1;0;0;0;0;1;0;0;0;0;0;0;0;1;0;0;1;0;7;2;0;2;1;2;2;0;1;0;1;0;0;eliteResidentProduction;300;aborted_300_rounds;0;-18;1;1
810;270;2;2;0;0;1;1;0;0;0;0;1;0;0;0;0;0;0;0;1;0;0;1;0;7;2;0;3;2;3;0;0;0;1;0;0;0;factoryVariety;300;aborted_300_rounds;0;-42;2;0
811;271;0;3;0;1;0;0;0;0;0;1;0;1;0;0;1;0;0;0;0;0;1;0;0;7;2;0;3;1;1;2;1;1;0;0;0;0;eliteResidentProduction;300;aborted_300_rounds;0;18;1;1
812;271;1;1;1;1;0;0;0;0;0;1;0;1;0;0;1;0;0;0;0;0;1;0;0;7;2;0;3;1;2;1;0;0;1;1;0;0;eliteResidentProduction;300;aborted_300_rounds;0;18;1;1
813;271;2;2;0;1;0;0;0;0;0;1;0;1;0;0;1;0;0;0;0;0;1;0;0;7;2;0;5;2;1;1;0;0;0;0;0;0;shipBuilding;300;aborted_300_rounds;0;18;1;1
814;272;0;3;0;1;0;1;0;1;0;1;0;0;0;0;0;0;1;0;0;0;0;0;0;7;2;0;4;1;2;0;1;0;1;0;0;0;factoryVariety;300;aborted_300_rounds;0;34;1;1
815;272;1;1;1;1;0;1;0;1;0;1;0;0;0;0;0;0;1;0;0;0;0;0;0;7;2;0;2;2;1;2;0;0;1;1;0;0;explorationFocus;300;aborted_300_rounds;0;34;1;1
816;272;2;2;0;1;0;1;0;1;0;1;0;0;0;0;0;0;1;0;0;0;0;0;0;7;2;0;2;3;0;2;2;0;0;0;0;0;factoryVariety;300;aborted_300_rounds;0;34;1;1
817;273;0;1;1;1;0;1;0;0;0;0;1;0;0;0;1;0;0;0;1;0;0;0;0;7;2;0;4;2;1;0;1;0;1;0;0;0;explorationFocus;300;aborted_300_rounds;0;-34;2;0
818;273;1;2;0;1;0;1;0;0;0;0;1;0;0;0;1;0;0;0;1;0;0;0;0;7;2;0;3;1;2;2;0;0;0;0;1;0;eliteResidentProduction;300;aborted_300_rounds;0;-18;1;1
819;273;2;3;0;1;0;1;0;0;0;0;1;0;0;0;1;0;0;0;1;0;0;0;0;7;2;0;5;1;1;0;2;0;0;0;0;0;explorationFocus;300;aborted_300_rounds;0;-18;1;1
820;274;0;1;1;0;1;0;0;1;0;0;0;0;0;0;0;0;0;0;0;0;1;1;1;7;2;0;4;1;2;0;0;1;1;0;0;0;adaptiveResidentStrategy;300;aborted_300_rounds;0;10;1;1
821;274;1;2;0;0;1;0;0;1;0;0;0;0;0;0;0;0;0;0;0;0;1;1;1;7;2;0;3;2;0;2;1;0;1;0;0;0;explorationFocus;300;aborted_300_rounds;0;10;1;1
822;274;2;3;0;0;1;0;0;1;0;0;0;0;0;0;0;0;0;0;0;0;1;1;1;7;2;0;3;2;1;2;1;0;0;0;0;0;explorationFocus;300;aborted_300_rounds;0;10;1;1
823;275;0;2;0;1;1;0;0;0;0;1;0;0;0;0;1;0;1;0;0;0;0;0;0;7;2;0;3;1;3;2;0;0;0;0;0;0;explorationFocus;300;aborted_300_rounds;0;28;1;1
824;275;1;3;0;1;1;0;0;0;0;1;0;0;0;0;1;0;1;0;0;0;0;0;0;7;2;0;5;0;1;1;2;0;0;0;0;0;factoryVariety;300;aborted_300_rounds;0;28;1;1
825;275;2;1;1;1;1;0;0;0;0;1;0;0;0;0;1;0;1;0;0;0;0;0;0;7;2;0;1;3;2;1;1;0;1;0;0;0;adaptiveResidentStrategy;300;aborted_300_rounds;0;28;1;1
826;276;0;3;0;1;0;0;0;0;0;1;1;0;1;0;1;0;0;0;0;0;0;0;0;7;2;0;5;2;0;0;1;0;1;0;0;0;factoryVariety;300;aborted_300_rounds;0;18;1;1
827;276;1;1;1;1;0;0;0;0;0;1;1;0;1;0;1;0;0;0;0;0;0;0;0;7;2;0;1;2;4;0;0;0;1;1;0;0;explorationFocus;300;aborted_300_rounds;0;18;1;1
828;276;2;2;0;1;0;0;0;0;0;1;1;0;1;0;1;0;0;0;0;0;0;0;0;7;2;0;1;3;1;2;1;0;1;0;0;0;eliteResidentProduction;300;aborted_300_rounds;0;18;1;1
829;277;0;2;0;1;0;0;0;1;0;0;0;1;0;0;1;0;0;0;0;0;0;1;0;7;2;0;5;2;0;0;1;0;0;1;0;0;shipBuilding;300;aborted_300_rounds;0;0;1;1
830;277;1;3;0;1;0;0;0;1;0;0;0;1;0;0;1;0;0;0;0;0;0;1;0;7;2;0;6;0;1;0;0;1;0;1;0;0;factoryVariety;300;aborted_300_rounds;0;0;1;1
831;277;2;1;1;1;0;0;0;1;0;0;0;1;0;0;1;0;0;0;0;0;0;1;0;7;2;0;1;1;4;1;0;0;2;0;0;0;adaptiveResidentStrategy;300;aborted_300_rounds;0;0;1;1
832;278;0;1;1;0;1;0;0;0;0;0;1;1;0;0;1;0;1;0;0;0;0;0;0;7;2;0;3;3;1;1;1;0;0;0;0;0;adaptiveResidentStrategy;300;aborted_300_rounds;0;10;1;1
833;278;1;2;0;0;1;0;0;0;0;0;1;1;0;0;1;0;1;0;0;0;0;0;0;7;2;0;3;2;0;3;0;0;1;0;0;0;balanced;300;aborted_300_rounds;0;10;1;1
834;278;2;3;0;0;1;0;0;0;0;0;1;1;0;0;1;0;1;0;0;0;0;0;0;7;2;0;3;0;3;1;1;0;0;1;0;0;adaptiveResidentStrategy;300;aborted_300_rounds;0;10;1;1
835;279;0;1;1;1;1;0;0;0;0;0;1;0;1;0;1;0;0;0;0;0;0;0;0;7;2;0;5;0;1;1;1;0;0;1;0;0;explorationFocus;300;aborted_300_rounds;0;0;1;1
836;279;1;2;0;1;1;0;0;0;0;0;1;0;1;0;1;0;0;0;0;0;0;0;0;7;2;0;6;1;1;0;0;0;0;0;1;0;factoryVariety;300;aborted_300_rounds;0;0;1;1
837;279;2;3;0;1;1;0;0;0;0;0;1;0;1;0;1;0;0;0;0;0;0;0;0;7;2;0;2;2;2;1;0;0;1;1;0;0;eliteResidentProduction;300;aborted_300_rounds;0;0;1;1
838;280;0;3;0;1;1;1;0;0;0;0;0;0;0;0;1;0;0;0;1;0;0;0;0;7;2;0;4;0;3;1;1;0;0;0;0;0;adaptiveResidentStrategy;300;aborted_300_rounds;0;-18;1;1
839;280;1;1;1;1;1;1;0;0;0;0;0;0;0;0;1;0;0;0;1;0;0;0;0;7;2;0;5;0;1;1;1;0;0;0;1;0;adaptiveResidentStrategy;300;aborted_300_rounds;0;-18;1;1
840;280;2;2;0;1;1;1;0;0;0;0;0;0;0;0;1;0;0;0;1;0;0;0;0;7;2;0;2;3;3;0;0;0;0;1;0;0;explorationFocus;300;aborted_300_rounds;0;-26;2;0
841;281;0;2;0;1;0;0;0;1;0;0;0;0;0;0;0;0;0;0;1;0;0;1;1;7;2;0;3;2;1;1;1;1;0;0;0;0;balanced;300;aborted_300_rounds;0;-20;3;0
842;281;1;3;0;1;0;0;0;1;0;0;0;0;0;0;0;0;0;0;1;0;0;1;1;7;2;0;1;2;3;1;2;0;0;0;0;0;factoryVariety;300;aborted_300_rounds;0;-16;2;0
843;281;2;1;1;1;0;0;0;1;0;0;0;0;0;0;0;0;0;0;1;0;0;1;1;7;2;0;4;1;3;0;1;0;0;0;0;0;adaptiveResidentStrategy;300;aborted_300_rounds;0;-14;1;1
844;282;0;1;1;0;0;1;0;0;0;0;1;0;1;0;0;0;0;0;1;0;0;1;0;7;2;0;3;2;1;1;2;0;0;0;0;0;adaptiveResidentStrategy;300;aborted_300_rounds;0;-18;1;1
845;282;1;2;0;0;0;1;0;0;0;0;1;0;1;0;0;0;0;0;1;0;0;1;0;7;2;0;4;1;1;1;0;1;1;0;0;0;balanced;300;aborted_300_rounds;0;-18;1;1
846;282;2;3;0;0;0;1;0;0;0;0;1;0;1;0;0;0;0;0;1;0;0;1;0;7;2;0;2;2;2;1;2;0;0;0;0;0;adaptiveResidentStrategy;300;aborted_300_rounds;0;-18;1;1
847;283;0;2;0;1;1;0;0;0;0;0;1;0;0;0;0;0;0;0;1;0;1;0;0;7;2;0;2;1;3;1;1;1;0;0;0;0;balanced;300;aborted_300_rounds;0;-24;1;1
848;283;1;3;0;1;1;0;0;0;0;0;1;0;0;0;0;0;0;0;1;0;1;0;0;7;2;0;3;1;1;2;0;2;0;0;0;0;explorationFocus;300;aborted_300_rounds;0;-32;2;0
849;283;2;1;1;1;1;0;0;0;0;0;1;0;0;0;0;0;0;0;1;0;1;0;0;7;2;0;3;3;1;1;0;0;0;0;1;0;explorationFocus;300;aborted_300_rounds;0;-24;1;1
850;284;0;2;0;1;1;0;0;1;0;0;0;0;0;0;0;0;0;0;0;0;1;1;0;7;2;0;6;1;0;0;2;0;0;0;0;0;factoryVariety;300;aborted_300_rounds;0;0;1;1
851;284;1;3;0;1;1;0;0;1;0;0;0;0;0;0;0;0;0;0;0;0;1;1;0;7;2;0;2;2;1;3;1;0;0;0;0;0;factoryVariety;300;aborted_300_rounds;0;0;1;1
852;284;2;1;1;1;1;0;0;1;0;0;0;0;0;0;0;0;0;0;0;0;1;1;0;7;2;0;2;4;1;0;1;0;0;1;0;0;balanced;300;aborted_300_rounds;0;0;1;1
853;285;0;1;1;0;0;0;0;1;0;1;0;0;1;0;0;0;0;0;0;0;1;1;0;7;2;0;4;5;0;0;0;0;0;0;0;0;shipBuilding;300;aborted_300_rounds;0;18;1;1
854;285;1;2;0;0;0;0;0;1;0;1;0;0;1;0;0;0;0;0;0;0;1;1;0;7;2;0;2;3;2;1;0;1;0;0;0;0;factoryVariety;300;aborted_300_rounds;0;18;1;1
855;285;2;3;0;0;0;0;0;1;0;1;0;0;1;0;0;0;0;0;0;0;1;1;0;7;2;0;4;0;3;0;0;0;1;0;1;0;explorationFocus;300;aborted_300_rounds;0;18;1;1
856;286;0;1;1;0;1;0;0;0;0;1;0;0;0;0;0;0;1;0;1;0;0;0;1;7;2;0;5;1;1;0;0;1;0;1;0;0;adaptiveResidentStrategy;300;aborted_300_rounds;0;20;1;1
857;286;1;2;0;0;1;0;0;0;0;1;0;0;0;0;0;0;1;0;1;0;0;0;1;7;2;0;4;2;0;2;0;0;0;1;0;0;balanced;300;aborted_300_rounds;0;14;2;0
858;286;2;3;0;0;1;0;0;0;0;1;0;0;0;0;0;0;1;0;1;0;0;0;1;7;2;0;3;0;3;1;1;0;1;0;0;0;adaptiveResidentStrategy;300;aborted_300_rounds;0;20;1;1
859;287;0;1;1;0;0;0;0;1;0;1;0;0;1;0;1;0;0;0;0;0;0;1;0;7;2;0;4;1;1;1;1;0;0;0;1;0;balanced;300;aborted_300_rounds;0;18;1;1
860;287;1;2;0;0;0;0;0;1;0;1;0;0;1;0;1;0;0;0;0;0;0;1;0;7;2;0;5;1;1;1;0;0;1;0;0;0;eliteResidentProduction;300;aborted_300_rounds;0;18;1;1
861;287;2;3;0;0;0;0;0;1;0;1;0;0;1;0;1;0;0;0;0;0;0;1;0;7;2;0;4;1;2;0;1;0;0;1;0;0;shipBuilding;300;aborted_300_rounds;0;18;1;1
862;288;0;3;0;0;0;0;0;1;0;1;1;0;0;0;0;0;1;0;0;0;0;1;0;7;2;0;4;0;2;1;1;0;1;0;0;0;balanced;300;aborted_300_rounds;0;28;1;1
863;288;1;1;1;0;0;0;0;1;0;1;1;0;0;0;0;0;1;0;0;0;0;1;0;7;2;0;2;3;1;1;2;0;0;0;0;0;adaptiveResidentStrategy;300;aborted_300_rounds;0;28;1;1
864;288;2;2;0;0;0;0;0;1;0;1;1;0;0;0;0;0;1;0;0;0;0;1;0;7;2;0;4;1;1;1;0;0;1;0;1;0;explorationFocus;300;aborted_300_rounds;0;28;1;1
865;289;0;3;0;0;0;1;0;1;0;1;0;1;0;0;0;0;0;0;1;0;0;0;0;7;2;0;4;1;3;0;0;1;0;0;0;0;balanced;300;aborted_300_rounds;0;0;1;1
866;289;1;1;1;0;0;1;0;1;0;1;0;1;0;0;0;0;0;0;1;0;0;0;0;7;2;0;3;2;2;1;0;0;1;0;0;0;balanced;300;aborted_300_rounds;0;0;1;1
867;289;2;2;0;0;0;1;0;1;0;1;0;1;0;0;0;0;0;0;1;0;0;0;0;7;2;0;3;2;2;1;1;0;0;0;0;0;balanced;300;aborted_300_rounds;0;0;1;1
868;290;0;2;0;0;1;1;0;1;0;1;0;0;0;0;0;0;0;0;1;0;0;0;0;7;2;0;3;1;3;1;0;0;0;1;0;0;explorationFocus;300;aborted_300_rounds;0;0;1;1
869;290;1;3;0;0;1;1;0;1;0;1;0;0;0;0;0;0;0;0;1;0;0;0;0;7;2;0;3;2;0;2;2;0;0;0;0;0;shipBuilding;300;aborted_300_rounds;0;0;1;1
870;290;2;1;1;0;1;1;0;1;0;1;0;0;0;0;0;0;0;0;1;0;0;0;0;7;2;0;5;2;1;0;0;0;0;0;1;0;factoryVariety;300;aborted_300_rounds;0;-8;2;0
871;291;0;1;1;0;1;0;0;0;0;0;0;0;1;0;1;0;1;0;0;0;0;1;0;7;2;0;5;1;1;0;1;0;1;0;0;0;explorationFocus;300;aborted_300_rounds;0;10;1;1
872;291;1;2;0;0;1;0;0;0;0;0;0;0;1;0;1;0;1;0;0;0;0;1;0;7;2;0;3;2;0;2;0;0;2;0;0;0;eliteResidentProduction;300;aborted_300_rounds;0;10;1;1
873;291;2;3;0;0;1;0;0;0;0;0;0;0;1;0;1;0;1;0;0;0;0;1;0;7;2;0;2;3;2;1;0;0;0;0;1;0;balanced;300;aborted_300_rounds;0;10;1;1
874;292;0;1;1;1;1;0;0;1;0;0;0;0;0;0;0;0;0;0;0;0;1;1;0;7;2;0;4;0;2;1;0;0;0;1;1;0;eliteResidentProduction;300;aborted_300_rounds;0;0;1;1
875;292;1;2;0;1;1;0;0;1;0;0;0;0;0;0;0;0;0;0;0;0;1;1;0;7;2;0;2;2;3;1;1;0;0;0;0;0;adaptiveResidentStrategy;300;aborted_300_rounds;0;0;1;1
876;292;2;3;0;1;1;0;0;1;0;0;0;0;0;0;0;0;0;0;0;0;1;1;0;7;2;0;3;1;1;2;1;1;0;0;0;0;balanced;300;aborted_300_rounds;0;0;1;1
877;293;0;3;0;1;0;1;0;0;0;0;0;1;1;0;1;0;0;0;0;0;0;0;0;7;2;0;5;0;0;2;1;0;0;0;1;0;shipBuilding;300;aborted_300_rounds;0;6;1;1
878;293;1;1;1;1;0;1;0;0;0;0;0;1;1;0;1;0;0;0;0;0;0;0;0;7;2;0;5;1;1;0;1;0;1;0;0;0;explorationFocus;300;aborted_300_rounds;0;6;1;1
879;293;2;2;0;1;0;1;0;0;0;0;0;1;1;0;1;0;0;0;0;0;0;0;0;7;2;0;5;2;1;0;1;0;0;0;0;0;shipBuilding;300;aborted_300_rounds;0;6;1;1
880;294;0;2;0;0;1;0;0;1;0;0;1;0;0;0;0;0;1;0;0;0;0;1;0;7;2;0;3;2;2;0;0;0;1;1;0;0;shipBuilding;300;aborted_300_rounds;0;10;1;1
881;294;1;3;0;0;1;0;0;1;0;0;1;0;0;0;0;0;1;0;0;0;0;1;0;7;2;0;3;2;1;2;0;0;1;0;0;0;eliteResidentProduction;300;aborted_300_rounds;0;10;1;1
882;294;2;1;1;0;1;0;0;1;0;0;1;0;0;0;0;0;1;0;0;0;0;1;0;7;2;0;6;0;1;0;1;1;0;0;0;0;shipBuilding;300;aborted_300_rounds;0;10;1;1
883;295;0;3;0;0;0;1;0;0;0;0;0;1;0;0;1;0;1;0;0;0;0;1;0;7;2;0;3;3;1;1;1;0;0;0;0;0;eliteResidentProduction;300;aborted_300_rounds;0;16;1;1
884;295;1;1;1;0;0;1;0;0;0;0;0;1;0;0;1;0;1;0;0;0;0;1;0;7;2;0;3;3;1;0;0;0;2;0;0;0;explorationFocus;300;aborted_300_rounds;0;16;1;1
885;295;2;2;0;0;0;1;0;0;0;0;0;1;0;0;1;0;1;0;0;0;0;1;0;7;2;0;3;0;3;2;1;0;0;0;0;0;explorationFocus;300;aborted_300_rounds;0;16;1;1
886;296;0;2;0;0;0;1;0;1;0;0;1;1;0;0;0;0;1;0;0;0;0;0;0;7;2;0;1;1;4;1;0;1;0;0;1;0;explorationFocus;300;aborted_300_rounds;0;16;1;1
887;296;1;3;0;0;0;1;0;1;0;0;1;1;0;0;0;0;1;0;0;0;0;0;0;7;2;0;5;2;0;1;0;0;1;0;0;0;adaptiveResidentStrategy;300;aborted_300_rounds;0;16;1;1
888;296;2;1;1;0;0;1;0;1;0;0;1;1;0;0;0;0;1;0;0;0;0;0;0;7;2;0;4;1;1;1;1;0;1;0;0;0;explorationFocus;300;aborted_300_rounds;0;16;1;1
889;297;0;3;0;0;1;0;0;0;0;0;0;1;0;0;1;0;0;0;0;0;1;1;0;7;2;0;2;1;2;2;0;0;1;0;1;0;adaptiveResidentStrategy;300;aborted_300_rounds;0;0;1;1
890;297;1;1;1;0;1;0;0;0;0;0;0;1;0;0;1;0;0;0;0;0;1;1;0;7;2;0;5;2;0;0;1;0;0;0;1;0;eliteResidentProduction;300;aborted_300_rounds;0;0;1;1
891;297;2;2;0;0;1;0;0;0;0;0;0;1;0;0;1;0;0;0;0;0;1;1;0;7;2;0;5;1;0;1;0;0;2;0;0;0;shipBuilding;300;aborted_300_rounds;0;0;1;1
892;298;0;3;0;1;0;0;0;0;0;0;1;0;1;0;0;0;0;0;1;0;1;0;0;7;2;0;2;0;2;3;1;0;1;0;0;0;eliteResidentProduction;300;aborted_300_rounds;0;-18;1;1
893;298;1;1;1;1;0;0;0;0;0;0;1;0;1;0;0;0;0;0;1;0;1;0;0;7;2;0;4;2;2;0;0;0;1;0;0;0;adaptiveResidentStrategy;300;aborted_300_rounds;0;-18;1;1
894;298;2;2;0;1;0;0;0;0;0;0;1;0;1;0;0;0;0;0;1;0;1;0;0;7;2;0;4;1;1;1;1;0;0;0;1;0;shipBuilding;300;aborted_300_rounds;0;-32;2;0
895;299;0;3;0;0;1;1;0;1;0;1;0;0;0;0;1;0;0;0;0;0;0;0;0;7;2;0;3;1;1;2;1;0;1;0;0;0;eliteResidentProduction;300;aborted_300_rounds;0;24;1;1
896;299;1;1;1;0;1;1;0;1;0;1;0;0;0;0;1;0;0;0;0;0;0;0;0;7;2;0;3;3;2;1;0;0;0;0;0;0;balanced;300;aborted_300_rounds;0;24;1;1
897;299;2;2;0;0;1;1;0;1;0;1;0;0;0;0;1;0;0;0;0;0;0;0;0;7;2;0;4;0;0;3;2;0;0;0;0;0;adaptiveResidentStrategy;300;aborted_300_rounds;0;24;1;1
898;300;0;3;0;0;0;1;0;1;0;1;1;0;0;0;0;0;0;0;1;0;0;0;0;7;2;0;3;2;1;2;0;0;1;0;0;0;balanced;300;aborted_300_rounds;0;0;1;1
899;300;1;1;1;0;0;1;0;1;0;1;1;0;0;0;0;0;0;0;1;0;0;0;0;7;2;0;3;2;2;1;1;0;0;0;0;0;adaptiveResidentStrategy;300;aborted_300_rounds;0;0;1;1
900;300;2;2;0;0;0;1;0;1;0;1;1;0;0;0;0;0;0;0;1;0;0;0;0;7;2;0;4;2;1;1;1;0;0;0;0;0;adaptiveResidentStrategy;300;aborted_300_rounds;0;0;1;1
901;301;0;2;0;1;1;0;0;0;0;0;1;0;1;0;0;0;0;0;0;0;0;0;1;7;2;0;2;3;2;2;0;0;0;0;0;0;eliteResidentProduction;300;aborted_300_rounds;0;10;1;1
902;301;1;3;0;1;1;0;0;0;0;0;1;0;1;0;0;0;0;0;0;0;0;0;1;7;2;0;4;2;1;0;0;0;1;0;1;0;explorationFocus;300;aborted_300_rounds;0;10;1;1
903;301;2;1;1;1;1;0;0;0;0;0;1;0;1;0;0;0;0;0;0;0;0;0;1;7;2;0;4;1;2;0;1;0;0;1;0;0;shipBuilding;300;aborted_300_rounds;0;10;1;1
904;302;0;2;0;1;0;1;0;0;0;0;1;0;0;0;1;0;0;0;0;0;0;1;0;7;2;0;4;1;2;1;0;1;0;0;0;0;balanced;300;aborted_300_rounds;0;6;1;1
905;302;1;3;0;1;0;1;0;0;0;0;1;0;0;0;1;0;0;0;0;0;0;1;0;7;2;0;4;3;0;1;0;0;1;0;0;0;explorationFocus;300;aborted_300_rounds;0;6;1;1
906;302;2;1;1;1;0;1;0;0;0;0;1;0;0;0;1;0;0;0;0;0;0;1;0;7;2;0;2;0;4;1;0;0;2;0;0;0;eliteResidentProduction;300;aborted_300_rounds;0;6;1;1
907;303;0;2;0;1;0;0;0;1;0;0;0;0;0;0;1;0;1;0;0;0;0;1;0;7;2;0;4;0;3;0;1;0;1;0;0;0;adaptiveResidentStrategy;300;aborted_300_rounds;0;10;1;1
908;303;1;3;0;1;0;0;0;1;0;0;0;0;0;0;1;0;1;0;0;0;0;1;0;7;2;0;4;2;1;0;0;0;1;1;0;0;balanced;300;aborted_300_rounds;0;10;1;1
909;303;2;1;1;1;0;0;0;1;0;0;0;0;0;0;1;0;1;0;0;0;0;1;0;7;2;0;3;2;2;1;1;0;0;0;0;0;explorationFocus;300;aborted_300_rounds;0;10;1;1
910;304;0;2;0;0;1;0;0;0;0;0;1;0;0;0;0;0;0;0;1;0;1;1;0;7;2;0;2;2;2;1;1;0;1;0;0;0;eliteResidentProduction;300;aborted_300_rounds;0;-20;1;1
911;304;1;3;0;0;1;0;0;0;0;0;1;0;0;0;0;0;0;0;1;0;1;1;0;7;2;0;4;3;1;0;0;0;1;0;0;0;balanced;300;aborted_300_rounds;0;-24;2;0
912;304;2;1;1;0;1;0;0;0;0;0;1;0;0;0;0;0;0;0;1;0;1;1;0;7;2;0;3;0;2;2;2;0;0;0;0;0;shipBuilding;300;aborted_300_rounds;0;-24;2;0
913;305;0;1;1;0;1;1;0;1;0;0;1;0;0;0;0;0;0;0;1;0;0;0;0;7;2;0;4;2;1;2;0;0;0;0;0;0;adaptiveResidentStrategy;300;aborted_300_rounds;0;-18;1;1
914;305;1;2;0;0;1;1;0;1;0;0;1;0;0;0;0;0;0;0;1;0;0;0;0;7;2;0;3;2;3;0;0;1;0;0;0;0;factoryVariety;300;aborted_300_rounds;0;-26;3;0
915;305;2;3;0;0;1;1;0;1;0;0;1;0;0;0;0;0;0;0;1;0;0;0;0;7;2;0;1;1;2;3;0;0;2;0;0;0;factoryVariety;300;aborted_300_rounds;0;-22;2;0
916;306;0;1;1;0;0;0;0;0;0;1;1;0;0;0;1;0;1;0;0;0;0;1;0;7;2;0;5;3;0;0;1;0;0;0;0;0;eliteResidentProduction;300;aborted_300_rounds;0;28;1;1
917;306;1;2;0;0;0;0;0;0;0;1;1;0;0;0;1;0;1;0;0;0;0;1;0;7;2;0;4;1;3;0;1;0;0;0;0;0;eliteResidentProduction;300;aborted_300_rounds;0;28;1;1
918;306;2;3;0;0;0;0;0;0;0;1;1;0;0;0;1;0;1;0;0;0;0;1;0;7;2;0;1;1;2;3;1;1;0;0;0;0;adaptiveResidentStrategy;300;aborted_300_rounds;0;28;1;1
919;307;0;2;0;0;0;1;0;1;0;1;0;0;1;0;0;0;0;0;0;0;0;1;0;7;2;0;2;2;2;1;2;0;0;0;0;0;factoryVariety;300;aborted_300_rounds;0;24;1;1
920;307;1;3;0;0;0;1;0;1;0;1;0;0;1;0;0;0;0;0;0;0;0;1;0;7;2;0;4;1;1;1;0;1;0;1;0;0;balanced;300;aborted_300_rounds;0;24;1;1
921;307;2;1;1;0;0;1;0;1;0;1;0;0;1;0;0;0;0;0;0;0;0;1;0;7;2;0;3;2;1;1;0;0;2;0;0;0;eliteResidentProduction;300;aborted_300_rounds;0;24;1;1
922;308;0;2;0;0;1;0;0;1;0;0;0;0;0;0;0;0;1;0;0;0;0;1;1;7;2;0;4;3;1;0;0;0;1;0;0;0;explorationFocus;300;aborted_300_rounds;0;20;1;1
923;308;1;3;0;0;1;0;0;1;0;0;0;0;0;0;0;0;1;0;0;0;0;1;1;7;2;0;3;1;1;2;0;1;1;0;0;0;adaptiveResidentStrategy;300;aborted_300_rounds;0;20;1;1
924;308;2;1;1;0;1;0;0;1;0;0;0;0;0;0;0;0;1;0;0;0;0;1;1;7;2;0;5;1;1;1;1;0;0;0;0;0;adaptiveResidentStrategy;300;aborted_300_rounds;0;20;1;1
925;309;0;1;1;0;0;0;0;0;0;0;0;1;1;0;0;0;0;0;1;0;1;1;0;7;2;0;3;1;3;1;0;0;0;0;1;0;explorationFocus;300;aborted_300_rounds;0;-24;1;1
926;309;1;2;0;0;0;0;0;0;0;0;0;1;1;0;0;0;0;0;1;0;1;1;0;7;2;0;3;3;0;1;1;0;0;1;0;0;shipBuilding;300;aborted_300_rounds;0;-24;1;1
927;309;2;3;0;0;0;0;0;0;0;0;0;1;1;0;0;0;0;0;1;0;1;1;0;7;2;0;5;1;3;0;0;0;0;0;0;0;explorationFocus;300;aborted_300_rounds;0;-24;1;1
928;310;0;3;0;0;1;0;0;1;0;0;0;0;1;0;1;0;0;0;0;0;0;1;0;7;2;0;4;0;1;2;0;0;1;0;1;0;balanced;300;aborted_300_rounds;0;0;1;1
929;310;1;1;1;0;1;0;0;1;0;0;0;0;1;0;1;0;0;0;0;0;0;1;0;7;2;0;4;1;2;0;1;0;0;1;0;0;shipBuilding;300;aborted_300_rounds;0;0;1;1
930;310;2;2;0;0;1;0;0;1;0;0;0;0;1;0;1;0;0;0;0;0;0;1;0;7;2;0;2;3;2;0;2;0;0;0;0;0;shipBuilding;300;aborted_300_rounds;0;0;1;1
931;311;0;1;1;0;0;0;0;0;0;1;0;1;0;0;1;0;1;0;1;0;0;0;0;7;2;0;1;3;1;2;1;1;0;0;0;0;eliteResidentProduction;300;aborted_300_rounds;0;10;1;1
932;311;1;2;0;0;0;0;0;0;0;1;0;1;0;0;1;0;1;0;1;0;0;0;0;7;2;0;4;2;1;1;1;0;0;0;0;0;shipBuilding;300;aborted_300_rounds;0;4;2;0
933;311;2;3;0;0;0;0;0;0;0;1;0;1;0;0;1;0;1;0;1;0;0;0;0;7;2;0;4;3;0;1;0;0;0;1;0;0;adaptiveResidentStrategy;300;aborted_300_rounds;0;10;1;1
934;312;0;3;0;0;0;1;0;0;0;0;0;0;1;0;0;0;1;0;1;0;0;1;0;7;2;0;4;2;0;2;0;1;0;0;0;0;explorationFocus;300;aborted_300_rounds;0;-8;1;1
935;312;1;1;1;0;0;1;0;0;0;0;0;0;1;0;0;0;1;0;1;0;0;1;0;7;2;0;4;1;2;0;0;0;2;0;0;0;adaptiveResidentStrategy;300;aborted_300_rounds;0;-8;1;1
936;312;2;2;0;0;0;1;0;0;0;0;0;0;1;0;0;0;1;0;1;0;0;1;0;7;2;0;3;1;3;0;1;0;0;1;0;0;factoryVariety;300;aborted_300_rounds;0;-24;2;0
937;313;0;2;0;0;0;0;0;0;0;1;0;0;1;0;1;0;0;0;0;0;1;1;0;7;2;0;2;3;2;0;1;0;1;0;0;0;adaptiveResidentStrategy;300;aborted_300_rounds;0;18;1;1
938;313;1;3;0;0;0;0;0;0;0;1;0;0;1;0;1;0;0;0;0;0;1;1;0;7;2;0;5;2;0;1;0;0;1;0;0;0;factoryVariety;300;aborted_300_rounds;0;18;1;1
939;313;2;1;1;0;0;0;0;0;0;1;0;0;1;0;1;0;0;0;0;0;1;1;0;7;2;0;4;0;1;2;1;0;1;0;0;0;adaptiveResidentStrategy;300;aborted_300_rounds;0;18;1;1
940;314;0;2;0;0;0;0;0;0;0;1;0;0;0;0;0;0;1;0;1;0;0;1;1;7;2;0;4;1;2;0;1;0;0;1;0;0;balanced;300;aborted_300_rounds;0;8;2;0
941;314;1;3;0;0;0;0;0;0;0;1;0;0;0;0;0;0;1;0;1;0;0;1;1;7;2;0;2;2;2;2;0;0;0;0;1;0;factoryVariety;300;aborted_300_rounds;0;-2;3;0
942;314;2;1;1;0;0;0;0;0;0;1;0;0;0;0;0;0;1;0;1;0;0;1;1;7;2;0;5;0;1;1;2;0;0;0;0;0;eliteResidentProduction;300;aborted_300_rounds;0;14;1;1
943;315;0;3;0;0;1;0;0;1;0;0;0;0;1;0;0;0;0;0;0;0;1;0;1;7;2;0;3;3;0;2;0;1;0;0;0;0;factoryVariety;300;aborted_300_rounds;0;0;3;0
944;315;1;1;1;0;1;0;0;1;0;0;0;0;1;0;0;0;0;0;0;0;1;0;1;7;2;0;2;2;1;3;1;0;0;0;0;0;factoryVariety;300;aborted_300_rounds;0;10;1;1
945;315;2;2;0;0;1;0;0;1;0;0;0;0;1;0;0;0;0;0;0;0;1;0;1;7;2;0;5;1;1;0;1;0;1;0;0;0;factoryVariety;300;aborted_300_rounds;0;4;2;0
946;316;0;2;0;1;1;0;0;0;0;0;1;0;1;0;0;0;1;0;0;0;0;0;0;7;2;0;2;2;2;1;2;0;0;0;0;0;eliteResidentProduction;300;aborted_300_rounds;0;10;1;1
947;316;1;3;0;1;1;0;0;0;0;0;1;0;1;0;0;0;1;0;0;0;0;0;0;7;2;0;3;0;2;2;1;0;1;0;0;0;shipBuilding;300;aborted_300_rounds;0;10;1;1
948;316;2;1;1;1;1;0;0;0;0;0;1;0;1;0;0;0;1;0;0;0;0;0;0;7;2;0;5;0;1;1;1;1;0;0;0;0;balanced;300;aborted_300_rounds;0;10;1;1
949;317;0;2;0;0;0;0;0;1;0;1;0;0;0;0;0;0;0;0;1;0;1;1;0;7;2;0;4;2;2;0;0;1;0;0;0;0;factoryVariety;300;aborted_300_rounds;0;-20;2;0
950;317;1;3;0;0;0;0;0;1;0;1;0;0;0;0;0;0;0;0;1;0;1;1;0;7;2;0;3;1;2;1;0;1;1;0;0;0;shipBuilding;300;aborted_300_rounds;0;-6;1;1
951;317;2;1;1;0;0;0;0;1;0;1;0;0;0;0;0;0;0;0;1;0;1;1;0;7;2;0;3;4;2;0;0;0;0;0;0;0;shipBuilding;300;aborted_300_rounds;0;-6;1;1
952;318;0;2;0;0;1;0;0;1;0;1;1;0;0;0;0;0;0;0;1;0;0;0;0;7;2;0;2;3;2;0;0;0;0;1;1;0;factoryVariety;300;aborted_300_rounds;0;-6;2;0
953;318;1;3;0;0;1;0;0;1;0;1;1;0;0;0;0;0;0;0;1;0;0;0;0;7;2;0;4;1;1;1;1;0;1;0;0;0;adaptiveResidentStrategy;300;aborted_300_rounds;0;0;1;1
954;318;2;1;1;0;1;0;0;1;0;1;1;0;0;0;0;0;0;0;1;0;0;0;0;7;2;0;5;1;1;1;0;0;1;0;0;0;eliteResidentProduction;300;aborted_300_rounds;0;0;1;1
955;319;0;3;0;1;0;0;0;1;0;1;0;0;0;0;0;0;0;0;1;0;0;1;0;7;2;0;3;3;0;2;1;0;0;0;0;0;balanced;300;aborted_300_rounds;0;-6;1;1
956;319;1;1;1;1;0;0;0;1;0;1;0;0;0;0;0;0;0;0;1;0;0;1;0;7;2;0;3;1;3;0;1;0;0;1;0;0;balanced;300;aborted_300_rounds;0;-6;1;1
957;319;2;2;0;1;0;0;0;1;0;1;0;0;0;0;0;0;0;0;1;0;0;1;0;7;2;0;3;2;2;0;1;1;0;0;0;0;explorationFocus;300;aborted_300_rounds;0;-22;2;0
958;320;0;1;1;1;1;0;0;1;0;1;0;0;0;0;0;0;0;0;0;0;0;1;0;7;2;0;5;1;1;1;0;1;0;0;0;0;balanced;300;aborted_300_rounds;0;18;1;1
959;320;1;2;0;1;1;0;0;1;0;1;0;0;0;0;0;0;0;0;0;0;0;1;0;7;2;0;3;3;0;1;1;0;1;0;0;0;explorationFocus;300;aborted_300_rounds;0;18;1;1
960;320;2;3;0;1;1;0;0;1;0;1;0;0;0;0;0;0;0;0;0;0;0;1;0;7;2;0;2;1;3;1;2;0;0;0;0;0;eliteResidentProduction;300;aborted_300_rounds;0;18;1;1
961;321;0;3;0;1;1;0;0;0;0;0;0;0;0;0;0;0;0;0;1;0;1;1;0;7;2;0;5;1;0;1;2;0;0;0;0;0;explorationFocus;300;aborted_300_rounds;0;-24;1;1
962;321;1;1;1;1;1;0;0;0;0;0;0;0;0;0;0;0;0;0;1;0;1;1;0;7;2;0;2;2;1;2;2;0;0;0;0;0;balanced;300;aborted_300_rounds;0;-24;1;1
963;321;2;2;0;1;1;0;0;0;0;0;0;0;0;0;0;0;0;0;1;0;1;1;0;7;2;0;3;3;1;0;2;0;0;0;0;0;factoryVariety;300;aborted_300_rounds;0;-32;2;0
964;322;0;3;0;0;0;1;0;0;0;1;0;1;0;0;0;0;0;0;0;0;1;1;0;7;2;0;1;2;3;1;1;0;1;0;0;0;explorationFocus;300;aborted_300_rounds;0;24;1;1
965;322;1;1;1;0;0;1;0;0;0;1;0;1;0;0;0;0;0;0;0;0;1;1;0;7;2;0;4;1;0;2;0;0;1;0;1;0;explorationFocus;300;aborted_300_rounds;0;24;1;1
966;322;2;2;0;0;0;1;0;0;0;1;0;1;0;0;0;0;0;0;0;0;1;1;0;7;2;0;4;1;1;2;1;0;0;0;0;0;balanced;300;aborted_300_rounds;0;24;1;1
967;323;0;2;0;1;0;0;0;0;0;0;1;0;0;0;1;0;0;0;1;0;0;0;1;7;2;0;3;1;3;1;0;0;1;0;0;0;balanced;300;aborted_300_rounds;0;-14;2;0
968;323;1;3;0;1;0;0;0;0;0;0;1;0;0;0;1;0;0;0;1;0;0;0;1;7;2;0;6;1;0;0;0;0;1;1;0;0;adaptiveResidentStrategy;300;aborted_300_rounds;0;-8;1;1
969;323;2;1;1;1;0;0;0;0;0;0;1;0;0;0;1;0;0;0;1;0;0;0;1;7;2;0;1;1;2;3;0;1;1;0;0;0;balanced;300;aborted_300_rounds;0;-14;2;0
970;324;0;3;0;0;1;1;0;0;0;0;0;0;1;0;0;0;0;0;1;0;1;0;0;7;2;0;4;1;1;1;0;1;0;0;1;0;explorationFocus;300;aborted_300_rounds;0;-18;1;1
971;324;1;1;1;0;1;1;0;0;0;0;0;0;1;0;0;0;0;0;1;0;1;0;0;7;2;0;4;0;3;0;1;0;1;0;0;0;eliteResidentProduction;300;aborted_300_rounds;0;-18;1;1
972;324;2;2;0;0;1;1;0;0;0;0;0;0;1;0;0;0;0;0;1;0;1;0;0;7;2;0;4;2;1;1;1;0;0;0;0;0;adaptiveResidentStrategy;300;aborted_300_rounds;0;-18;1;1
973;325;0;2;0;0;1;0;0;0;0;1;0;0;1;0;0;0;0;0;1;0;0;1;0;7;2;0;3;2;2;0;0;0;1;1;0;0;adaptiveResidentStrategy;300;aborted_300_rounds;0;0;1;1
974;325;1;3;0;0;1;0;0;0;0;1;0;0;1;0;0;0;0;0;1;0;0;1;0;7;2;0;5;2;0;1;0;0;1;0;0;0;balanced;300;aborted_300_rounds;0;-6;2;0
975;325;2;1;1;0;1;0;0;0;0;1;0;0;1;0;0;0;0;0;1;0;0;1;0;7;2;0;4;1;2;0;0;0;2;0;0;0;shipBuilding;300;aborted_300_rounds;0;-14;3;0
976;326;0;3;0;1;0;0;0;0;0;0;0;0;1;0;1;0;1;0;0;0;0;1;0;7;2;0;2;3;0;2;1;0;1;0;0;0;factoryVariety;300;aborted_300_rounds;0;10;1;1
977;326;1;1;1;1;0;0;0;0;0;0;0;0;1;0;1;0;1;0;0;0;0;1;0;7;2;0;2;2;2;2;0;0;0;0;1;0;shipBuilding;300;aborted_300_rounds;0;10;1;1
978;326;2;2;0;1;0;0;0;0;0;0;0;0;1;0;1;0;1;0;0;0;0;1;0;7;2;0;3;1;3;0;2;0;0;0;0;0;adaptiveResidentStrategy;300;aborted_300_rounds;0;10;1;1
979;327;0;3;0;0;1;1;0;0;0;0;0;0;1;0;0;0;0;0;0;0;1;0;1;7;2;0;2;2;2;1;2;0;0;0;0;0;factoryVariety;300;aborted_300_rounds;0;16;1;1
980;327;1;1;1;0;1;1;0;0;0;0;0;0;1;0;0;0;0;0;0;0;1;0;1;7;2;0;4;1;2;0;0;0;2;0;0;0;eliteResidentProduction;300;aborted_300_rounds;0;16;1;1
981;327;2;2;0;0;1;1;0;0;0;0;0;0;1;0;0;0;0;0;0;0;1;0;1;7;2;0;3;1;0;3;1;1;0;0;0;0;eliteResidentProduction;300;aborted_300_rounds;0;16;1;1
982;328;0;2;0;0;1;0;0;0;0;0;1;1;1;0;1;0;0;0;0;0;0;0;0;7;2;0;3;1;3;0;0;0;1;1;0;0;balanced;300;aborted_300_rounds;0;0;1;1
983;328;1;3;0;0;1;0;0;0;0;0;1;1;1;0;1;0;0;0;0;0;0;0;0;7;2;0;4;2;2;0;0;0;0;1;0;0;adaptiveResidentStrategy;300;aborted_300_rounds;0;0;1;1
984;328;2;1;1;0;1;0;0;0;0;0;1;1;1;0;1;0;0;0;0;0;0;0;0;7;2;0;1;4;1;1;1;0;1;0;0;0;balanced;300;aborted_300_rounds;0;0;1;1
985;329;0;3;0;1;1;1;0;1;0;0;0;0;0;0;0;0;0;0;0;0;0;1;0;7;2;0;4;2;0;1;1;0;1;0;0;0;shipBuilding;300;aborted_300_rounds;0;6;1;1
986;329;1;1;1;1;1;1;0;1;0;0;0;0;0;0;0;0;0;0;0;0;0;1;0;7;2;0;4;1;1;2;0;1;0;0;0;0;adaptiveResidentStrategy;300;aborted_300_rounds;0;6;1;1
987;329;2;2;0;1;1;1;0;1;0;0;0;0;0;0;0;0;0;0;0;0;0;1;0;7;2;0;4;1;2;0;0;0;1;1;0;0;shipBuilding;300;aborted_300_rounds;0;6;1;1
988;330;0;2;0;1;0;0;0;0;0;1;1;0;0;0;0;0;0;0;1;0;1;0;0;7;2;0;4;3;0;1;0;1;0;0;0;0;adaptiveResidentStrategy;300;aborted_300_rounds;0;0;1;1
989;330;1;3;0;1;0;0;0;0;0;1;1;0;0;0;0;0;0;0;1;0;1;0;0;7;2;0;3;1;3;0;1;0;0;1;0;0;adaptiveResidentStrategy;300;aborted_300_rounds;0;0;1;1
990;330;2;1;1;1;0;0;0;0;0;1;1;0;0;0;0;0;0;0;1;0;1;0;0;7;2;0;3;1;1;2;2;0;0;0;0;0;factoryVariety;300;aborted_300_rounds;0;-8;2;0
991;331;0;3;0;0;0;0;0;0;0;0;1;1;1;0;0;0;1;0;1;0;0;0;0;7;2;0;5;2;1;0;1;0;0;0;0;0;explorationFocus;300;aborted_300_rounds;0;-14;2;0
992;331;1;1;1;0;0;0;0;0;0;0;1;1;1;0;0;0;1;0;1;0;0;0;0;7;2;0;5;2;0;1;1;0;0;0;0;0;adaptiveResidentStrategy;300;aborted_300_rounds;0;-8;1;1
993;331;2;2;0;0;0;0;0;0;0;0;1;1;1;0;0;0;1;0;1;0;0;0;0;7;2;0;1;2;4;0;2;0;0;0;0;0;adaptiveResidentStrategy;300;aborted_300_rounds;0;-8;1;1
994;332;0;3;0;1;1;0;0;0;0;1;0;0;0;0;0;0;0;0;1;0;0;0;1;7;2;0;5;0;2;0;0;0;1;0;1;0;balanced;300;aborted_300_rounds;0;4;2;0
995;332;1;1;1;1;1;0;0;0;0;1;0;0;0;0;0;0;0;0;1;0;0;0;1;7;2;0;5;2;1;0;1;0;0;0;0;0;adaptiveResidentStrategy;300;aborted_300_rounds;0;10;1;1
996;332;2;2;0;1;1;0;0;0;0;1;0;0;0;0;0;0;0;0;1;0;0;0;1;7;2;0;4;3;0;1;0;0;1;0;0;0;shipBuilding;300;aborted_300_rounds;0;4;2;0
997;333;0;1;1;1;0;0;0;1;0;1;0;1;0;0;0;0;0;0;0;0;0;1;0;7;2;0;4;0;2;1;0;1;0;1;0;0;explorationFocus;300;aborted_300_rounds;0;18;1;1
998;333;1;2;0;1;0;0;0;1;0;1;0;1;0;0;0;0;0;0;0;0;0;1;0;7;2;0;4;2;0;1;1;0;1;0;0;0;shipBuilding;300;aborted_300_rounds;0;18;1;1
999;333;2;3;0;1;0;0;0;1;0;1;0;1;0;0;0;0;0;0;0;0;0;1;0;7;2;0;3;0;1;3;1;0;0;0;1;0;balanced;300;aborted_300_rounds;0;18;1;1
1000;334;0;3;0;1;0;1;0;0;0;0;0;0;0;0;1;0;0;0;1;0;1;0;0;7;2;0;4;1;2;0;0;0;1;0;1;0;eliteResidentProduction;300;aborted_300_rounds;0;-18;1;1
1001;334;1;1;1;1;0;1;0;0;0;0;0;0;0;0;1;0;0;0;1;0;1;0;0;7;2;0;4;1;2;0;0;0;1;1;0;0;explorationFocus;300;aborted_300_rounds;0;-18;1;1
1002;334;2;2;0;1;0;1;0;0;0;0;0;0;0;0;1;0;0;0;1;0;1;0;0;7;2;0;5;2;1;0;0;0;0;1;0;0;shipBuilding;300;aborted_300_rounds;0;-26;2;0
